{
    "fbQuantBase": [
        3,
        5,
        3
    ],
    "fbQuantCrash": [
        2,
        1,
        2,
        2,
        1,
        1,
        1,
        1,
        1,
        2,
        2,
        1,
        1,
        1,
        2,
        2,
        1,
        1,
        1,
        2,
        1,
        1,
        2,
        1,
        1,
        1,
        2,
        1,
        1,
        1,
        1,
        1,
        1
    ],
    "goalProgCrashThreshold": [
        0.8402641497747312,
        0.9998449689948343,
        0.20741469321787048,
        0.6880657381053663,
        0.3908560894693717,
        0.6073615477013723,
        0.9911721176887731,
        0.7737700671414054,
        0.9335716275489492,
        0.5430387128731102,
        0.23805006598200135,
        0.4889683107865042,
        0.40933891161217595,
        0.4755631855063806,
        0.8825425090205716,
        0.6882503299498541,
        0.4674541616805017,
        0.9028531149357613,
        0.6428883375404524,
        0.34138107789972716,
        0.7738837999185202,
        0.8273002857603404,
        0.34544153277397993,
        0.2473116321906561,
        0.3957539203552771,
        0.7121638055066482,
        0.6071039632924893,
        0.222014411890496,
        0.8000196944227376,
        0.46219002130444276,
        0.6789658479710323,
        0.9094318091348514,
        0.4936792183349608
    ],
    "stim0": [
        1,
        0,
        2,
        3,
        2,
        1,
        2,
        1,
        0,
        1,
        0,
        3,
        1,
        3,
        3,
        1,
        0,
        3,
        1,
        2,
        3,
        1,
        3,
        0,
        2,
        1,
        2,
        0,
        1,
        3,
        0,
        0,
        0,
        2,
        2,
        0,
        0,
        1,
        3,
        3,
        2,
        0,
        1,
        0,
        0,
        3,
        2,
        0,
        0,
        3,
        1,
        0,
        0,
        2,
        0,
        0,
        2,
        1,
        1,
        2,
        3,
        0,
        0,
        0,
        3,
        0,
        0,
        0,
        1,
        0,
        1,
        2,
        0,
        3,
        1,
        0,
        3,
        0,
        0,
        2,
        2,
        2,
        3,
        0,
        1,
        1,
        3,
        2,
        3,
        3,
        3,
        2,
        1,
        0,
        1,
        3,
        1,
        3,
        1
    ],
    "size0": [
        20,
        17,
        19
    ],
    "rule0": [
        3
    ],
    "corKey0": [
        0,
        0,
        1,
        1,
        1,
        0,
        1,
        0,
        0,
        0,
        0,
        1,
        0,
        1,
        1,
        0,
        0,
        1,
        0,
        1,
        1,
        0,
        1,
        0,
        1,
        0,
        1,
        0,
        0,
        1,
        0,
        0,
        0,
        1,
        1,
        0,
        0,
        0,
        1,
        1,
        1,
        0,
        0,
        0,
        0,
        1,
        1,
        0,
        0,
        1,
        0,
        0,
        0,
        1,
        0,
        0,
        1,
        0,
        0,
        1,
        1,
        0,
        0,
        0,
        1,
        0,
        0,
        0,
        0,
        0,
        0,
        1,
        0,
        1,
        0,
        0,
        1,
        0,
        0,
        1,
        1,
        1,
        1,
        0,
        0,
        0,
        1,
        1,
        1,
        1,
        1,
        1,
        0,
        0,
        0,
        1,
        0,
        1,
        0
    ],
    "size1": [
        13,
        14,
        13
    ],
    "rule1": [
        0
    ],
    "corKey1": [
        1,
        0,
        0,
        1,
        0,
        1,
        0,
        1,
        0,
        1,
        0,
        1,
        1,
        1,
        1,
        1,
        0,
        1,
        1,
        0,
        1,
        1,
        1,
        0,
        0,
        1,
        0,
        0,
        1,
        1,
        0,
        0,
        0,
        0,
        0,
        0,
        0,
        1,
        1,
        1,
        0,
        0,
        1,
        0,
        0,
        1,
        0,
        0,
        0,
        1,
        1,
        0,
        0,
        0,
        0,
        0,
        0,
        1,
        1,
        0,
        1,
        0,
        0,
        0,
        1,
        0,
        0,
        0,
        1,
        0,
        1,
        0,
        0,
        1,
        1,
        0,
        1,
        0,
        0,
        0,
        0,
        0,
        1,
        0,
        1,
        1,
        1,
        0,
        1,
        1,
        1,
        0,
        1,
        0,
        1,
        1,
        1,
        1,
        1
    ],
    "size2": [
        14,
        14,
        18
    ],
    "rule2": [
        3
    ],
    "corKey2": [
        0,
        0,
        1,
        1,
        1,
        0,
        1,
        0,
        0,
        0,
        0,
        1,
        0,
        1,
        1,
        0,
        0,
        1,
        0,
        1,
        1,
        0,
        1,
        0,
        1,
        0,
        1,
        0,
        0,
        1,
        0,
        0,
        0,
        1,
        1,
        0,
        0,
        0,
        1,
        1,
        1,
        0,
        0,
        0,
        0,
        1,
        1,
        0,
        0,
        1,
        0,
        0,
        0,
        1,
        0,
        0,
        1,
        0,
        0,
        1,
        1,
        0,
        0,
        0,
        1,
        0,
        0,
        0,
        0,
        0,
        0,
        1,
        0,
        1,
        0,
        0,
        1,
        0,
        0,
        1,
        1,
        1,
        1,
        0,
        0,
        0,
        1,
        1,
        1,
        1,
        1,
        1,
        0,
        0,
        0,
        1,
        0,
        1,
        0
    ],
    "size3": [
        16,
        10,
        12
    ],
    "rule3": [
        0
    ],
    "corKey3": [
        1,
        0,
        0,
        1,
        0,
        1,
        0,
        1,
        0,
        1,
        0,
        1,
        1,
        1,
        1,
        1,
        0,
        1,
        1,
        0,
        1,
        1,
        1,
        0,
        0,
        1,
        0,
        0,
        1,
        1,
        0,
        0,
        0,
        0,
        0,
        0,
        0,
        1,
        1,
        1,
        0,
        0,
        1,
        0,
        0,
        1,
        0,
        0,
        0,
        1,
        1,
        0,
        0,
        0,
        0,
        0,
        0,
        1,
        1,
        0,
        1,
        0,
        0,
        0,
        1,
        0,
        0,
        0,
        1,
        0,
        1,
        0,
        0,
        1,
        1,
        0,
        1,
        0,
        0,
        0,
        0,
        0,
        1,
        0,
        1,
        1,
        1,
        0,
        1,
        1,
        1,
        0,
        1,
        0,
        1,
        1,
        1,
        1,
        1
    ],