{
    "fbQuantBase": [
        3,
        5,
        3
    ],
    "size0": [
        10,
        16,
        10
    ],
    "size1": [
        10,
        16,
        10
    ],
    "size2": [
        10,
        16,
        10
    ],
    "size3": [
        10,
        16,
        10
    ],
    "fbQuantCrash": [
        1,
        1,
        2,
        2,
        1,
        2,
        1,
        1,
        1,
        1,
        2,
        2,
        2,
        1,
        1,
        2,
        2,
        1,
        1,
        2,
        2,
        2,
        1,
        2,
        2,
        2,
        1,
        2,
        1,
        2,
        2,
        2,
        1,
        1,
        1,
        2,
        2,
        2,
        1,
        2,
        2,
        1,
        2,
        1,
        1,
        2,
        2,
        1,
        2,
        1,
        1,
        1,
        2,
        1,
        1,
        1,
        1,
        1,
        2,
        2,
        2,
        2,
        1,
        2,
        1,
        2,
        1,
        2,
        2,
        2,
        1,
        1,
        2,
        2,
        2,
        2,
        2,
        1,
        2,
        1,
        2,
        2,
        1,
        1,
        2,
        2,
        2,
        2,
        2,
        2,
        2,
        1,
        2,
        2,
        2,
        1,
        1,
        1,
        1,
        2
    ],
    "goalProgCrashThreshold": [
        0.21980515578637247,
        0.904528422117514,
        0.2717844247839327,
        0.7972493699937317,
        0.3302569166390813,
        0.8396946065794133,
        0.5392832851915417,
        0.6091107686611807,
        0.5156473593027224,
        0.4459589754020886,
        0.5809184844421879,
        0.8764669938170566,
        0.9280315085007405,
        0.3144864723049898,
        0.8198719156797958,
        0.7932922622913443,
        0.48870157088011457,
        0.9840034007707088,
        0.24117189625551774,
        0.9792363161092834,
        0.9126281967632965,
        0.6978048797625958,
        0.5731621297022218,
        0.5218726661581092,
        0.8296582003609687,
        0.3313487757447221,
        0.7602586563560576,
        0.6984648461218657,
        0.8267407762918062,
        0.7014928532515807,
        0.20363509340429228,
        0.5626049420842025,
        0.44222408356188725,
        0.9423145458054438,
        0.3154080944198217,
        0.948883917432676,
        0.306780988054478,
        0.5085477820009479,
        0.41774398206901886,
        0.6205165218538227,
        0.4610100156561334,
        0.691160136916382,
        0.20342532792004084,
        0.34925863169648674,
        0.5444350643468059,
        0.3077709773222832,
        0.26635382712491557,
        0.5368502098423035,
        0.2118140114721511,
        0.28337015218200223,
        0.40733184854702176,
        0.7359005550264233,
        0.2506218683455793,
        0.753507487673521,
        0.2632238336119313,
        0.9474989470328614,
        0.49379669966908885,
        0.8887527328560125,
        0.31390052064600565,
        0.7428646971717179,
        0.4910044572127632,
        0.36863644930701256,
        0.6251091003096525,
        0.5010248943261648,
        0.684542169983371,
        0.21820411085667102,
        0.927083330222499,
        0.3827836684467365,
        0.8989378949137155,
        0.6228222157366279,
        0.42304019161689577,
        0.39037250735396073,
        0.5960473483418536,
        0.5789103299690105,
        0.21706205783783875,
        0.695325374220012,
        0.4135926743681282,
        0.5689816041684415,
        0.775822646873155,
        0.5960925432118493,
        0.6496426433038929,
        0.3511992264272298,
        0.8182049712455073,
        0.8079139120765282,
        0.3219519620146142,
        0.7043523023725267,
        0.9810217744863994,
        0.7774801601505863,
        0.92820485764358,
        0.8575029859527898,
        0.27818777246011506,
        0.7410255017992475,
        0.6793986596507953,
        0.6493091328338352,
        0.8148839720047516,
        0.9919698872282299,
        0.3104567704626813,
        0.38692830156310487,
        0.4664293877040795,
        0.7485815273508576
    ],
    "stim0": [
        2,
        3,
        0,
        1,
        0,
        2,
        3,
        3,
        2,
        3,
        0,
        2,
        3,
        2,
        2,
        2,
        1,
        2,
        2,
        3,
        0,
        0,
        1,
        0,
        0,
        0,
        0,
        2,
        0,
        3,
        0,
        3,
        3,
        3,
        2,
        1,
        0,
        0,
        1,
        3,
        2,
        0,
        2,
        1,
        3,
        1,
        2,
        2,
        0,
        3,
        2,
        2,
        1,
        2,
        1,
        1,
        3,
        2,
        2,
        1,
        1,
        3,
        1,
        3,
        0,
        3,
        0,
        3,
        0,
        3,
        1,
        2,
        2,
        3,
        3,
        1,
        0,
        1,
        3,
        0,
        2,
        0,
        3,
        1,
        0,
        2,
        1,
        1,
        2,
        0,
        3,
        3,
        3,
        2,
        3,
        1,
        2,
        2,
        1,
        0
    ],
    "rule0": [
        0
    ],
    "corKey0": [
        0,
        1,
        0,
        1,
        0,
        0,
        1,
        1,
        0,
        1,
        0,
        0,
        1,
        0,
        0,
        0,
        1,
        0,
        0,
        1,
        0,
        0,
        1,
        0,
        0,
        0,
        0,
        0,
        0,
        1,
        0,
        1,
        1,
        1,
        0,
        1,
        0,
        0,
        1,
        1,
        0,
        0,
        0,
        1,
        1,
        1,
        0,
        0,
        0,
        1,
        0,
        0,
        1,
        0,
        1,
        1,
        1,
        0,
        0,
        1,
        1,
        1,
        1,
        1,
        0,
        1,
        0,
        1,
        0,
        1,
        1,
        0,
        0,
        1,
        1,
        1,
        0,
        1,
        1,
        0,
        0,
        0,
        1,
        1,
        0,
        0,
        1,
        1,
        0,
        0,
        1,
        1,
        1,
        0,
        1,
        1,
        0,
        0,
        1,
        0
    ],
    "rule1": [
        0
    ],
    "corKey1": [
        0,
        1,
        0,
        1,
        0,
        0,
        1,
        1,
        0,
        1,
        0,
        0,
        1,
        0,
        0,
        0,
        1,
        0,
        0,
        1,
        0,
        0,
        1,
        0,
        0,
        0,
        0,
        0,
        0,
        1,
        0,
        1,
        1,
        1,
        0,
        1,
        0,
        0,
        1,
        1,
        0,
        0,
        0,
        1,
        1,
        1,
        0,
        0,
        0,
        1,
        0,
        0,
        1,
        0,
        1,
        1,
        1,
        0,
        0,
        1,
        1,
        1,
        1,
        1,
        0,
        1,
        0,
        1,
        0,
        1,
        1,
        0,
        0,
        1,
        1,
        1,
        0,
        1,
        1,
        0,
        0,
        0,
        1,
        1,
        0,
        0,
        1,
        1,
        0,
        0,
        1,
        1,
        1,
        0,
        1,
        1,
        0,
        0,
        1,
        0
    ],
    "rule2": [
        3
    ],