{
    "fbQuantBase": [
        3,
        5,
        3
    ],
    "fbQuantCrash": [
        2,
        2,
        2,
        2,
        1,
        2,
        2,
        1,
        2,
        1,
        1,
        1,
        1,
        2,
        2,
        1,
        1,
        1,
        2,
        2,
        1,
        1,
        1,
        2,
        1,
        2,
        1,
        1,
        1,
        1,
        2,
        1,
        2
    ],
    "goalProgCrashThreshold": [
        0.924664746532665,
        0.584362325924533,
        0.24989773887065425,
        0.4930320912953275,
        0.3524027881477319,
        0.9760276430574282,
        0.2677585120998373,
        0.6507392103704391,
        0.7634414657992561,
        0.6918328806574736,
        0.7184920828883223,
        0.5434884147077628,
        0.2966899815561266,
        0.8723296341196234,
        0.2263835067705353,
        0.7675734816994999,
        0.5303699577147702,
        0.6578254760832516,
        0.5928777494339357,
        0.6300839467418352,
        0.9721044120253388,
        0.7935773355209066,
        0.3135822900212626,
        0.8983837762966373,
        0.42585635984846104,
        0.8272550529916125,
        0.7379423955377014,
        0.9910708820250356,
        0.5094265169831498,
        0.2440997232732503,
        0.3040207933517799,
        0.5122752009691713,
        0.26410552718039615
    ],
    "stim0": [
        0,
        3,
        0,
        0,
        2,
        0,
        1,
        3,
        2,
        1,
        0,
        1,
        0,
        1,
        0,
        2,
        1,
        3,
        2,
        0,
        2,
        3,
        1,
        2,
        2,
        1,
        0,
        1,
        3,
        3,
        3,
        3,
        0,
        3,
        0,
        2,
        1,
        1,
        1,
        2,
        1,
        2,
        0,
        1,
        1,
        0,
        3,
        3,
        0,
        3,
        0,
        2,
        1,
        0,
        2,
        1,
        2,
        0,
        2,
        2,
        2,
        3,
        1,
        2,
        0,
        1,
        3,
        2,
        1,
        2,
        3,
        0,
        0,
        2,
        0,
        0,
        2,
        1,
        1,
        1,
        3,
        0,
        3,
        1,
        1,
        3,
        2,
        3,
        3,
        2,
        1,
        1,
        2,
        3,
        3,
        2,
        1,
        3,
        2
    ],
    "size0": [
        10,
        16,
        16
    ],
    "rule0": [
        0
    ],
    "corKey0": [
        0,
        1,
        0,
        0,
        0,
        0,
        1,
        1,
        0,
        1,
        0,
        1,
        0,
        1,
        0,
        0,
        1,
        1,
        0,
        0,
        0,
        1,
        1,
        0,
        0,
        1,
        0,
        1,
        1,
        1,
        1,
        1,
        0,
        1,
        0,
        0,
        1,
        1,
        1,
        0,
        1,
        0,
        0,
        1,
        1,
        0,
        1,
        1,
        0,
        1,
        0,
        0,
        1,
        0,
        0,
        1,
        0,
        0,
        0,
        0,
        0,
        1,
        1,
        0,
        0,
        1,
        1,
        0,
        1,
        0,
        1,
        0,
        0,
        0,
        0,
        0,
        0,
        1,
        1,
        1,
        1,
        0,
        1,
        1,
        1,
        1,
        0,
        1,
        1,
        0,
        1,
        1,
        0,
        1,
        1,
        0,
        1,
        1,
        0
    ],
    "size1": [
        17,
        15,
        12
    ],
    "rule1": [
        2
    ],
    "corKey1": [
        1,
        0,
        1,
        1,
        0,
        1,
        1,
        0,
        0,
        1,
        1,
        1,
        1,
        1,
        1,
        0,
        1,
        0,
        0,
        1,
        0,
        0,
        1,
        0,
        0,
        1,
        1,
        1,
        0,
        0,
        0,
        0,
        1,
        0,
        1,
        0,
        1,
        1,
        1,
        0,
        1,
        0,
        1,
        1,
        1,
        1,
        0,
        0,
        1,
        0,
        1,
        0,
        1,
        1,
        0,
        1,
        0,
        1,
        0,
        0,
        0,
        0,
        1,
        0,
        1,
        1,
        0,
        0,
        1,
        0,
        0,
        1,
        1,
        0,
        1,
        1,
        0,
        1,
        1,
        1,
        0,
        1,
        0,
        1,
        1,
        0,
        0,
        0,
        0,
        0,
        1,
        1,
        0,
        0,
        0,
        0,
        1,
        0,
        0
    ],
    "size2": [
        14,
        15,
        11
    ],
    "rule2": [
        2
    ],
    "corKey2": [
        1,
        0,
        1,
        1,
        0,
        1,
        1,
        0,
        0,
        1,
        1,
        1,
        1,
        1,
        1,
        0,
        1,
        0,
        0,
        1,
        0,
        0,
        1,
        0,
        0,
        1,
        1,
        1,
        0,
        0,
        0,
        0,
        1,
        0,
        1,
        0,
        1,
        1,
        1,
        0,
        1,
        0,
        1,
        1,
        1,
        1,
        0,
        0,
        1,
        0,
        1,
        0,
        1,
        1,
        0,
        1,
        0,
        1,
        0,
        0,
        0,
        0,
        1,
        0,
        1,
        1,
        0,
        0,
        1,
        0,
        0,
        1,
        1,
        0,
        1,
        1,
        0,
        1,
        1,
        1,
        0,
        1,
        0,
        1,
        1,
        0,
        0,
        0,
        0,
        0,
        1,
        1,
        0,
        0,
        0,
        0,
        1,
        0,
        0
    ],
    "size3": [
        15,
        14,
        20
    ],
    "rule3": [
        0
    ],
    "corKey3": [
        0,
        1,
        0,
        0,
        0,
        0,
        1,
        1,
        0,
        1,
        0,
        1,
        0,
        1,
        0,
        0,
        1,
        1,
        0,
        0,
        0,
        1,
        1,
        0,
        0,
        1,
        0,
        1,
        1,
        1,
        1,
        1,
        0,
        1,
        0,
        0,
        1,
        1,
        1,
        0,
        1,
        0,
        0,
        1,
        1,
        0,
        1,
        1,
        0,
        1,
        0,
        0,
        1,
        0,
        0,
        1,
        0,
        0,
        0,
        0,
        0,
        1,
        1,
        0,
        0,
        1,
        1,
        0,
        1,
        0,
        1,
        0,
        0,
        0,
        0,
        0,
        0,
        1,
        1,
        1,
        1,
        0,
        1,
        1,
        1,
        1,
        0,
        1,
        1,
        0,
        1,
        1,
        0,
        1,
        1,
        0,
        1,
        1,
        0
    ],