{
    "fbQuantBase": [
        3,
        5,
        3
    ],
    "fbQuantCrash": [
        2,
        1,
        2,
        1,
        1,
        1,
        1,
        1,
        1,
        1,
        2,
        1,
        1,
        1,
        1,
        1,
        2,
        1,
        1,
        2,
        2,
        1,
        2,
        1,
        2,
        2,
        1,
        2,
        2,
        1,
        2,
        2,
        1
    ],
    "goalProgCrashThreshold": [
        0.4957581135897292,
        0.4687981434715209,
        0.5689327733485223,
        0.4092332323830877,
        0.9662073827816315,
        0.5357579770184226,
        0.6535433674546318,
        0.47776969884477244,
        0.6665848897334476,
        0.8925646695734828,
        0.8930095800757738,
        0.7420793420975025,
        0.8362985603406792,
        0.7867462691915748,
        0.6938090168560338,
        0.20270841695471065,
        0.3581220849924295,
        0.7138710107304436,
        0.45193479452804647,
        0.4950992491291726,
        0.7076158326316817,
        0.2481582629383758,
        0.9069446742779146,
        0.9987283936142437,
        0.6067846647859401,
        0.472147693825686,
        0.9616173717029979,
        0.32808599219636203,
        0.890088836068246,
        0.6770096173563933,
        0.9849056430021446,
        0.8108041923457601,
        0.733554949885314
    ],
    "stim0": [
        2,
        0,
        0,
        2,
        1,
        3,
        3,
        0,
        0,
        1,
        0,
        0,
        2,
        0,
        3,
        1,
        2,
        0,
        0,
        0,
        3,
        2,
        2,
        3,
        3,
        1,
        0,
        0,
        1,
        3,
        0,
        0,
        2,
        0,
        2,
        3,
        2,
        2,
        2,
        3,
        0,
        0,
        1,
        1,
        0,
        1,
        3,
        0,
        2,
        2,
        2,
        3,
        3,
        1,
        1,
        2,
        0,
        3,
        0,
        0,
        1,
        3,
        0,
        2,
        1,
        3,
        3,
        2,
        2,
        2,
        3,
        3,
        3,
        1,
        0,
        1,
        3,
        3,
        0,
        0,
        1,
        3,
        2,
        3,
        1,
        3,
        3,
        2,
        2,
        1,
        1,
        2,
        2,
        0,
        3,
        3,
        0,
        3,
        0
    ],
    "size0": [
        15,
        14,
        20
    ],
    "rule0": [
        1
    ],
    "corKey0": [
        1,
        1,
        1,
        1,
        0,
        0,
        0,
        1,
        1,
        0,
        1,
        1,
        1,
        1,
        0,
        0,
        1,
        1,
        1,
        1,
        0,
        1,
        1,
        0,
        0,
        0,
        1,
        1,
        0,
        0,
        1,
        1,
        1,
        1,
        1,
        0,
        1,
        1,
        1,
        0,
        1,
        1,
        0,
        0,
        1,
        0,
        0,
        1,
        1,
        1,
        1,
        0,
        0,
        0,
        0,
        1,
        1,
        0,
        1,
        1,
        0,
        0,
        1,
        1,
        0,
        0,
        0,
        1,
        1,
        1,
        0,
        0,
        0,
        0,
        1,
        0,
        0,
        0,
        1,
        1,
        0,
        0,
        1,
        0,
        0,
        0,
        0,
        1,
        1,
        0,
        0,
        1,
        1,
        1,
        0,
        0,
        1,
        0,
        1
    ],
    "size1": [
        18,
        13,
        19
    ],
    "rule1": [
        1
    ],
    "corKey1": [
        1,
        1,
        1,
        1,
        0,
        0,
        0,
        1,
        1,
        0,
        1,
        1,
        1,
        1,
        0,
        0,
        1,
        1,
        1,
        1,
        0,
        1,
        1,
        0,
        0,
        0,
        1,
        1,
        0,
        0,
        1,
        1,
        1,
        1,
        1,
        0,
        1,
        1,
        1,
        0,
        1,
        1,
        0,
        0,
        1,
        0,
        0,
        1,
        1,
        1,
        1,
        0,
        0,
        0,
        0,
        1,
        1,
        0,
        1,
        1,
        0,
        0,
        1,
        1,
        0,
        0,
        0,
        1,
        1,
        1,
        0,
        0,
        0,
        0,
        1,
        0,
        0,
        0,
        1,
        1,
        0,
        0,
        1,
        0,
        0,
        0,
        0,
        1,
        1,
        0,
        0,
        1,
        1,
        1,
        0,
        0,
        1,
        0,
        1
    ],
    "size2": [
        17,
        11,
        15
    ],
    "rule2": [
        3
    ],
    "corKey2": [
        1,
        0,
        0,
        1,
        0,
        1,
        1,
        0,
        0,
        0,
        0,
        0,
        1,
        0,
        1,
        0,
        1,
        0,
        0,
        0,
        1,
        1,
        1,
        1,
        1,
        0,
        0,
        0,
        0,
        1,
        0,
        0,
        1,
        0,
        1,
        1,
        1,
        1,
        1,
        1,
        0,
        0,
        0,
        0,
        0,
        0,
        1,
        0,
        1,
        1,
        1,
        1,
        1,
        0,
        0,
        1,
        0,
        1,
        0,
        0,
        0,
        1,
        0,
        1,
        0,
        1,
        1,
        1,
        1,
        1,
        1,
        1,
        1,
        0,
        0,
        0,
        1,
        1,
        0,
        0,
        0,
        1,
        1,
        1,
        0,
        1,
        1,
        1,
        1,
        0,
        0,
        1,
        1,
        0,
        1,
        1,
        0,
        1,
        0
    ],
    "size3": [
        19,
        10,
        15
    ],
    "rule3": [
        3
    ],
    "corKey3": [
        1,
        0,
        0,
        1,
        0,
        1,
        1,
        0,
        0,
        0,
        0,
        0,
        1,
        0,
        1,
        0,
        1,
        0,
        0,
        0,
        1,
        1,
        1,
        1,
        1,
        0,
        0,
        0,
        0,
        1,
        0,
        0,
        1,
        0,
        1,
        1,
        1,
        1,
        1,
        1,
        0,
        0,
        0,
        0,
        0,
        0,
        1,
        0,
        1,
        1,
        1,
        1,
        1,
        0,
        0,
        1,
        0,
        1,
        0,
        0,
        0,
        1,
        0,
        1,
        0,
        1,
        1,
        1,
        1,
        1,
        1,
        1,
        1,
        0,
        0,
        0,
        1,
        1,
        0,
        0,
        0,
        1,
        1,
        1,
        0,
        1,
        1,
        1,
        1,
        0,
        0,
        1,
        1,
        0,
        1,
        1,
        0,
        1,
        0
    ],