{
    "fbQuantBase": [
        3,
        5,
        3
    ],
    "size0": [
        10,
        16,
        10
    ],
    "size1": [
        10,
        16,
        10
    ],
    "size2": [
        10,
        16,
        10
    ],
    "size3": [
        10,
        16,
        10
    ],
    "fbQuantCrash": [
        2,
        1,
        1,
        1,
        2,
        2,
        1,
        2,
        2,
        2,
        2,
        2,
        2,
        2,
        2,
        2,
        1,
        2,
        2,
        2,
        1,
        1,
        1,
        1,
        2,
        2,
        2,
        2,
        2,
        2,
        2,
        2,
        2,
        2,
        2,
        2,
        1,
        2,
        1,
        2,
        1,
        2,
        1,
        1,
        1,
        1,
        1,
        2,
        2,
        1,
        1,
        2,
        2,
        1,
        2,
        2,
        1,
        2,
        2,
        1,
        1,
        2,
        1,
        2,
        1,
        1,
        2,
        1,
        1,
        2,
        2,
        2,
        1,
        2,
        1,
        2,
        1,
        2,
        2,
        1,
        1,
        1,
        2,
        2,
        2,
        1,
        1,
        2,
        1,
        1,
        1,
        1,
        1,
        2,
        2,
        2,
        1,
        2,
        1,
        1
    ],
    "goalProgCrashThreshold": [
        0.8203596015341998,
        0.20036369633363427,
        0.46256963524707406,
        0.39807815435163607,
        0.5222698243242921,
        0.29739246921796875,
        0.9419951951534971,
        0.2608688626717679,
        0.4913272484920723,
        0.9227681324414125,
        0.8102507051052956,
        0.6596002964655533,
        0.9780523529029088,
        0.47679878451526136,
        0.8515702736499708,
        0.9624963571971581,
        0.7759766512086279,
        0.6393330170125999,
        0.25534388921021445,
        0.20699786499050257,
        0.7534878438078618,
        0.550039628890915,
        0.5803940742588887,
        0.3795909136763063,
        0.6006165607999965,
        0.741881671093445,
        0.5734342207271037,
        0.46233926107976137,
        0.9932359948410092,
        0.31340208675765635,
        0.9464670615773445,
        0.6898314327402866,
        0.35581485783282185,
        0.5170931880295289,
        0.6830411266751845,
        0.44301284199504753,
        0.9151324561125593,
        0.9505790168895603,
        0.9546297556683343,
        0.2062000186028759,
        0.8470443018540355,
        0.5189673974544027,
        0.6742780466499769,
        0.5181823005159357,
        0.5213753192507802,
        0.6795403625756085,
        0.5183203102006724,
        0.29011456046988143,
        0.23252066778995087,
        0.8369704674817515,
        0.4821953129370101,
        0.8626699065032646,
        0.6042978009502875,
        0.7711982154755039,
        0.9327243153401097,
        0.9373660491661944,
        0.22854640148272073,
        0.5601661847944766,
        0.6996254275490374,
        0.5290209596860005,
        0.2641872778732043,
        0.20059002706791668,
        0.9082648088433598,
        0.46179779138356836,
        0.6835850944928548,
        0.5163489179111453,
        0.7170637769568067,
        0.7787864828732742,
        0.5260752481712974,
        0.9544656714922428,
        0.6098333845729396,
        0.4485440374320974,
        0.9767686893702574,
        0.9594830936526093,
        0.9413731181662721,
        0.792031611367191,
        0.2516612449727121,
        0.7377767827012984,
        0.44308076616383385,
        0.6675227764424345,
        0.35788601142279525,
        0.3086433275605147,
        0.36042970120176965,
        0.9406760522147828,
        0.5519382965495365,
        0.748390842795585,
        0.8977635721595543,
        0.32493893868822205,
        0.901173995820781,
        0.9838400113471446,
        0.7944418582042216,
        0.68447306583559,
        0.8457910722286219,
        0.501991952251009,
        0.7333830392691041,
        0.9197936256373387,
        0.7591305705083244,
        0.9064552785777018,
        0.2944282750317795,
        0.9284591633931754
    ],
    "stim0": [
        1,
        3,
        2,
        1,
        3,
        2,
        1,
        1,
        0,
        2,
        1,
        3,
        3,
        0,
        1,
        1,
        1,
        2,
        0,
        2,
        3,
        1,
        2,
        3,
        1,
        3,
        2,
        0,
        3,
        0,
        2,
        2,
        2,
        3,
        3,
        3,
        0,
        1,
        3,
        3,
        2,
        0,
        3,
        0,
        3,
        3,
        3,
        3,
        1,
        1,
        2,
        0,
        1,
        3,
        3,
        0,
        0,
        1,
        0,
        0,
        0,
        1,
        2,
        1,
        1,
        0,
        0,
        1,
        3,
        2,
        3,
        0,
        3,
        3,
        2,
        0,
        0,
        2,
        1,
        3,
        1,
        1,
        1,
        0,
        3,
        1,
        0,
        1,
        1,
        3,
        3,
        1,
        2,
        2,
        3,
        2,
        2,
        3,
        2,
        1
    ],
    "rule0": [
        3
    ],
    "corKey0": [
        0,
        1,
        1,
        0,
        1,
        1,
        0,
        0,
        0,
        1,
        0,
        1,
        1,
        0,
        0,
        0,
        0,
        1,
        0,
        1,
        1,
        0,
        1,
        1,
        0,
        1,
        1,
        0,
        1,
        0,
        1,
        1,
        1,
        1,
        1,
        1,
        0,
        0,
        1,
        1,
        1,
        0,
        1,
        0,
        1,
        1,
        1,
        1,
        0,
        0,
        1,
        0,
        0,
        1,
        1,
        0,
        0,
        0,
        0,
        0,
        0,
        0,
        1,
        0,
        0,
        0,
        0,
        0,
        1,
        1,
        1,
        0,
        1,
        1,
        1,
        0,
        0,
        1,
        0,
        1,
        0,
        0,
        0,
        0,
        1,
        0,
        0,
        0,
        0,
        1,
        1,
        0,
        1,
        1,
        1,
        1,
        1,
        1,
        1,
        0
    ],
    "rule1": [
        1
    ],
    "corKey1": [
        0,
        0,
        1,
        0,
        0,
        1,
        0,
        0,
        1,
        1,
        0,
        0,
        0,
        1,
        0,
        0,
        0,
        1,
        1,
        1,
        0,
        0,
        1,
        0,
        0,
        0,
        1,
        1,
        0,
        1,
        1,
        1,
        1,
        0,
        0,
        0,
        1,
        0,
        0,
        0,
        1,
        1,
        0,
        1,
        0,
        0,
        0,
        0,
        0,
        0,
        1,
        1,
        0,
        0,
        0,
        1,
        1,
        0,
        1,
        1,
        1,
        0,
        1,
        0,
        0,
        1,
        1,
        0,
        0,
        1,
        0,
        1,
        0,
        0,
        1,
        1,
        1,
        1,
        0,
        0,
        0,
        0,
        0,
        1,
        0,
        0,
        1,
        0,
        0,
        0,
        0,
        0,
        1,
        1,
        0,
        1,
        1,
        0,
        1,
        0
    ],
    "rule2": [
        3
    ],