{
    "fbQuantBase": [
        3,
        5,
        3
    ],
    "size0": [
        10,
        16,
        10
    ],
    "size1": [
        10,
        16,
        10
    ],
    "size2": [
        10,
        16,
        10
    ],
    "size3": [
        10,
        16,
        10
    ],
    "fbQuantCrash": [
        2,
        2,
        1,
        1,
        2,
        1,
        1,
        1,
        1,
        1,
        2,
        1,
        1,
        2,
        2,
        2,
        1,
        2,
        2,
        1,
        2,
        2,
        1,
        2,
        2,
        2,
        1,
        2,
        2,
        2,
        2,
        2,
        2,
        1,
        1,
        1,
        1,
        1,
        1,
        1,
        2,
        1,
        2,
        2,
        1,
        1,
        1,
        2,
        1,
        1,
        1,
        1,
        2,
        1,
        2,
        1,
        2,
        1,
        1,
        2,
        2,
        2,
        1,
        2,
        1,
        2,
        1,
        2,
        1,
        2,
        1,
        1,
        1,
        1,
        2,
        2,
        2,
        2,
        2,
        1,
        2,
        2,
        2,
        2,
        1,
        1,
        2,
        1,
        1,
        2,
        2,
        1,
        2,
        2,
        2,
        1,
        2,
        1,
        2,
        1
    ],
    "goalProgCrashThreshold": [
        0.6466253161148493,
        0.8497092947067222,
        0.8768066631992857,
        0.5835295337652986,
        0.9433440988215518,
        0.2645640261343533,
        0.9370155670164955,
        0.853656984317851,
        0.4416679792483807,
        0.8776928379389124,
        0.5575525056655362,
        0.3542768275706927,
        0.8867226449552179,
        0.3950120570646427,
        0.7516691709709662,
        0.8204804041891014,
        0.6842809540070434,
        0.8333983983670787,
        0.25154084739891314,
        0.7048647930333698,
        0.6280345579274972,
        0.39276845527565457,
        0.36277157686851275,
        0.8209730705098799,
        0.38338612151956647,
        0.560791456698323,
        0.3123982926609992,
        0.7158270168239185,
        0.5670478932923482,
        0.3944036551542513,
        0.7701954376367586,
        0.439651439991599,
        0.7165354860425732,
        0.3597114671978928,
        0.8805396169519553,
        0.2458374991444738,
        0.7177292674794431,
        0.5099373439066348,
        0.9083906613988026,
        0.5417454464311813,
        0.7626825617685162,
        0.9687745717909069,
        0.6328613901177659,
        0.5412869798751296,
        0.34774962091745754,
        0.575716602041525,
        0.291646305099589,
        0.9838552218522985,
        0.5167809294786097,
        0.5382462376376017,
        0.3636391325858697,
        0.5045281864770496,
        0.7218051930092837,
        0.5491052418942651,
        0.6692157953265744,
        0.6597092107629927,
        0.7247270101426557,
        0.974037405851444,
        0.8932971627175346,
        0.8088670826367268,
        0.8094028963397637,
        0.3438627197387144,
        0.4117544510887945,
        0.9442455757222445,
        0.6277804940634988,
        0.8483625993690986,
        0.3917836490850147,
        0.23168772408311,
        0.8691009341062998,
        0.32035789286145144,
        0.8058838604978411,
        0.21076595199030282,
        0.9899412040431634,
        0.511874011996052,
        0.9356252928245183,
        0.4337987078123325,
        0.6122435687852614,
        0.8388031537643823,
        0.22222214025458253,
        0.5364404892616625,
        0.2930759742083888,
        0.9812757327058985,
        0.562659551396736,
        0.9273621865947643,
        0.28680392583407865,
        0.8471151764703244,
        0.7999266071844389,
        0.21414238084579287,
        0.3495520780625542,
        0.4781515355622797,
        0.2848050217385007,
        0.5661473782368687,
        0.49257590258619377,
        0.6282819332032701,
        0.5730312678391942,
        0.5089299084848272,
        0.2169539448653345,
        0.9970492268473048,
        0.8117794331113697,
        0.6352845441853252
    ],
    "stim0": [
        3,
        1,
        2,
        2,
        3,
        3,
        0,
        3,
        0,
        3,
        3,
        2,
        1,
        0,
        3,
        1,
        3,
        0,
        1,
        3,
        3,
        3,
        1,
        3,
        2,
        2,
        2,
        1,
        0,
        0,
        2,
        1,
        2,
        1,
        2,
        3,
        3,
        1,
        2,
        1,
        2,
        2,
        0,
        2,
        0,
        1,
        2,
        1,
        2,
        0,
        1,
        1,
        3,
        1,
        0,
        3,
        0,
        1,
        1,
        0,
        3,
        2,
        2,
        1,
        3,
        1,
        3,
        1,
        2,
        3,
        1,
        3,
        0,
        3,
        2,
        2,
        1,
        3,
        0,
        0,
        0,
        2,
        1,
        3,
        1,
        0,
        0,
        2,
        0,
        0,
        2,
        0,
        2,
        2,
        0,
        3,
        2,
        0,
        3,
        0
    ],
    "rule0": [
        0
    ],
    "corKey0": [
        1,
        1,
        0,
        0,
        1,
        1,
        0,
        1,
        0,
        1,
        1,
        0,
        1,
        0,
        1,
        1,
        1,
        0,
        1,
        1,
        1,
        1,
        1,
        1,
        0,
        0,
        0,
        1,
        0,
        0,
        0,
        1,
        0,
        1,
        0,
        1,
        1,
        1,
        0,
        1,
        0,
        0,
        0,
        0,
        0,
        1,
        0,
        1,
        0,
        0,
        1,
        1,
        1,
        1,
        0,
        1,
        0,
        1,
        1,
        0,
        1,
        0,
        0,
        1,
        1,
        1,
        1,
        1,
        0,
        1,
        1,
        1,
        0,
        1,
        0,
        0,
        1,
        1,
        0,
        0,
        0,
        0,
        1,
        1,
        1,
        0,
        0,
        0,
        0,
        0,
        0,
        0,
        0,
        0,
        0,
        1,
        0,
        0,
        1,
        0
    ],
    "rule1": [
        3
    ],
    "corKey1": [
        1,
        0,
        1,
        1,
        1,
        1,
        0,
        1,
        0,
        1,
        1,
        1,
        0,
        0,
        1,
        0,
        1,
        0,
        0,
        1,
        1,
        1,
        0,
        1,
        1,
        1,
        1,
        0,
        0,
        0,
        1,
        0,
        1,
        0,
        1,
        1,
        1,
        0,
        1,
        0,
        1,
        1,
        0,
        1,
        0,
        0,
        1,
        0,
        1,
        0,
        0,
        0,
        1,
        0,
        0,
        1,
        0,
        0,
        0,
        0,
        1,
        1,
        1,
        0,
        1,
        0,
        1,
        0,
        1,
        1,
        0,
        1,
        0,
        1,
        1,
        1,
        0,
        1,
        0,
        0,
        0,
        1,
        0,
        1,
        0,
        0,
        0,
        1,
        0,
        0,
        1,
        0,
        1,
        1,
        0,
        1,
        1,
        0,
        1,
        0
    ],
    "rule2": [
        3
    ],