{
    "fbQuantBase": [
        3,
        5,
        3
    ],
    "fbQuantCrash": [
        2,
        1,
        2,
        1,
        1,
        1,
        2,
        2,
        1,
        1,
        1,
        2,
        2,
        1,
        2,
        1,
        1,
        1,
        1,
        1,
        1,
        2,
        1,
        1,
        2,
        1,
        1,
        2,
        2,
        2,
        1,
        1,
        1,
        1,
        1,
        2,
        2,
        2,
        1,
        1,
        1,
        1,
        2,
        2,
        2,
        1,
        2,
        1,
        1,
        2,
        1,
        2,
        1,
        1,
        1,
        1,
        1,
        2,
        1,
        1,
        1,
        2,
        2,
        1,
        1,
        2,
        1,
        1,
        2,
        2,
        2,
        1,
        2,
        2,
        1,
        1,
        1,
        2,
        2,
        1
    ],
    "goalProgCrashThreshold": [
        0.8509943969129341,
        0.7499036049545127,
        0.8847665113918539,
        0.3007954248469502,
        0.29595850427105064,
        0.3562635301032304,
        0.7344118427869151,
        0.49186849348594397,
        0.7450858581387116,
        0.5953591216363178,
        0.8074571800381214,
        0.8055459275444883,
        0.5693999091145986,
        0.35986580536997703,
        0.881719772131718,
        0.9734042676954027,
        0.2351256196614477,
        0.8620562938099423,
        0.22780927861440914,
        0.64918919189132,
        0.33867289151913826,
        0.7334905150371978,
        0.6343145515333495,
        0.6841387983092204,
        0.4099617573960698,
        0.9803849902430051,
        0.9884324192789025,
        0.3791688468592669,
        0.7838454230452536,
        0.5678334787803366,
        0.5465449807974363,
        0.9647043907337303,
        0.8713913731373837,
        0.4613865947611422,
        0.32901273593018293,
        0.8028627400294752,
        0.3331800579977629,
        0.8710124284308527,
        0.5794274858976085,
        0.5752536069149399,
        0.5669516933513005,
        0.2994830865923054,
        0.38915293985530924,
        0.2856409882835622,
        0.8267896468318348,
        0.7219814815534971,
        0.5912726685314367,
        0.9465400727283404,
        0.21125047349405757,
        0.27225973125769926,
        0.47182785947219935,
        0.7850024000897899,
        0.21413895196115523,
        0.4139677791461561,
        0.32309125045461595,
        0.5656201401349936,
        0.3567912823445767,
        0.44425641190531373,
        0.7635411861997643,
        0.21929314804094446,
        0.4294940615630613,
        0.8688114824313276,
        0.8637844807081263,
        0.6955958686663504,
        0.34383433918133366,
        0.9814898879090532,
        0.8468399416886729,
        0.9035853812866228,
        0.5722595522952474,
        0.2625884279578058,
        0.6574413074148123,
        0.2247950271942859,
        0.9100183833983475,
        0.9927107897507621,
        0.7143108644698011,
        0.20927692608488827,
        0.36801297995442966,
        0.26369868397620205,
        0.7341324504412803,
        0.504044294455239
    ],
    "stim0": [
        3,
        0,
        0,
        1,
        0,
        3,
        2,
        2,
        2,
        1,
        1,
        1,
        0,
        1,
        0,
        1,
        0,
        2,
        0,
        2,
        0,
        2,
        1,
        3,
        3,
        0,
        3,
        3,
        3,
        2,
        0,
        1,
        3,
        0,
        2,
        2,
        2,
        1,
        0,
        1,
        3,
        0,
        3,
        3,
        2,
        3,
        0,
        3,
        2,
        2,
        0,
        2,
        0,
        2,
        0,
        2,
        3,
        0,
        3,
        0,
        1,
        3,
        0,
        1,
        2,
        2,
        0,
        0,
        0,
        3,
        1,
        0,
        3,
        2,
        1,
        2,
        2,
        0,
        1,
        2,
        0,
        2,
        3,
        0,
        1,
        2,
        1,
        0,
        2,
        0,
        2,
        2,
        1,
        3,
        1,
        1,
        1,
        0,
        2,
        3,
        3,
        2,
        1,
        0,
        2,
        3,
        1,
        0,
        3,
        1,
        0,
        1,
        2,
        0,
        1,
        0,
        2,
        0,
        3,
        3,
        0,
        2,
        3,
        1,
        1,
        1,
        2,
        1,
        0,
        2,
        1,
        1,
        1,
        1,
        0,
        3,
        3,
        0,
        2,
        1,
        0,
        2,
        2,
        2,
        0,
        1,
        1,
        3,
        1,
        2,
        3,
        2,
        2,
        2,
        3,
        2,
        1,
        1,
        2,
        3,
        2,
        1,
        1,
        0,
        2,
        2,
        3,
        2,
        1,
        2,
        3,
        3,
        0,
        1,
        1,
        1,
        1,
        3,
        2,
        0,
        2,
        2,
        0,
        0,
        0,
        0,
        1,
        1,
        0,
        1,
        0,
        2,
        1,
        1,
        3,
        3,
        2,
        3,
        3,
        0,
        0,
        3,
        1,
        2,
        2,
        1,
        1,
        2,
        3,
        1,
        3,
        1,
        3,
        3,
        0,
        1,
        2,
        3,
        2,
        0,
        0,
        1,
        2,
        1,
        0,
        3,
        3,
        2,
        0,
        3,
        3,
        3,
        0,
        3,
        0,
        3,
        0,
        1,
        0,
        1
    ],
    "size0": [
        14,
        17,
        11
    ],
    "rule0": [
        1
    ],