{
    "fbQuantBase": [
        3,
        5,
        3
    ],
    "fbQuantCrash": [
        2,
        1,
        2,
        1,
        1,
        1,
        1,
        2,
        1,
        2,
        2,
        2,
        2,
        1,
        2,
        1,
        2,
        1,
        2,
        2,
        2,
        2,
        1,
        1,
        1,
        1,
        2,
        1,
        2,
        1,
        2,
        2,
        2
    ],
    "goalProgCrashThreshold": [
        0.6468884793425986,
        0.9903471772502701,
        0.48711563873100716,
        0.26688197247785334,
        0.3800139097890298,
        0.8937673936199693,
        0.23538215196944706,
        0.8789323634657524,
        0.5140022146950003,
        0.782786750349908,
        0.9178527228305673,
        0.7566777260518645,
        0.568191500967971,
        0.9593807494138802,
        0.7866246025189698,
        0.3474668133921792,
        0.6842658986249261,
        0.2510078802280156,
        0.7385883683644374,
        0.562467614227445,
        0.663519432079215,
        0.718267070538688,
        0.42224119706574614,
        0.4628358663185709,
        0.8655792253453123,
        0.6985264933091675,
        0.21315083002012125,
        0.5050836270756744,
        0.2136417559093852,
        0.8449958631977623,
        0.7550648170247085,
        0.3373523657509404,
        0.9023447323520428
    ],
    "stim0": [
        3,
        3,
        1,
        0,
        1,
        3,
        3,
        0,
        3,
        2,
        3,
        2,
        1,
        3,
        0,
        3,
        1,
        0,
        1,
        1,
        2,
        3,
        3,
        3,
        0,
        1,
        1,
        1,
        3,
        3,
        0,
        1,
        3,
        0,
        0,
        2,
        0,
        1,
        1,
        3,
        0,
        2,
        0,
        0,
        1,
        1,
        3,
        2,
        0,
        3,
        0,
        3,
        1,
        2,
        1,
        3,
        2,
        0,
        1,
        2,
        0,
        0,
        0,
        0,
        0,
        3,
        3,
        1,
        2,
        2,
        2,
        3,
        2,
        1,
        0,
        1,
        0,
        2,
        3,
        2,
        2,
        3,
        0,
        2,
        1,
        1,
        0,
        2,
        1,
        3,
        1,
        2,
        3,
        1,
        0,
        2,
        0,
        1,
        0
    ],
    "size0": [
        18,
        11,
        15
    ],
    "rule0": [
        3
    ],
    "corKey0": [
        1,
        1,
        0,
        0,
        0,
        1,
        1,
        0,
        1,
        1,
        1,
        1,
        0,
        1,
        0,
        1,
        0,
        0,
        0,
        0,
        1,
        1,
        1,
        1,
        0,
        0,
        0,
        0,
        1,
        1,
        0,
        0,
        1,
        0,
        0,
        1,
        0,
        0,
        0,
        1,
        0,
        1,
        0,
        0,
        0,
        0,
        1,
        1,
        0,
        1,
        0,
        1,
        0,
        1,
        0,
        1,
        1,
        0,
        0,
        1,
        0,
        0,
        0,
        0,
        0,
        1,
        1,
        0,
        1,
        1,
        1,
        1,
        1,
        0,
        0,
        0,
        0,
        1,
        1,
        1,
        1,
        1,
        0,
        1,
        0,
        0,
        0,
        1,
        0,
        1,
        0,
        1,
        1,
        0,
        0,
        1,
        0,
        0,
        0
    ],
    "size1": [
        15,
        17,
        17
    ],
    "rule1": [
        0
    ],
    "corKey1": [
        1,
        1,
        1,
        0,
        1,
        1,
        1,
        0,
        1,
        0,
        1,
        0,
        1,
        1,
        0,
        1,
        1,
        0,
        1,
        1,
        0,
        1,
        1,
        1,
        0,
        1,
        1,
        1,
        1,
        1,
        0,
        1,
        1,
        0,
        0,
        0,
        0,
        1,
        1,
        1,
        0,
        0,
        0,
        0,
        1,
        1,
        1,
        0,
        0,
        1,
        0,
        1,
        1,
        0,
        1,
        1,
        0,
        0,
        1,
        0,
        0,
        0,
        0,
        0,
        0,
        1,
        1,
        1,
        0,
        0,
        0,
        1,
        0,
        1,
        0,
        1,
        0,
        0,
        1,
        0,
        0,
        1,
        0,
        0,
        1,
        1,
        0,
        0,
        1,
        1,
        1,
        0,
        1,
        1,
        0,
        0,
        0,
        1,
        0
    ],
    "size2": [
        15,
        14,
        14
    ],
    "rule2": [
        3
    ],
    "corKey2": [
        1,
        1,
        0,
        0,
        0,
        1,
        1,
        0,
        1,
        1,
        1,
        1,
        0,
        1,
        0,
        1,
        0,
        0,
        0,
        0,
        1,
        1,
        1,
        1,
        0,
        0,
        0,
        0,
        1,
        1,
        0,
        0,
        1,
        0,
        0,
        1,
        0,
        0,
        0,
        1,
        0,
        1,
        0,
        0,
        0,
        0,
        1,
        1,
        0,
        1,
        0,
        1,
        0,
        1,
        0,
        1,
        1,
        0,
        0,
        1,
        0,
        0,
        0,
        0,
        0,
        1,
        1,
        0,
        1,
        1,
        1,
        1,
        1,
        0,
        0,
        0,
        0,
        1,
        1,
        1,
        1,
        1,
        0,
        1,
        0,
        0,
        0,
        1,
        0,
        1,
        0,
        1,
        1,
        0,
        0,
        1,
        0,
        0,
        0
    ],
    "size3": [
        10,
        13,
        20
    ],
    "rule3": [
        0
    ],
    "corKey3": [
        1,
        1,
        1,
        0,
        1,
        1,
        1,
        0,
        1,
        0,
        1,
        0,
        1,
        1,
        0,
        1,
        1,
        0,
        1,
        1,
        0,
        1,
        1,
        1,
        0,
        1,
        1,
        1,
        1,
        1,
        0,
        1,
        1,
        0,
        0,
        0,
        0,
        1,
        1,
        1,
        0,
        0,
        0,
        0,
        1,
        1,
        1,
        0,
        0,
        1,
        0,
        1,
        1,
        0,
        1,
        1,
        0,
        0,
        1,
        0,
        0,
        0,
        0,
        0,
        0,
        1,
        1,
        1,
        0,
        0,
        0,
        1,
        0,
        1,
        0,
        1,
        0,
        0,
        1,
        0,
        0,
        1,
        0,
        0,
        1,
        1,
        0,
        0,
        1,
        1,
        1,
        0,
        1,
        1,
        0,
        0,
        0,
        1,
        0
    ],