{
    "fbQuantBase": [
        3,
        5,
        3
    ],
    "fbQuantCrash": [
        1,
        1,
        2,
        2,
        2,
        1,
        1,
        2,
        2,
        2,
        1,
        1,
        2,
        2,
        2,
        1,
        1,
        2,
        1,
        2,
        2,
        1,
        1,
        2,
        1,
        2,
        1,
        1,
        2,
        2,
        1,
        1,
        2,
        2,
        2,
        1,
        2,
        1,
        1,
        2,
        2,
        2,
        2,
        2,
        2,
        1,
        2,
        1,
        2,
        2,
        2,
        2,
        1,
        1,
        1,
        2,
        1,
        2,
        1,
        1,
        1,
        2,
        1,
        2,
        2,
        2,
        2,
        1,
        1,
        2,
        1,
        2,
        1,
        1,
        2,
        1,
        1,
        1,
        1,
        2
    ],
    "goalProgCrashThreshold": [
        0.4142416258896964,
        0.4371121442793,
        0.258911076555169,
        0.598660797172892,
        0.49296141398808135,
        0.6143770573490461,
        0.7718401501471948,
        0.7734498082810093,
        0.2775593898687653,
        0.5899774325550122,
        0.4885376052166172,
        0.8026194871774082,
        0.3035036518332825,
        0.9346501998537751,
        0.7320957222499704,
        0.42793701061939926,
        0.8511540290505908,
        0.3514058890855621,
        0.5154118628256015,
        0.658105681568535,
        0.5904878109515066,
        0.3919280936095554,
        0.30542164621539636,
        0.595238294303472,
        0.2855567881904474,
        0.71265430391519,
        0.29245591567857404,
        0.3589753177110039,
        0.8367664325719437,
        0.7436616215452543,
        0.8354646342946184,
        0.4034686551020724,
        0.8509025495616189,
        0.4247348505980406,
        0.918227564123032,
        0.4898896189036694,
        0.6566486953360068,
        0.5694722466637435,
        0.20933272111400322,
        0.4387141968966467,
        0.7664276953228868,
        0.5778068239745849,
        0.9319739133580758,
        0.4156128544511849,
        0.37856338169006376,
        0.2236694315080767,
        0.8125101894189359,
        0.46815384522486625,
        0.827952003045827,
        0.7932512708112951,
        0.879434829325499,
        0.8559321540361584,
        0.6419335996265125,
        0.6420285853786991,
        0.853626799330897,
        0.4622856186397177,
        0.3785592973176902,
        0.5426996404818762,
        0.28679479311748884,
        0.9037295231093709,
        0.8267477879909473,
        0.20707864060326175,
        0.7137171651077021,
        0.5154469077724598,
        0.6426438440260209,
        0.25086190507510975,
        0.2740271495526203,
        0.4350294164270829,
        0.44655918754917034,
        0.3529966980351333,
        0.7588682191042444,
        0.4704130796414709,
        0.8250136204849581,
        0.6281774708786811,
        0.49096655002973383,
        0.9795474955071246,
        0.3496079994370176,
        0.7488102911674017,
        0.7349311642328773,
        0.655912711521828
    ],
    "stim0": [
        1,
        2,
        0,
        3,
        1,
        0,
        1,
        3,
        0,
        3,
        3,
        2,
        0,
        2,
        3,
        2,
        0,
        1,
        3,
        0,
        3,
        1,
        0,
        1,
        3,
        2,
        0,
        3,
        2,
        0,
        0,
        0,
        1,
        1,
        3,
        0,
        3,
        0,
        1,
        3,
        2,
        2,
        0,
        1,
        0,
        3,
        3,
        0,
        3,
        0,
        1,
        3,
        1,
        2,
        2,
        1,
        0,
        1,
        2,
        0,
        0,
        1,
        3,
        3,
        1,
        3,
        3,
        0,
        1,
        2,
        3,
        3,
        0,
        3,
        1,
        0,
        2,
        0,
        0,
        3,
        0,
        1,
        3,
        2,
        3,
        1,
        1,
        3,
        3,
        3,
        3,
        3,
        0,
        1,
        1,
        2,
        1,
        0,
        0,
        2,
        2,
        2,
        0,
        0,
        2,
        3,
        2,
        0,
        3,
        0,
        1,
        3,
        1,
        1,
        2,
        2,
        0,
        0,
        0,
        2,
        1,
        2,
        1,
        2,
        1,
        3,
        3,
        0,
        2,
        2,
        2,
        3,
        2,
        3,
        3,
        1,
        1,
        1,
        2,
        1,
        1,
        3,
        3,
        3,
        0,
        3,
        0,
        3,
        1,
        1,
        2,
        1,
        3,
        2,
        0,
        3,
        2,
        2,
        3,
        0,
        0,
        3,
        1,
        3,
        3,
        2,
        2,
        3,
        1,
        1,
        3,
        3,
        1,
        3,
        3,
        0,
        3,
        3,
        2,
        2,
        3,
        2,
        2,
        3,
        1,
        2,
        3,
        1,
        3,
        1,
        0,
        3,
        2,
        1,
        1,
        3,
        0,
        1,
        2,
        0,
        3,
        2,
        1,
        1,
        0,
        1,
        1,
        2,
        1,
        1,
        1,
        1,
        2,
        3,
        2,
        1,
        1,
        0,
        3,
        1,
        2,
        0,
        2,
        1,
        0,
        2,
        0,
        3,
        2,
        2,
        2,
        1,
        3,
        1,
        1,
        0,
        1,
        3,
        3,
        1
    ],
    "size0": [
        14,
        16,
        19
    ],
    "rule0": [
        0
    ],