{
    "fbQuantBase": [
        3,
        5,
        3
    ],
    "size0": [
        10,
        16,
        10
    ],
    "size1": [
        10,
        16,
        10
    ],
    "size2": [
        10,
        16,
        10
    ],
    "size3": [
        10,
        16,
        10
    ],
    "fbQuantCrash": [
        2,
        1,
        2,
        1,
        1,
        1,
        2,
        2,
        2,
        1,
        2,
        2,
        1,
        1,
        1,
        2,
        2,
        1,
        2,
        1,
        1,
        1,
        2,
        2,
        2,
        1,
        2,
        1,
        1,
        2,
        1,
        2,
        1,
        1,
        1,
        2,
        2,
        1,
        1,
        2,
        2,
        1,
        1,
        2,
        2,
        2,
        1,
        2,
        1,
        2,
        2,
        1,
        2,
        1,
        1,
        2,
        1,
        2,
        2,
        1,
        2,
        2,
        2,
        1,
        1,
        2,
        1,
        2,
        1,
        2,
        2,
        1,
        2,
        1,
        1,
        2,
        2,
        1,
        2,
        1,
        1,
        2,
        1,
        1,
        2,
        2,
        2,
        1,
        2,
        2,
        2,
        1,
        1,
        2,
        1,
        2,
        2,
        2,
        2,
        1
    ],
    "goalProgCrashThreshold": [
        0.23619316479800467,
        0.8838406275233952,
        0.6275876761500432,
        0.8810334083847413,
        0.6415403725875213,
        0.5401561633354344,
        0.7848495473680148,
        0.25863842900175443,
        0.8466864251841415,
        0.9756166836842803,
        0.5466263116761931,
        0.697225356902549,
        0.6517921373835526,
        0.4174526462362187,
        0.7535504877142991,
        0.5175768561569707,
        0.7833215038825527,
        0.9951521564034678,
        0.9068266321510563,
        0.9755257662639836,
        0.4029596291980251,
        0.29354842262591796,
        0.9827947911861543,
        0.5381732996914115,
        0.9543770932160687,
        0.7821636311534117,
        0.2893109752223418,
        0.579262598873477,
        0.43652056668285283,
        0.4450917324263708,
        0.7753243465248225,
        0.8056559330504127,
        0.7131281777715788,
        0.27215494225128395,
        0.44111550666575117,
        0.9095675784312953,
        0.32839979970996647,
        0.5072361146186879,
        0.8252153115549965,
        0.6069824349006132,
        0.7566155292649934,
        0.7422314767756171,
        0.2420233107194635,
        0.6848091710859006,
        0.8429987710041358,
        0.5548017484665644,
        0.37632419140845635,
        0.5203334720513976,
        0.7290249718644486,
        0.49453435422825065,
        0.5850822193514436,
        0.5275067119589041,
        0.9234719814975929,
        0.763225957138945,
        0.5812551818157841,
        0.25336360410203373,
        0.5965550117775504,
        0.7291261764458326,
        0.8481287058229723,
        0.28913771830632157,
        0.20568667558934228,
        0.3623790024696789,
        0.7687528120850124,
        0.9477131109750236,
        0.5426156438833323,
        0.8580526420309602,
        0.8458886272508848,
        0.34544729803265406,
        0.6349182964709131,
        0.8832101088754747,
        0.49314402033948995,
        0.5025812105939802,
        0.3385459339038144,
        0.27130952136101333,
        0.6763713204430993,
        0.4037815533318739,
        0.6975604581287889,
        0.26768869790488925,
        0.39774442606712257,
        0.7612787487150723,
        0.33315183248759395,
        0.2715388399388289,
        0.5616781451595357,
        0.8796939815897835,
        0.496863955308944,
        0.8906260876378165,
        0.407468130764715,
        0.4075840117973517,
        0.8699237655246461,
        0.6499671674145443,
        0.7563922340882896,
        0.922882335385746,
        0.5589693083616551,
        0.6162671498227845,
        0.5612479942786985,
        0.396289870601518,
        0.9773004183563618,
        0.205157911986234,
        0.4430040086646628,
        0.9133280313019658
    ],
    "stim0": [
        2,
        3,
        1,
        0,
        3,
        3,
        2,
        1,
        2,
        2,
        3,
        0,
        3,
        1,
        0,
        0,
        0,
        3,
        1,
        1,
        3,
        3,
        0,
        0,
        2,
        1,
        3,
        1,
        0,
        0,
        1,
        0,
        0,
        2,
        2,
        2,
        3,
        2,
        3,
        1,
        0,
        1,
        2,
        1,
        0,
        0,
        3,
        0,
        1,
        3,
        0,
        2,
        3,
        1,
        2,
        2,
        0,
        3,
        1,
        0,
        1,
        0,
        3,
        2,
        2,
        0,
        0,
        2,
        2,
        1,
        3,
        3,
        1,
        1,
        1,
        2,
        0,
        0,
        2,
        2,
        3,
        2,
        1,
        3,
        1,
        3,
        1,
        0,
        1,
        1,
        2,
        1,
        0,
        1,
        2,
        3,
        3,
        2,
        2,
        3
    ],
    "rule0": [
        0
    ],
    "corKey0": [
        0,
        1,
        1,
        0,
        1,
        1,
        0,
        1,
        0,
        0,
        1,
        0,
        1,
        1,
        0,
        0,
        0,
        1,
        1,
        1,
        1,
        1,
        0,
        0,
        0,
        1,
        1,
        1,
        0,
        0,
        1,
        0,
        0,
        0,
        0,
        0,
        1,
        0,
        1,
        1,
        0,
        1,
        0,
        1,
        0,
        0,
        1,
        0,
        1,
        1,
        0,
        0,
        1,
        1,
        0,
        0,
        0,
        1,
        1,
        0,
        1,
        0,
        1,
        0,
        0,
        0,
        0,
        0,
        0,
        1,
        1,
        1,
        1,
        1,
        1,
        0,
        0,
        0,
        0,
        0,
        1,
        0,
        1,
        1,
        1,
        1,
        1,
        0,
        1,
        1,
        0,
        1,
        0,
        1,
        0,
        1,
        1,
        0,
        0,
        1
    ],
    "rule1": [
        2
    ],
    "corKey1": [
        0,
        0,
        1,
        1,
        0,
        0,
        0,
        1,
        0,
        0,
        0,
        1,
        0,
        1,
        1,
        1,
        1,
        0,
        1,
        1,
        0,
        0,
        1,
        1,
        0,
        1,
        0,
        1,
        1,
        1,
        1,
        1,
        1,
        0,
        0,
        0,
        0,
        0,
        0,
        1,
        1,
        1,
        0,
        1,
        1,
        1,
        0,
        1,
        1,
        0,
        1,
        0,
        0,
        1,
        0,
        0,
        1,
        0,
        1,
        1,
        1,
        1,
        0,
        0,
        0,
        1,
        1,
        0,
        0,
        1,
        0,
        0,
        1,
        1,
        1,
        0,
        1,
        1,
        0,
        0,
        0,
        0,
        1,
        0,
        1,
        0,
        1,
        1,
        1,
        1,
        0,
        1,
        1,
        1,
        0,
        0,
        0,
        0,
        0,
        0
    ],
    "rule2": [
        0
    ],