{
    "fbQuantBase": [
        3,
        5,
        3
    ],
    "size0": [
        10,
        16,
        10
    ],
    "size1": [
        10,
        16,
        10
    ],
    "size2": [
        10,
        16,
        10
    ],
    "size3": [
        10,
        16,
        10
    ],
    "fbQuantCrash": [
        1,
        1,
        2,
        2,
        1,
        1,
        2,
        2,
        1,
        1,
        2,
        2,
        2,
        1,
        1,
        1,
        1,
        1,
        1,
        2,
        1,
        2,
        2,
        2,
        1,
        2,
        1,
        2,
        1,
        1,
        1,
        2,
        1,
        2,
        1,
        1,
        1,
        2,
        2,
        1,
        2,
        2,
        2,
        2,
        2,
        2,
        1,
        1,
        2,
        1,
        1,
        2,
        1,
        2,
        2,
        1,
        1,
        1,
        2,
        2,
        2,
        2,
        1,
        2,
        1,
        1,
        1,
        1,
        2,
        2,
        2,
        2,
        2,
        2,
        2,
        1,
        2,
        1,
        2,
        2,
        2,
        1,
        1,
        1,
        2,
        2,
        2,
        1,
        1,
        2,
        1,
        2,
        2,
        2,
        1,
        1,
        1,
        1,
        1,
        1
    ],
    "goalProgCrashThreshold": [
        0.962177833564076,
        0.5748716456509941,
        0.2732301410993393,
        0.80212377302627,
        0.6391441824652692,
        0.31216570423044704,
        0.20076599958166996,
        0.3059766984207092,
        0.29943224191343076,
        0.5658224457612522,
        0.9643892852789162,
        0.4710624383285305,
        0.8967704143721995,
        0.28807402060883336,
        0.9109460652721633,
        0.7238018017562049,
        0.8164542800645169,
        0.56653390765027,
        0.3991501819410849,
        0.23254768496777425,
        0.6015145624631646,
        0.7533370556005343,
        0.40013197641581794,
        0.24870424097684385,
        0.6722713129698611,
        0.8115106639103067,
        0.3364242613191902,
        0.8472161284246982,
        0.6977887191414043,
        0.9005460811251067,
        0.35415459351604056,
        0.5681710481402323,
        0.8772922744404614,
        0.8914994770420213,
        0.478581075119602,
        0.3124098818033731,
        0.3368999589967526,
        0.9029568507702996,
        0.951266313016202,
        0.8397728886086948,
        0.9223330364488984,
        0.39973685693096644,
        0.4330494060875261,
        0.40058606762700716,
        0.7711198920450013,
        0.22786611581401353,
        0.9542458528534798,
        0.4130300233065997,
        0.20041752497925103,
        0.7861628468747479,
        0.4921006221708717,
        0.6509565948099909,
        0.5978205404123393,
        0.7163976102342968,
        0.5609620936196396,
        0.8964411561249817,
        0.7473552732798885,
        0.4696280822732048,
        0.5659104167830137,
        0.647168712675896,
        0.8461155064614074,
        0.41742975363963475,
        0.4141786619276501,
        0.2989102629079393,
        0.619831763211317,
        0.8133068368032619,
        0.6227835646367186,
        0.7357738817441004,
        0.6948250925833237,
        0.876886792584012,
        0.7175667186393742,
        0.3605767756181559,
        0.510997071396863,
        0.8565089408079785,
        0.6734119458968302,
        0.5565036076245198,
        0.5986828066769636,
        0.6244293904809644,
        0.4310582882132279,
        0.5019169600008417,
        0.39058678239359096,
        0.7823716379261274,
        0.9093156079372222,
        0.8579624458990625,
        0.999953931481486,
        0.4048350379374081,
        0.3035850610878993,
        0.9454696425511888,
        0.40666871344509536,
        0.6185309014376428,
        0.7833531386197026,
        0.3239084300497461,
        0.37849925840756565,
        0.34738741242956117,
        0.34508430904293297,
        0.8199224223474562,
        0.8963647760090521,
        0.7366833220655058,
        0.7597537397147305,
        0.32238904891987546
    ],
    "stim0": [
        1,
        2,
        3,
        3,
        0,
        2,
        2,
        3,
        2,
        0,
        2,
        1,
        2,
        0,
        2,
        3,
        0,
        1,
        2,
        3,
        3,
        3,
        2,
        1,
        3,
        0,
        3,
        3,
        1,
        3,
        0,
        3,
        2,
        3,
        0,
        1,
        0,
        1,
        2,
        0,
        1,
        1,
        0,
        0,
        1,
        1,
        3,
        1,
        2,
        1,
        1,
        1,
        0,
        3,
        3,
        2,
        2,
        0,
        3,
        1,
        3,
        2,
        1,
        1,
        1,
        1,
        1,
        0,
        3,
        3,
        2,
        3,
        2,
        2,
        0,
        2,
        0,
        1,
        0,
        0,
        0,
        2,
        2,
        1,
        3,
        1,
        3,
        3,
        2,
        0,
        3,
        2,
        1,
        2,
        2,
        0,
        2,
        0,
        1,
        0
    ],
    "rule0": [
        2
    ],
    "corKey0": [
        1,
        0,
        0,
        0,
        1,
        0,
        0,
        0,
        0,
        1,
        0,
        1,
        0,
        1,
        0,
        0,
        1,
        1,
        0,
        0,
        0,
        0,
        0,
        1,
        0,
        1,
        0,
        0,
        1,
        0,
        1,
        0,
        0,
        0,
        1,
        1,
        1,
        1,
        0,
        1,
        1,
        1,
        1,
        1,
        1,
        1,
        0,
        1,
        0,
        1,
        1,
        1,
        1,
        0,
        0,
        0,
        0,
        1,
        0,
        1,
        0,
        0,
        1,
        1,
        1,
        1,
        1,
        1,
        0,
        0,
        0,
        0,
        0,
        0,
        1,
        0,
        1,
        1,
        1,
        1,
        1,
        0,
        0,
        1,
        0,
        1,
        0,
        0,
        0,
        1,
        0,
        0,
        1,
        0,
        0,
        1,
        0,
        1,
        1,
        1
    ],
    "rule1": [
        0
    ],
    "corKey1": [
        1,
        0,
        1,
        1,
        0,
        0,
        0,
        1,
        0,
        0,
        0,
        1,
        0,
        0,
        0,
        1,
        0,
        1,
        0,
        1,
        1,
        1,
        0,
        1,
        1,
        0,
        1,
        1,
        1,
        1,
        0,
        1,
        0,
        1,
        0,
        1,
        0,
        1,
        0,
        0,
        1,
        1,
        0,
        0,
        1,
        1,
        1,
        1,
        0,
        1,
        1,
        1,
        0,
        1,
        1,
        0,
        0,
        0,
        1,
        1,
        1,
        0,
        1,
        1,
        1,
        1,
        1,
        0,
        1,
        1,
        0,
        1,
        0,
        0,
        0,
        0,
        0,
        1,
        0,
        0,
        0,
        0,
        0,
        1,
        1,
        1,
        1,
        1,
        0,
        0,
        1,
        0,
        1,
        0,
        0,
        0,
        0,
        0,
        1,
        0
    ],
    "rule2": [
        2
    ],