{
    "fbQuantBase": [
        3,
        5,
        3
    ],
    "size0": [
        10,
        16,
        10
    ],
    "size1": [
        10,
        16,
        10
    ],
    "size2": [
        10,
        16,
        10
    ],
    "size3": [
        10,
        16,
        10
    ],
    "fbQuantCrash": [
        1,
        1,
        2,
        2,
        2,
        1,
        1,
        2,
        2,
        1,
        2,
        2,
        2,
        1,
        1,
        2,
        2,
        1,
        1,
        1,
        1,
        1,
        1,
        2,
        1,
        1,
        1,
        1,
        1,
        2,
        2,
        2,
        2,
        1,
        2,
        2,
        1,
        2,
        2,
        1,
        1,
        2,
        2,
        2,
        2,
        2,
        1,
        2,
        1,
        1,
        1,
        2,
        2,
        2,
        1,
        1,
        2,
        2,
        2,
        1,
        2,
        1,
        2,
        2,
        1,
        1,
        1,
        2,
        1,
        2,
        2,
        1,
        1,
        1,
        2,
        1,
        2,
        1,
        2,
        1,
        2,
        1,
        2,
        2,
        1,
        2,
        1,
        2,
        2,
        2,
        1,
        2,
        1,
        2,
        1,
        1,
        1,
        2,
        1,
        2
    ],
    "goalProgCrashThreshold": [
        0.6342540307055236,
        0.5899215940441938,
        0.6475115421491227,
        0.5641578732512317,
        0.5445993961158844,
        0.6869966095669043,
        0.4846566365506715,
        0.415454699689207,
        0.7483322358795554,
        0.9753358298890331,
        0.5901779841005218,
        0.8000000400236273,
        0.8427296163521654,
        0.619739044888836,
        0.2500010482969704,
        0.4646042039383882,
        0.3083241908010643,
        0.24975395498163222,
        0.9693720985532084,
        0.7899295819371539,
        0.4004331365392559,
        0.2124248911624579,
        0.3742591037262143,
        0.8760536715046168,
        0.7014296702142104,
        0.3375378093231881,
        0.6757288291411583,
        0.26729039786602027,
        0.6381163322750243,
        0.5813445198188671,
        0.5083408654497874,
        0.7940536438599646,
        0.6314866416304097,
        0.6178659625673257,
        0.9711191834037978,
        0.4738651651579464,
        0.41466603225766197,
        0.27665238889711263,
        0.8593649592367758,
        0.6063472639195502,
        0.4962555454954572,
        0.9109076852566638,
        0.4588174359069293,
        0.9853799303291306,
        0.6513644945738293,
        0.3761192060173212,
        0.8189993896492187,
        0.45579709046720995,
        0.39324693600939065,
        0.6530265253176638,
        0.3840421429500732,
        0.6800453610648374,
        0.7960426722816487,
        0.6938527762087199,
        0.29594210920798025,
        0.6027580084669811,
        0.8962408181926051,
        0.6614705437620472,
        0.9088586977094117,
        0.9700488964661313,
        0.8837592413674564,
        0.4242730121695624,
        0.9788617690992802,
        0.5058594486176041,
        0.9362577399643497,
        0.22422971249819812,
        0.30533565849021943,
        0.4251785852206048,
        0.7512855672009733,
        0.4887441164868149,
        0.9665772382332201,
        0.7041417815668671,
        0.32600603362169445,
        0.5836203322085391,
        0.57415310327207,
        0.6658454323847254,
        0.6407995492336892,
        0.8273987175585937,
        0.5453784187407307,
        0.9497820121517819,
        0.4463250242069184,
        0.2743892096917227,
        0.2942956435464102,
        0.5901124520697688,
        0.6339973181047365,
        0.9442107916368492,
        0.20388413880528988,
        0.6241640797459631,
        0.8703519431655304,
        0.48254494175152635,
        0.4373834973684506,
        0.8714081524973885,
        0.46106376575913166,
        0.7510769079393085,
        0.8286967076900138,
        0.6585890667153095,
        0.789919964746542,
        0.908394608422082,
        0.6338017528313555,
        0.3491692024019482
    ],
    "stim0": [
        1,
        3,
        2,
        3,
        3,
        3,
        3,
        0,
        1,
        2,
        1,
        2,
        0,
        0,
        3,
        2,
        1,
        2,
        0,
        0,
        2,
        1,
        0,
        0,
        3,
        1,
        3,
        3,
        3,
        1,
        1,
        0,
        2,
        3,
        0,
        3,
        0,
        0,
        2,
        0,
        3,
        0,
        2,
        2,
        2,
        2,
        2,
        3,
        1,
        2,
        3,
        0,
        3,
        0,
        1,
        1,
        3,
        1,
        2,
        3,
        1,
        0,
        2,
        1,
        1,
        2,
        2,
        3,
        1,
        0,
        3,
        3,
        1,
        2,
        1,
        3,
        0,
        0,
        2,
        3,
        1,
        1,
        2,
        3,
        3,
        1,
        2,
        0,
        3,
        2,
        0,
        0,
        0,
        0,
        3,
        3,
        0,
        3,
        0,
        3
    ],
    "rule0": [
        0
    ],
    "corKey0": [
        1,
        1,
        0,
        1,
        1,
        1,
        1,
        0,
        1,
        0,
        1,
        0,
        0,
        0,
        1,
        0,
        1,
        0,
        0,
        0,
        0,
        1,
        0,
        0,
        1,
        1,
        1,
        1,
        1,
        1,
        1,
        0,
        0,
        1,
        0,
        1,
        0,
        0,
        0,
        0,
        1,
        0,
        0,
        0,
        0,
        0,
        0,
        1,
        1,
        0,
        1,
        0,
        1,
        0,
        1,
        1,
        1,
        1,
        0,
        1,
        1,
        0,
        0,
        1,
        1,
        0,
        0,
        1,
        1,
        0,
        1,
        1,
        1,
        0,
        1,
        1,
        0,
        0,
        0,
        1,
        1,
        1,
        0,
        1,
        1,
        1,
        0,
        0,
        1,
        0,
        0,
        0,
        0,
        0,
        1,
        1,
        0,
        1,
        0,
        1
    ],
    "rule1": [
        0
    ],
    "corKey1": [
        1,
        1,
        0,
        1,
        1,
        1,
        1,
        0,
        1,
        0,
        1,
        0,
        0,
        0,
        1,
        0,
        1,
        0,
        0,
        0,
        0,
        1,
        0,
        0,
        1,
        1,
        1,
        1,
        1,
        1,
        1,
        0,
        0,
        1,
        0,
        1,
        0,
        0,
        0,
        0,
        1,
        0,
        0,
        0,
        0,
        0,
        0,
        1,
        1,
        0,
        1,
        0,
        1,
        0,
        1,
        1,
        1,
        1,
        0,
        1,
        1,
        0,
        0,
        1,
        1,
        0,
        0,
        1,
        1,
        0,
        1,
        1,
        1,
        0,
        1,
        1,
        0,
        0,
        0,
        1,
        1,
        1,
        0,
        1,
        1,
        1,
        0,
        0,
        1,
        0,
        0,
        0,
        0,
        0,
        1,
        1,
        0,
        1,
        0,
        1
    ],
    "rule2": [
        2
    ],