{
    "fbQuantBase": [
        3,
        5,
        3
    ],
    "fbQuantCrash": [
        1,
        2,
        1,
        2,
        2,
        2,
        2,
        2,
        2,
        2,
        1,
        2,
        1,
        2,
        1,
        1,
        2,
        1,
        1,
        1,
        1,
        1,
        2,
        2,
        2,
        1,
        1,
        1,
        1,
        1,
        1,
        1,
        1
    ],
    "goalProgCrashThreshold": [
        0.9164092290774724,
        0.9540133365192247,
        0.2959456743555426,
        0.8815191467090844,
        0.9869227696507694,
        0.5578213963629516,
        0.46805212045707356,
        0.7063365524958851,
        0.36566190580324076,
        0.44389317033487785,
        0.5060662435056648,
        0.34698144282986904,
        0.787349589525979,
        0.9559225803148721,
        0.6690507729855197,
        0.6490508968583787,
        0.44325461763976154,
        0.29633684012684897,
        0.7335899222847382,
        0.4094893773102515,
        0.9044670029107484,
        0.3193094484626433,
        0.9966954903637555,
        0.8074604021262126,
        0.9871940861147772,
        0.945138952337482,
        0.3802913383336806,
        0.4266295625186481,
        0.6098489029759048,
        0.3324152075117066,
        0.9676645009486797,
        0.44287904085059115,
        0.3950931463377
    ],
    "stim0": [
        1,
        3,
        0,
        0,
        2,
        2,
        2,
        3,
        2,
        3,
        1,
        3,
        2,
        0,
        0,
        2,
        0,
        0,
        1,
        0,
        0,
        2,
        3,
        2,
        2,
        0,
        0,
        3,
        1,
        2,
        3,
        3,
        0,
        2,
        2,
        2,
        2,
        2,
        2,
        1,
        3,
        1,
        0,
        2,
        2,
        0,
        2,
        3,
        1,
        1,
        2,
        0,
        3,
        1,
        1,
        3,
        1,
        0,
        3,
        0,
        0,
        2,
        2,
        0,
        0,
        2,
        1,
        1,
        3,
        2,
        1,
        1,
        0,
        3,
        0,
        2,
        2,
        1,
        0,
        2,
        3,
        1,
        2,
        2,
        1,
        1,
        3,
        0,
        2,
        3,
        2,
        0,
        2,
        2,
        1,
        3,
        2,
        2,
        2
    ],
    "size0": [
        15,
        17,
        17
    ],
    "rule0": [
        0
    ],
    "corKey0": [
        1,
        1,
        0,
        0,
        0,
        0,
        0,
        1,
        0,
        1,
        1,
        1,
        0,
        0,
        0,
        0,
        0,
        0,
        1,
        0,
        0,
        0,
        1,
        0,
        0,
        0,
        0,
        1,
        1,
        0,
        1,
        1,
        0,
        0,
        0,
        0,
        0,
        0,
        0,
        1,
        1,
        1,
        0,
        0,
        0,
        0,
        0,
        1,
        1,
        1,
        0,
        0,
        1,
        1,
        1,
        1,
        1,
        0,
        1,
        0,
        0,
        0,
        0,
        0,
        0,
        0,
        1,
        1,
        1,
        0,
        1,
        1,
        0,
        1,
        0,
        0,
        0,
        1,
        0,
        0,
        1,
        1,
        0,
        0,
        1,
        1,
        1,
        0,
        0,
        1,
        0,
        0,
        0,
        0,
        1,
        1,
        0,
        0,
        0
    ],
    "size1": [
        19,
        15,
        14
    ],
    "rule1": [
        0
    ],
    "corKey1": [
        1,
        1,
        0,
        0,
        0,
        0,
        0,
        1,
        0,
        1,
        1,
        1,
        0,
        0,
        0,
        0,
        0,
        0,
        1,
        0,
        0,
        0,
        1,
        0,
        0,
        0,
        0,
        1,
        1,
        0,
        1,
        1,
        0,
        0,
        0,
        0,
        0,
        0,
        0,
        1,
        1,
        1,
        0,
        0,
        0,
        0,
        0,
        1,
        1,
        1,
        0,
        0,
        1,
        1,
        1,
        1,
        1,
        0,
        1,
        0,
        0,
        0,
        0,
        0,
        0,
        0,
        1,
        1,
        1,
        0,
        1,
        1,
        0,
        1,
        0,
        0,
        0,
        1,
        0,
        0,
        1,
        1,
        0,
        0,
        1,
        1,
        1,
        0,
        0,
        1,
        0,
        0,
        0,
        0,
        1,
        1,
        0,
        0,
        0
    ],
    "size2": [
        20,
        14,
        10
    ],
    "rule2": [
        2
    ],
    "corKey2": [
        1,
        0,
        1,
        1,
        0,
        0,
        0,
        0,
        0,
        0,
        1,
        0,
        0,
        1,
        1,
        0,
        1,
        1,
        1,
        1,
        1,
        0,
        0,
        0,
        0,
        1,
        1,
        0,
        1,
        0,
        0,
        0,
        1,
        0,
        0,
        0,
        0,
        0,
        0,
        1,
        0,
        1,
        1,
        0,
        0,
        1,
        0,
        0,
        1,
        1,
        0,
        1,
        0,
        1,
        1,
        0,
        1,
        1,
        0,
        1,
        1,
        0,
        0,
        1,
        1,
        0,
        1,
        1,
        0,
        0,
        1,
        1,
        1,
        0,
        1,
        0,
        0,
        1,
        1,
        0,
        0,
        1,
        0,
        0,
        1,
        1,
        0,
        1,
        0,
        0,
        0,
        1,
        0,
        0,
        1,
        0,
        0,
        0,
        0
    ],
    "size3": [
        16,
        12,
        20
    ],
    "rule3": [
        2
    ],
    "corKey3": [
        1,
        0,
        1,
        1,
        0,
        0,
        0,
        0,
        0,
        0,
        1,
        0,
        0,
        1,
        1,
        0,
        1,
        1,
        1,
        1,
        1,
        0,
        0,
        0,
        0,
        1,
        1,
        0,
        1,
        0,
        0,
        0,
        1,
        0,
        0,
        0,
        0,
        0,
        0,
        1,
        0,
        1,
        1,
        0,
        0,
        1,
        0,
        0,
        1,
        1,
        0,
        1,
        0,
        1,
        1,
        0,
        1,
        1,
        0,
        1,
        1,
        0,
        0,
        1,
        1,
        0,
        1,
        1,
        0,
        0,
        1,
        1,
        1,
        0,
        1,
        0,
        0,
        1,
        1,
        0,
        0,
        1,
        0,
        0,
        1,
        1,
        0,
        1,
        0,
        0,
        0,
        1,
        0,
        0,
        1,
        0,
        0,
        0,
        0
    ],