{
    "fbQuantBase": [
        3,
        5,
        3
    ],
    "size0": [
        10,
        16,
        10
    ],
    "size1": [
        10,
        16,
        10
    ],
    "size2": [
        10,
        16,
        10
    ],
    "size3": [
        10,
        16,
        10
    ],
    "fbQuantCrash": [
        2,
        1,
        1,
        1,
        1,
        1,
        1,
        2,
        1,
        1,
        2,
        2,
        1,
        2,
        1,
        1,
        2,
        1,
        2,
        2,
        1,
        2,
        1,
        2,
        2,
        1,
        1,
        1,
        2,
        2,
        2,
        2,
        2,
        1,
        2,
        1,
        2,
        1,
        1,
        1,
        2,
        2,
        2,
        2,
        2,
        2,
        2,
        2,
        1,
        2,
        1,
        1,
        2,
        2,
        1,
        1,
        1,
        1,
        2,
        2,
        1,
        1,
        2,
        2,
        2,
        2,
        1,
        1,
        1,
        1,
        2,
        2,
        1,
        1,
        2,
        2,
        2,
        2,
        2,
        2,
        1,
        1,
        1,
        2,
        2,
        2,
        2,
        2,
        1,
        1,
        1,
        2,
        2,
        1,
        2,
        1,
        1,
        1,
        1,
        2
    ],
    "goalProgCrashThreshold": [
        0.6669868896515299,
        0.8742864122108747,
        0.5464442122701032,
        0.4461568119474064,
        0.36801862326533075,
        0.7573529591287027,
        0.6798369435514089,
        0.5353432109499054,
        0.2553017232487987,
        0.3246749806258386,
        0.3720707183652738,
        0.8379373352379196,
        0.5362780379746256,
        0.894903233687038,
        0.4916514086530411,
        0.7565302711796504,
        0.48043073538531156,
        0.780137379169555,
        0.8410466279304496,
        0.33121382464094395,
        0.4609173063805656,
        0.4512852058268128,
        0.9659113748897143,
        0.6318030024530614,
        0.8093172113527698,
        0.5581768291400341,
        0.7446945398490632,
        0.22167138889234544,
        0.5601371377014932,
        0.5578017751084998,
        0.49874808493529,
        0.6989949776928507,
        0.8944854767671311,
        0.5597178716562201,
        0.7448466602132013,
        0.23725823130458973,
        0.2921631204304398,
        0.9966550875034896,
        0.7169630047280517,
        0.8293199194504561,
        0.45963639456607946,
        0.414038473952468,
        0.7547215784921242,
        0.8857651499970072,
        0.7765526172155266,
        0.3791661350580115,
        0.676154212746544,
        0.9133111832688949,
        0.8008498438618628,
        0.9847022726191879,
        0.6489934952118799,
        0.337723451207532,
        0.4833233345134952,
        0.23505223567025713,
        0.7923544607151074,
        0.3422656772068551,
        0.7764812686160516,
        0.36285062893418696,
        0.49902216264629246,
        0.9431818635354257,
        0.28866207048063774,
        0.822858132658375,
        0.9694911622282729,
        0.2841520211763352,
        0.5435402190844889,
        0.6280256222400613,
        0.8773599377391845,
        0.6956958105183428,
        0.2994645462300458,
        0.3487641956661598,
        0.8022794471017229,
        0.232769178496679,
        0.6695465828946379,
        0.3318566156615924,
        0.5868944541697921,
        0.4967776131315345,
        0.6117450252185179,
        0.6671840375286768,
        0.8873910458852425,
        0.8688924636876016,
        0.4867632387878271,
        0.27192694743460155,
        0.6762446492541924,
        0.6253438332066343,
        0.6054293675524016,
        0.4965025017696161,
        0.6786705667681876,
        0.5941460323485153,
        0.7846040529598295,
        0.8770140322018938,
        0.5611814052699493,
        0.6635893830712869,
        0.6567321835453719,
        0.89254610112606,
        0.892717546440877,
        0.9809822105195063,
        0.3045761869574354,
        0.688921406559249,
        0.6349301350434017,
        0.6610743687339712
    ],
    "stim0": [
        2,
        1,
        0,
        0,
        0,
        2,
        1,
        0,
        0,
        3,
        0,
        0,
        0,
        1,
        0,
        2,
        2,
        2,
        2,
        2,
        1,
        2,
        3,
        3,
        0,
        1,
        0,
        1,
        3,
        1,
        1,
        2,
        3,
        1,
        0,
        1,
        1,
        1,
        3,
        3,
        1,
        0,
        1,
        2,
        0,
        1,
        0,
        0,
        2,
        0,
        1,
        3,
        0,
        1,
        3,
        2,
        2,
        2,
        3,
        3,
        3,
        1,
        0,
        2,
        0,
        0,
        2,
        0,
        2,
        1,
        1,
        0,
        0,
        0,
        0,
        1,
        2,
        2,
        3,
        1,
        1,
        1,
        1,
        0,
        3,
        1,
        2,
        0,
        1,
        0,
        3,
        0,
        0,
        1,
        3,
        0,
        2,
        2,
        1,
        3
    ],
    "rule0": [
        2
    ],
    "corKey0": [
        0,
        1,
        1,
        1,
        1,
        0,
        1,
        1,
        1,
        0,
        1,
        1,
        1,
        1,
        1,
        0,
        0,
        0,
        0,
        0,
        1,
        0,
        0,
        0,
        1,
        1,
        1,
        1,
        0,
        1,
        1,
        0,
        0,
        1,
        1,
        1,
        1,
        1,
        0,
        0,
        1,
        1,
        1,
        0,
        1,
        1,
        1,
        1,
        0,
        1,
        1,
        0,
        1,
        1,
        0,
        0,
        0,
        0,
        0,
        0,
        0,
        1,
        1,
        0,
        1,
        1,
        0,
        1,
        0,
        1,
        1,
        1,
        1,
        1,
        1,
        1,
        0,
        0,
        0,
        1,
        1,
        1,
        1,
        1,
        0,
        1,
        0,
        1,
        1,
        1,
        0,
        1,
        1,
        1,
        0,
        1,
        0,
        0,
        1,
        0
    ],
    "rule1": [
        2
    ],
    "corKey1": [
        0,
        1,
        1,
        1,
        1,
        0,
        1,
        1,
        1,
        0,
        1,
        1,
        1,
        1,
        1,
        0,
        0,
        0,
        0,
        0,
        1,
        0,
        0,
        0,
        1,
        1,
        1,
        1,
        0,
        1,
        1,
        0,
        0,
        1,
        1,
        1,
        1,
        1,
        0,
        0,
        1,
        1,
        1,
        0,
        1,
        1,
        1,
        1,
        0,
        1,
        1,
        0,
        1,
        1,
        0,
        0,
        0,
        0,
        0,
        0,
        0,
        1,
        1,
        0,
        1,
        1,
        0,
        1,
        0,
        1,
        1,
        1,
        1,
        1,
        1,
        1,
        0,
        0,
        0,
        1,
        1,
        1,
        1,
        1,
        0,
        1,
        0,
        1,
        1,
        1,
        0,
        1,
        1,
        1,
        0,
        1,
        0,
        0,
        1,
        0
    ],
    "rule2": [
        1
    ],