{
    "fbQuantBase": [
        3,
        5,
        3
    ],
    "size0": [
        10,
        16,
        10
    ],
    "size1": [
        10,
        16,
        10
    ],
    "size2": [
        10,
        16,
        10
    ],
    "size3": [
        10,
        16,
        10
    ],
    "fbQuantCrash": [
        1,
        1,
        2,
        1,
        2,
        1,
        1,
        1,
        1,
        2,
        2,
        1,
        2,
        1,
        1,
        2,
        1,
        2,
        2,
        2,
        2,
        2,
        1,
        2,
        2,
        2,
        1,
        2,
        2,
        1,
        2,
        1,
        1,
        1,
        1,
        2,
        2,
        2,
        2,
        1,
        2,
        2,
        1,
        1,
        1,
        2,
        1,
        2,
        1,
        2,
        2,
        2,
        2,
        1,
        2,
        1,
        2,
        1,
        1,
        1,
        1,
        1,
        1,
        1,
        1,
        2,
        1,
        2,
        2,
        1,
        2,
        1,
        1,
        2,
        2,
        1,
        2,
        2,
        1,
        1,
        1,
        1,
        1,
        1,
        1,
        1,
        2,
        2,
        1,
        1,
        2,
        2,
        2,
        1,
        1,
        2,
        1,
        1,
        2,
        2
    ],
    "goalProgCrashThreshold": [
        0.8474799564219957,
        0.27925855627625573,
        0.25712495257642476,
        0.7076271102976666,
        0.4103365764221435,
        0.5826408950782245,
        0.4357911781414746,
        0.2250310274960845,
        0.8288606631274653,
        0.8251541604385462,
        0.727576323284792,
        0.5834276653630179,
        0.6069866165953948,
        0.9660539011539908,
        0.25847523717556875,
        0.28378915089346846,
        0.7562119893339461,
        0.27602631050834864,
        0.5946594506541789,
        0.5306826234969076,
        0.8616238106739782,
        0.35519198326780305,
        0.39657356498143825,
        0.7389904619999232,
        0.971247047431941,
        0.9338304101099124,
        0.2050315258093181,
        0.9597269334276917,
        0.2512454166464245,
        0.5391546093237315,
        0.9649783186765735,
        0.8970174277265472,
        0.3147713931333887,
        0.7386634808137724,
        0.6843674914455418,
        0.5284458405519614,
        0.5335045693209477,
        0.9031061196649925,
        0.42095771806115495,
        0.8302603344834412,
        0.9751008710302387,
        0.2630130923883287,
        0.6064840988720097,
        0.8823392277871629,
        0.4991610524130036,
        0.33432481343876796,
        0.3683504253929994,
        0.9515648000099637,
        0.20065337855331064,
        0.994940186215787,
        0.816960321062014,
        0.27189206260558807,
        0.5204270542707922,
        0.4903580313749557,
        0.7326938150586864,
        0.22850102322742255,
        0.8743035672786827,
        0.819717107419871,
        0.9274255523626542,
        0.5645684075917068,
        0.7814329122265482,
        0.3712750648102887,
        0.597596329552464,
        0.8218798921222461,
        0.9976500805423973,
        0.959705212120449,
        0.7937911178773613,
        0.24759668584933145,
        0.29958224507044806,
        0.2534448928562074,
        0.5297256473058509,
        0.45424204367587273,
        0.23071208856942083,
        0.49400474009204615,
        0.8820335149169782,
        0.581890667645752,
        0.8252035654778016,
        0.8235305919614586,
        0.9356209461991225,
        0.6163352495563212,
        0.6021104563024453,
        0.48125486716981314,
        0.5256796795927059,
        0.8939525714123051,
        0.5328199759929471,
        0.7493519286722508,
        0.6637557346755665,
        0.43131632975938117,
        0.4982622221491446,
        0.7648747172146435,
        0.5868077334892452,
        0.483319489359088,
        0.46219457515951884,
        0.713210626122041,
        0.6285864302903807,
        0.460904672401367,
        0.2864742719564258,
        0.34354889552674084,
        0.801012934767831,
        0.6085414527354929
    ],
    "stim0": [
        2,
        0,
        1,
        1,
        1,
        2,
        3,
        2,
        1,
        3,
        0,
        2,
        2,
        0,
        3,
        0,
        3,
        1,
        0,
        1,
        3,
        0,
        3,
        0,
        2,
        2,
        2,
        1,
        1,
        2,
        1,
        3,
        1,
        0,
        0,
        0,
        2,
        0,
        3,
        2,
        2,
        3,
        0,
        2,
        2,
        2,
        0,
        3,
        0,
        1,
        1,
        0,
        0,
        2,
        3,
        0,
        3,
        2,
        1,
        2,
        1,
        3,
        2,
        2,
        1,
        0,
        1,
        2,
        1,
        0,
        0,
        2,
        3,
        3,
        1,
        2,
        3,
        3,
        3,
        3,
        2,
        2,
        2,
        0,
        2,
        1,
        1,
        1,
        1,
        1,
        1,
        0,
        1,
        2,
        3,
        2,
        0,
        0,
        1,
        1
    ],
    "rule0": [
        2
    ],
    "corKey0": [
        0,
        1,
        1,
        1,
        1,
        0,
        0,
        0,
        1,
        0,
        1,
        0,
        0,
        1,
        0,
        1,
        0,
        1,
        1,
        1,
        0,
        1,
        0,
        1,
        0,
        0,
        0,
        1,
        1,
        0,
        1,
        0,
        1,
        1,
        1,
        1,
        0,
        1,
        0,
        0,
        0,
        0,
        1,
        0,
        0,
        0,
        1,
        0,
        1,
        1,
        1,
        1,
        1,
        0,
        0,
        1,
        0,
        0,
        1,
        0,
        1,
        0,
        0,
        0,
        1,
        1,
        1,
        0,
        1,
        1,
        1,
        0,
        0,
        0,
        1,
        0,
        0,
        0,
        0,
        0,
        0,
        0,
        0,
        1,
        0,
        1,
        1,
        1,
        1,
        1,
        1,
        1,
        1,
        0,
        0,
        0,
        1,
        1,
        1,
        1
    ],
    "rule1": [
        0
    ],
    "corKey1": [
        0,
        0,
        1,
        1,
        1,
        0,
        1,
        0,
        1,
        1,
        0,
        0,
        0,
        0,
        1,
        0,
        1,
        1,
        0,
        1,
        1,
        0,
        1,
        0,
        0,
        0,
        0,
        1,
        1,
        0,
        1,
        1,
        1,
        0,
        0,
        0,
        0,
        0,
        1,
        0,
        0,
        1,
        0,
        0,
        0,
        0,
        0,
        1,
        0,
        1,
        1,
        0,
        0,
        0,
        1,
        0,
        1,
        0,
        1,
        0,
        1,
        1,
        0,
        0,
        1,
        0,
        1,
        0,
        1,
        0,
        0,
        0,
        1,
        1,
        1,
        0,
        1,
        1,
        1,
        1,
        0,
        0,
        0,
        0,
        0,
        1,
        1,
        1,
        1,
        1,
        1,
        0,
        1,
        0,
        1,
        0,
        0,
        0,
        1,
        1
    ],
    "rule2": [
        0
    ],