{
    "fbQuantBase": [
        3,
        5,
        3
    ],
    "fbQuantCrash": [
        2,
        1,
        2,
        1,
        1,
        2,
        2,
        1,
        2,
        1,
        1,
        1,
        1,
        1,
        2,
        1,
        1,
        1,
        2,
        2,
        2,
        1,
        2,
        1,
        2,
        1,
        2,
        2,
        1,
        1,
        2,
        2,
        1,
        2,
        1,
        1,
        1,
        2,
        1,
        2,
        2,
        1,
        2,
        2,
        1,
        1,
        1,
        2,
        1,
        2,
        1,
        1,
        2,
        1,
        1,
        1,
        1,
        2,
        1,
        2,
        1,
        1,
        2,
        1,
        1,
        1,
        1,
        2,
        2,
        2,
        2,
        2,
        2,
        2,
        2,
        1,
        2,
        1,
        1,
        2
    ],
    "goalProgCrashThreshold": [
        0.9620878663417176,
        0.4774055741350307,
        0.7386510983978847,
        0.20514925567867986,
        0.6272078202929516,
        0.8194069522492298,
        0.24766869471454794,
        0.29238050887631106,
        0.5588464196803908,
        0.9961890690462356,
        0.3470981692708034,
        0.9878706070582881,
        0.20342893852734545,
        0.41183258933584377,
        0.36673019533096324,
        0.3517085186493115,
        0.2235484401736903,
        0.6155058339054995,
        0.6336392890430087,
        0.6221996443939382,
        0.6097429756818802,
        0.3748626858535155,
        0.8432739986944677,
        0.9478089981301536,
        0.25768471114818015,
        0.4508804475810716,
        0.5239970649347943,
        0.4218202765212759,
        0.4334986126527263,
        0.9290832248865906,
        0.7617015170627681,
        0.3355603425112844,
        0.403930353074927,
        0.7574661808633227,
        0.4335220221726081,
        0.7405920211563986,
        0.5152784672860582,
        0.6730975454718098,
        0.706371644860879,
        0.6355189118068121,
        0.9270586794538715,
        0.7410955219183291,
        0.9858151677791362,
        0.8562051771936199,
        0.9349269764417323,
        0.8925890984690694,
        0.9576602497140623,
        0.6110675604555583,
        0.7912762383320986,
        0.7570563644791528,
        0.25896819967290247,
        0.9369418898390478,
        0.4244669365818995,
        0.551605651481161,
        0.5711534628577128,
        0.33213986823526753,
        0.8859769931129906,
        0.4515525327459936,
        0.3450038463332117,
        0.870936656086772,
        0.31044391558015727,
        0.7941573779422306,
        0.8913344977052542,
        0.213931027358926,
        0.20146424951561973,
        0.8930105036254197,
        0.9471702786725804,
        0.5706570830918462,
        0.7105393377875484,
        0.9921725516420008,
        0.867716058829471,
        0.4139398392486182,
        0.998070818863535,
        0.9009203792585443,
        0.8247848865685339,
        0.6807122086935014,
        0.4031153381705368,
        0.8553047690463336,
        0.8723605480062677,
        0.5517038294363801
    ],
    "stim0": [
        1,
        1,
        3,
        2,
        3,
        0,
        2,
        1,
        1,
        1,
        3,
        3,
        1,
        3,
        3,
        2,
        3,
        1,
        2,
        3,
        0,
        0,
        0,
        3,
        1,
        0,
        1,
        1,
        1,
        0,
        1,
        0,
        0,
        2,
        2,
        1,
        1,
        2,
        1,
        1,
        2,
        1,
        2,
        0,
        2,
        2,
        0,
        0,
        2,
        1,
        1,
        1,
        1,
        0,
        0,
        1,
        2,
        1,
        3,
        2,
        1,
        0,
        1,
        3,
        1,
        1,
        0,
        1,
        2,
        3,
        1,
        2,
        1,
        0,
        0,
        0,
        2,
        0,
        1,
        2,
        3,
        0,
        1,
        3,
        0,
        2,
        1,
        1,
        1,
        2,
        2,
        1,
        0,
        2,
        3,
        3,
        2,
        3,
        1,
        2,
        0,
        1,
        2,
        2,
        1,
        3,
        1,
        2,
        3,
        3,
        3,
        0,
        1,
        3,
        1,
        3,
        3,
        1,
        3,
        0,
        2,
        3,
        3,
        0,
        3,
        2,
        3,
        1,
        0,
        2,
        3,
        2,
        1,
        0,
        3,
        1,
        2,
        1,
        2,
        3,
        3,
        2,
        3,
        0,
        1,
        0,
        3,
        3,
        1,
        3,
        2,
        0,
        0,
        1,
        3,
        3,
        2,
        3,
        0,
        0,
        3,
        0,
        3,
        2,
        1,
        3,
        1,
        0,
        3,
        2,
        1,
        1,
        3,
        2,
        0,
        1,
        3,
        1,
        1,
        2,
        3,
        3,
        3,
        0,
        2,
        3,
        3,
        3,
        1,
        1,
        1,
        3,
        3,
        2,
        0,
        0,
        1,
        1,
        2,
        2,
        0,
        0,
        0,
        0,
        3,
        2,
        1,
        2,
        1,
        1,
        3,
        2,
        3,
        1,
        3,
        0,
        2,
        3,
        3,
        2,
        0,
        3,
        3,
        1,
        0,
        0,
        1,
        2,
        1,
        3,
        3,
        1,
        2,
        1,
        1,
        1,
        0,
        0,
        0,
        0
    ],
    "size0": [
        10,
        15,
        15
    ],
    "rule0": [
        1
    ],