{
    "fbQuantBase": [
        3,
        5,
        3
    ],
    "fbQuantCrash": [
        2,
        1,
        2,
        2,
        1,
        1,
        2,
        2,
        1,
        1,
        2,
        2,
        2,
        2,
        1,
        1,
        2,
        2,
        2,
        2,
        1,
        2,
        1,
        1,
        2,
        2,
        1,
        1,
        2,
        2,
        1,
        2,
        2,
        2,
        1,
        2,
        2,
        1,
        2,
        2,
        1,
        1,
        1,
        1,
        2,
        1,
        2,
        1,
        2,
        2,
        2,
        1,
        2,
        2,
        2,
        2,
        1,
        1,
        1,
        2,
        1,
        2,
        1,
        1,
        1,
        1,
        2,
        1,
        2,
        2,
        2,
        2,
        2,
        1,
        2,
        2,
        2,
        1,
        2,
        2
    ],
    "goalProgCrashThreshold": [
        0.9905224738606362,
        0.6058460532840573,
        0.41791540745246736,
        0.7039272490542563,
        0.4719687598369823,
        0.45796365260312283,
        0.4589301407199058,
        0.4849582860884334,
        0.7910758716221802,
        0.7352974993155701,
        0.2586513841803879,
        0.9343280323378291,
        0.34048163336071857,
        0.4505038128097243,
        0.7558849881808596,
        0.3708849706760745,
        0.49477673994687454,
        0.7142243751911317,
        0.7503669042598144,
        0.7974767355059631,
        0.7600346730468339,
        0.7841377568106613,
        0.7803559872840544,
        0.8622416637071546,
        0.7311255329872066,
        0.9407526073692034,
        0.580438954439238,
        0.35612405790746515,
        0.42013122034210015,
        0.2184579884325471,
        0.6255527075469965,
        0.6595342682213488,
        0.5046969913182908,
        0.27713789261487576,
        0.34797098162750323,
        0.5059452378105553,
        0.9146406288870181,
        0.835140757844671,
        0.5660103410464938,
        0.8821827906904551,
        0.6440775563524364,
        0.997637087605894,
        0.3376667239512765,
        0.9649140898397051,
        0.993943630265687,
        0.5087777643899136,
        0.6435216192920505,
        0.8041066982593907,
        0.20484123013249242,
        0.8722095583038729,
        0.4454563336484504,
        0.8872294434531145,
        0.48328200434098956,
        0.2933332120213729,
        0.6259061322954163,
        0.8378401417046002,
        0.8384044993452726,
        0.24725606980625853,
        0.6193322188409636,
        0.9153699329223868,
        0.97546630571053,
        0.26923001745607583,
        0.3410825998525122,
        0.4514584030387089,
        0.9397750876894861,
        0.7795940302147744,
        0.4396223454237048,
        0.30778461298989185,
        0.35713853599169926,
        0.28927451326222003,
        0.8495534773885243,
        0.31761054531346433,
        0.5475689023478881,
        0.6685399867780295,
        0.6639173945584247,
        0.46083230320690494,
        0.3731367466816258,
        0.5798285270257161,
        0.8013603136841225,
        0.5332378434893333
    ],
    "stim0": [
        0,
        3,
        3,
        2,
        3,
        2,
        3,
        1,
        0,
        3,
        2,
        0,
        1,
        3,
        0,
        3,
        2,
        3,
        1,
        3,
        0,
        3,
        2,
        3,
        3,
        1,
        1,
        0,
        2,
        2,
        0,
        2,
        0,
        0,
        1,
        0,
        2,
        2,
        0,
        2,
        3,
        1,
        0,
        1,
        0,
        0,
        2,
        2,
        3,
        2,
        3,
        1,
        1,
        3,
        0,
        2,
        0,
        1,
        3,
        1,
        3,
        1,
        3,
        0,
        1,
        3,
        1,
        3,
        0,
        0,
        2,
        3,
        0,
        0,
        1,
        3,
        3,
        0,
        3,
        1,
        3,
        0,
        1,
        1,
        3,
        2,
        2,
        0,
        1,
        1,
        2,
        1,
        3,
        1,
        3,
        2,
        0,
        3,
        2,
        3,
        2,
        0,
        2,
        0,
        2,
        2,
        2,
        1,
        2,
        2,
        1,
        0,
        1,
        2,
        3,
        0,
        2,
        1,
        2,
        3,
        3,
        1,
        3,
        1,
        1,
        0,
        1,
        1,
        0,
        3,
        2,
        0,
        2,
        2,
        1,
        1,
        0,
        1,
        1,
        2,
        0,
        0,
        3,
        2,
        2,
        3,
        3,
        2,
        0,
        2,
        0,
        3,
        2,
        0,
        3,
        2,
        3,
        2,
        2,
        3,
        0,
        2,
        1,
        3,
        0,
        2,
        1,
        0,
        3,
        1,
        0,
        3,
        1,
        1,
        1,
        0,
        1,
        1,
        2,
        0,
        1,
        1,
        0,
        1,
        3,
        2,
        0,
        2,
        2,
        0,
        3,
        0,
        3,
        0,
        0,
        0,
        0,
        2,
        2,
        0,
        3,
        2,
        2,
        3,
        2,
        3,
        1,
        0,
        3,
        2,
        1,
        0,
        1,
        1,
        3,
        2,
        1,
        2,
        3,
        0,
        1,
        0,
        1,
        0,
        1,
        1,
        0,
        2,
        2,
        1,
        3,
        2,
        1,
        2,
        0,
        1,
        2,
        0,
        0,
        1
    ],
    "size0": [
        11,
        10,
        16
    ],
    "rule0": [
        3
    ],