{
    "fbQuantBase": [
        3,
        5,
        3
    ],
    "size0": [
        10,
        16,
        10
    ],
    "size1": [
        10,
        16,
        10
    ],
    "size2": [
        10,
        16,
        10
    ],
    "size3": [
        10,
        16,
        10
    ],
    "fbQuantCrash": [
        2,
        1,
        2,
        2,
        1,
        1,
        1,
        1,
        2,
        1,
        2,
        2,
        2,
        2,
        2,
        2,
        2,
        2,
        2,
        2,
        2,
        2,
        2,
        1,
        2,
        2,
        1,
        2,
        2,
        1,
        2,
        1,
        2,
        2,
        1,
        2,
        2,
        1,
        2,
        2,
        2,
        1,
        1,
        1,
        2,
        2,
        1,
        2,
        2,
        1,
        1,
        2,
        2,
        2,
        1,
        1,
        1,
        1,
        2,
        2,
        2,
        1,
        1,
        2,
        2,
        1,
        2,
        2,
        2,
        2,
        1,
        1,
        2,
        1,
        1,
        2,
        1,
        2,
        2,
        2,
        1,
        1,
        1,
        1,
        2,
        1,
        1,
        2,
        2,
        1,
        2,
        1,
        1,
        2,
        2,
        1,
        2,
        2,
        1,
        1
    ],
    "goalProgCrashThreshold": [
        0.9907666806497093,
        0.8675531246804862,
        0.27321219720632084,
        0.7592698646212341,
        0.5091097669354883,
        0.6342003848142161,
        0.8963656015614851,
        0.5244053910190969,
        0.34041956681205665,
        0.23836726753863013,
        0.8932870783745175,
        0.813205992982241,
        0.9676210412603596,
        0.2967383923675053,
        0.21923856873838982,
        0.45130492897115043,
        0.37717450320954626,
        0.31293600582018066,
        0.6777788515691456,
        0.5399185637459221,
        0.9101371237936386,
        0.7858664388879537,
        0.2899635841616204,
        0.8541561989442201,
        0.8494605461730946,
        0.3176974783301174,
        0.9750766972997094,
        0.970111896695552,
        0.370234958794757,
        0.9844936750397904,
        0.7413935094797541,
        0.539622243728069,
        0.27803147547733853,
        0.5348776399914235,
        0.212853264696666,
        0.6898433023588195,
        0.5499666398518117,
        0.4802805553124519,
        0.8285511511788755,
        0.2542014411417321,
        0.9732836695580258,
        0.2068579375491135,
        0.5316085848990049,
        0.8923916481447245,
        0.7031870550327528,
        0.47381373870366456,
        0.3211065328388423,
        0.7853441034279223,
        0.2582502661787235,
        0.39869933783539413,
        0.867949371774299,
        0.8568501171105647,
        0.5249429238289701,
        0.3318475995559709,
        0.6081078669355382,
        0.7990729634742038,
        0.6806381073005083,
        0.3795046357585794,
        0.9928672332623203,
        0.672456762728807,
        0.25097512396328725,
        0.3732783004361231,
        0.38285858894740055,
        0.9509037450013436,
        0.5610942743679312,
        0.7707387742748886,
        0.25690185189154724,
        0.3797398003303001,
        0.940376360260379,
        0.2210901335298422,
        0.83208026666534,
        0.36760062856765086,
        0.6808247236284395,
        0.2412373166371496,
        0.5555512370033813,
        0.41123289706687616,
        0.3479742813933882,
        0.9880486150127139,
        0.24592044861936035,
        0.49379067798328535,
        0.3549603640450199,
        0.5604950246284541,
        0.23665161038725727,
        0.6268130788661668,
        0.8225676991191775,
        0.22449900479080284,
        0.9771524229247761,
        0.7571418648907196,
        0.6686669458632442,
        0.21012358898467065,
        0.5058910703402777,
        0.7059335910149336,
        0.332498875499861,
        0.2761353120637793,
        0.2514993679663,
        0.6441580837615739,
        0.45366078836271806,
        0.7174741976774948,
        0.5259172586723571,
        0.2570066169706232
    ],
    "stim0": [
        0,
        3,
        1,
        1,
        2,
        2,
        0,
        2,
        3,
        1,
        0,
        1,
        1,
        2,
        2,
        3,
        3,
        1,
        0,
        1,
        2,
        3,
        0,
        1,
        1,
        1,
        1,
        1,
        0,
        1,
        1,
        1,
        2,
        0,
        1,
        2,
        0,
        0,
        3,
        0,
        1,
        3,
        3,
        0,
        0,
        2,
        3,
        2,
        0,
        3,
        0,
        3,
        3,
        2,
        0,
        1,
        2,
        0,
        3,
        2,
        1,
        1,
        2,
        1,
        0,
        2,
        1,
        3,
        1,
        2,
        3,
        1,
        2,
        3,
        1,
        2,
        0,
        2,
        1,
        3,
        2,
        3,
        0,
        0,
        0,
        0,
        0,
        3,
        0,
        0,
        1,
        1,
        1,
        2,
        1,
        2,
        1,
        3,
        3,
        0
    ],
    "rule0": [
        3
    ],
    "corKey0": [
        0,
        1,
        0,
        0,
        1,
        1,
        0,
        1,
        1,
        0,
        0,
        0,
        0,
        1,
        1,
        1,
        1,
        0,
        0,
        0,
        1,
        1,
        0,
        0,
        0,
        0,
        0,
        0,
        0,
        0,
        0,
        0,
        1,
        0,
        0,
        1,
        0,
        0,
        1,
        0,
        0,
        1,
        1,
        0,
        0,
        1,
        1,
        1,
        0,
        1,
        0,
        1,
        1,
        1,
        0,
        0,
        1,
        0,
        1,
        1,
        0,
        0,
        1,
        0,
        0,
        1,
        0,
        1,
        0,
        1,
        1,
        0,
        1,
        1,
        0,
        1,
        0,
        1,
        0,
        1,
        1,
        1,
        0,
        0,
        0,
        0,
        0,
        1,
        0,
        0,
        0,
        0,
        0,
        1,
        0,
        1,
        0,
        1,
        1,
        0
    ],
    "rule1": [
        3
    ],
    "corKey1": [
        0,
        1,
        0,
        0,
        1,
        1,
        0,
        1,
        1,
        0,
        0,
        0,
        0,
        1,
        1,
        1,
        1,
        0,
        0,
        0,
        1,
        1,
        0,
        0,
        0,
        0,
        0,
        0,
        0,
        0,
        0,
        0,
        1,
        0,
        0,
        1,
        0,
        0,
        1,
        0,
        0,
        1,
        1,
        0,
        0,
        1,
        1,
        1,
        0,
        1,
        0,
        1,
        1,
        1,
        0,
        0,
        1,
        0,
        1,
        1,
        0,
        0,
        1,
        0,
        0,
        1,
        0,
        1,
        0,
        1,
        1,
        0,
        1,
        1,
        0,
        1,
        0,
        1,
        0,
        1,
        1,
        1,
        0,
        0,
        0,
        0,
        0,
        1,
        0,
        0,
        0,
        0,
        0,
        1,
        0,
        1,
        0,
        1,
        1,
        0
    ],
    "rule2": [
        0
    ],