{
    "fbQuantBase": [
        3,
        5,
        3
    ],
    "fbQuantCrash": [
        2,
        2,
        1,
        2,
        2,
        1,
        1,
        2,
        1,
        2,
        2,
        1,
        2,
        1,
        2,
        2,
        2,
        1,
        1,
        2,
        1,
        1,
        1,
        2,
        2,
        1,
        1,
        1,
        1,
        2,
        1,
        1,
        2
    ],
    "goalProgCrashThreshold": [
        0.35087093764947586,
        0.6008596809180295,
        0.8210438772145141,
        0.6415283391915985,
        0.631197678867555,
        0.5914615384411662,
        0.4615996415181706,
        0.9709297968046111,
        0.4303649551062801,
        0.37890302723478486,
        0.26656703074069776,
        0.9164545052705944,
        0.6884170012040933,
        0.32160091460792,
        0.9521487500368446,
        0.7649816442624069,
        0.36844304578997633,
        0.5076318367810307,
        0.4211746449372319,
        0.5943727441437632,
        0.7824114530910071,
        0.3806553358061475,
        0.7587859560986265,
        0.5921902020028377,
        0.636127088323427,
        0.288165858432714,
        0.6017374634729296,
        0.5613901525523877,
        0.8121423342781178,
        0.4225551475488417,
        0.7668475361408491,
        0.338914716693483,
        0.8547183048973217
    ],
    "stim0": [
        1,
        2,
        3,
        2,
        0,
        2,
        1,
        0,
        1,
        2,
        0,
        2,
        2,
        3,
        1,
        2,
        1,
        3,
        1,
        1,
        2,
        0,
        0,
        1,
        2,
        0,
        2,
        3,
        1,
        1,
        2,
        0,
        0,
        3,
        0,
        3,
        2,
        0,
        2,
        1,
        1,
        0,
        1,
        3,
        1,
        3,
        0,
        2,
        3,
        3,
        2,
        3,
        2,
        3,
        3,
        3,
        1,
        3,
        3,
        0,
        0,
        1,
        0,
        0,
        0,
        0,
        2,
        3,
        3,
        3,
        0,
        1,
        3,
        1,
        1,
        1,
        2,
        3,
        2,
        3,
        3,
        3,
        3,
        1,
        3,
        0,
        2,
        2,
        0,
        0,
        2,
        0,
        0,
        0,
        2,
        1,
        3,
        2,
        1
    ],
    "size0": [
        17,
        10,
        19
    ],
    "rule0": [
        3
    ],
    "corKey0": [
        0,
        1,
        1,
        1,
        0,
        1,
        0,
        0,
        0,
        1,
        0,
        1,
        1,
        1,
        0,
        1,
        0,
        1,
        0,
        0,
        1,
        0,
        0,
        0,
        1,
        0,
        1,
        1,
        0,
        0,
        1,
        0,
        0,
        1,
        0,
        1,
        1,
        0,
        1,
        0,
        0,
        0,
        0,
        1,
        0,
        1,
        0,
        1,
        1,
        1,
        1,
        1,
        1,
        1,
        1,
        1,
        0,
        1,
        1,
        0,
        0,
        0,
        0,
        0,
        0,
        0,
        1,
        1,
        1,
        1,
        0,
        0,
        1,
        0,
        0,
        0,
        1,
        1,
        1,
        1,
        1,
        1,
        1,
        0,
        1,
        0,
        1,
        1,
        0,
        0,
        1,
        0,
        0,
        0,
        1,
        0,
        1,
        1,
        0
    ],
    "size1": [
        16,
        18,
        12
    ],
    "rule1": [
        0
    ],
    "corKey1": [
        1,
        0,
        1,
        0,
        0,
        0,
        1,
        0,
        1,
        0,
        0,
        0,
        0,
        1,
        1,
        0,
        1,
        1,
        1,
        1,
        0,
        0,
        0,
        1,
        0,
        0,
        0,
        1,
        1,
        1,
        0,
        0,
        0,
        1,
        0,
        1,
        0,
        0,
        0,
        1,
        1,
        0,
        1,
        1,
        1,
        1,
        0,
        0,
        1,
        1,
        0,
        1,
        0,
        1,
        1,
        1,
        1,
        1,
        1,
        0,
        0,
        1,
        0,
        0,
        0,
        0,
        0,
        1,
        1,
        1,
        0,
        1,
        1,
        1,
        1,
        1,
        0,
        1,
        0,
        1,
        1,
        1,
        1,
        1,
        1,
        0,
        0,
        0,
        0,
        0,
        0,
        0,
        0,
        0,
        0,
        1,
        1,
        0,
        1
    ],
    "size2": [
        20,
        18,
        13
    ],
    "rule2": [
        3
    ],
    "corKey2": [
        0,
        1,
        1,
        1,
        0,
        1,
        0,
        0,
        0,
        1,
        0,
        1,
        1,
        1,
        0,
        1,
        0,
        1,
        0,
        0,
        1,
        0,
        0,
        0,
        1,
        0,
        1,
        1,
        0,
        0,
        1,
        0,
        0,
        1,
        0,
        1,
        1,
        0,
        1,
        0,
        0,
        0,
        0,
        1,
        0,
        1,
        0,
        1,
        1,
        1,
        1,
        1,
        1,
        1,
        1,
        1,
        0,
        1,
        1,
        0,
        0,
        0,
        0,
        0,
        0,
        0,
        1,
        1,
        1,
        1,
        0,
        0,
        1,
        0,
        0,
        0,
        1,
        1,
        1,
        1,
        1,
        1,
        1,
        0,
        1,
        0,
        1,
        1,
        0,
        0,
        1,
        0,
        0,
        0,
        1,
        0,
        1,
        1,
        0
    ],
    "size3": [
        18,
        20,
        11
    ],
    "rule3": [
        0
    ],
    "corKey3": [
        1,
        0,
        1,
        0,
        0,
        0,
        1,
        0,
        1,
        0,
        0,
        0,
        0,
        1,
        1,
        0,
        1,
        1,
        1,
        1,
        0,
        0,
        0,
        1,
        0,
        0,
        0,
        1,
        1,
        1,
        0,
        0,
        0,
        1,
        0,
        1,
        0,
        0,
        0,
        1,
        1,
        0,
        1,
        1,
        1,
        1,
        0,
        0,
        1,
        1,
        0,
        1,
        0,
        1,
        1,
        1,
        1,
        1,
        1,
        0,
        0,
        1,
        0,
        0,
        0,
        0,
        0,
        1,
        1,
        1,
        0,
        1,
        1,
        1,
        1,
        1,
        0,
        1,
        0,
        1,
        1,
        1,
        1,
        1,
        1,
        0,
        0,
        0,
        0,
        0,
        0,
        0,
        0,
        0,
        0,
        1,
        1,
        0,
        1
    ],