{
    "fbQuantBase": [
        3,
        5,
        3
    ],
    "fbQuantCrash": [
        1,
        2,
        1,
        2,
        1,
        2,
        1,
        2,
        2,
        1,
        1,
        2,
        1,
        2,
        2,
        2,
        1,
        2,
        1,
        2,
        2,
        1,
        2,
        1,
        2,
        2,
        1,
        1,
        2,
        1,
        1,
        1,
        2,
        1,
        1,
        2,
        1,
        2,
        1,
        2,
        1,
        1,
        2,
        1,
        2,
        1,
        1,
        1,
        1,
        2,
        2,
        1,
        2,
        2,
        1,
        1,
        2,
        1,
        2,
        2,
        1,
        1,
        2,
        2,
        2,
        1,
        1,
        1,
        2,
        2,
        2,
        1,
        2,
        2,
        2,
        1,
        2,
        1,
        1,
        2
    ],
    "goalProgCrashThreshold": [
        0.6967670478295676,
        0.43410539589874975,
        0.6689808576505956,
        0.6853606240647698,
        0.4410605253412416,
        0.8353691783841077,
        0.6538145288465884,
        0.448235157040208,
        0.5008770970133054,
        0.31185744258294773,
        0.9222782114568533,
        0.7475112399160913,
        0.9139961675235355,
        0.6017060266407568,
        0.4915009397699093,
        0.49674481518015734,
        0.7390568595584401,
        0.44106075892754115,
        0.5927201405167423,
        0.9638556494158561,
        0.7109393711645293,
        0.6132713517655441,
        0.6112608101771057,
        0.9805879065245313,
        0.34922720958171355,
        0.20364500347223205,
        0.4256218012491555,
        0.952482393587982,
        0.9793915196611642,
        0.5761157052925419,
        0.9260519892719343,
        0.9550381984445846,
        0.8993064125398853,
        0.8650282173362747,
        0.6602586779027699,
        0.3680081374889797,
        0.22583086769924404,
        0.9323084493315457,
        0.2669003046663585,
        0.7127384009090918,
        0.49772338922612064,
        0.4065444108351689,
        0.6930357896417871,
        0.6175985773326089,
        0.36781343689508783,
        0.3936075595567142,
        0.5927281924255567,
        0.4082655095104481,
        0.3327125170742051,
        0.436874675822558,
        0.4965886381867143,
        0.9417739745464204,
        0.7667101800356657,
        0.49939604707035007,
        0.2250214265262568,
        0.8219198043920075,
        0.4697353263722535,
        0.22352599190494332,
        0.8731958861784206,
        0.6854568506985076,
        0.26177087317680175,
        0.5005471401318198,
        0.816116647233234,
        0.910757411014463,
        0.6084063199975218,
        0.25951174778683683,
        0.9631625022088794,
        0.7045659889653457,
        0.36950024371946233,
        0.7866539535912098,
        0.46327636663185745,
        0.8687262998661953,
        0.340551366027335,
        0.8929352725317148,
        0.2548912390029278,
        0.49281716879019916,
        0.9259710944763919,
        0.2680892042133091,
        0.5643350572975998,
        0.6810500268316679
    ],
    "stim0": [
        0,
        2,
        0,
        1,
        1,
        2,
        0,
        0,
        0,
        3,
        1,
        3,
        1,
        0,
        3,
        0,
        2,
        2,
        3,
        0,
        2,
        1,
        0,
        0,
        0,
        3,
        0,
        1,
        1,
        3,
        1,
        3,
        1,
        0,
        2,
        0,
        0,
        3,
        3,
        0,
        3,
        2,
        1,
        1,
        2,
        2,
        0,
        2,
        0,
        3,
        0,
        3,
        1,
        2,
        1,
        3,
        2,
        1,
        1,
        2,
        3,
        1,
        3,
        3,
        1,
        2,
        0,
        2,
        0,
        2,
        2,
        0,
        0,
        0,
        1,
        1,
        3,
        1,
        2,
        2,
        1,
        1,
        2,
        0,
        0,
        1,
        2,
        2,
        2,
        0,
        2,
        0,
        0,
        0,
        3,
        2,
        1,
        1,
        1,
        3,
        2,
        1,
        0,
        0,
        1,
        1,
        2,
        1,
        0,
        1,
        2,
        0,
        0,
        3,
        1,
        2,
        2,
        1,
        2,
        1,
        1,
        2,
        2,
        0,
        2,
        2,
        3,
        0,
        3,
        3,
        0,
        1,
        2,
        2,
        1,
        1,
        0,
        2,
        1,
        1,
        1,
        0,
        3,
        2,
        3,
        3,
        2,
        2,
        2,
        2,
        2,
        2,
        2,
        3,
        1,
        3,
        0,
        3,
        3,
        0,
        3,
        1,
        3,
        2,
        1,
        1,
        1,
        0,
        3,
        3,
        3,
        1,
        2,
        3,
        3,
        2,
        0,
        0,
        0,
        1,
        0,
        1,
        2,
        1,
        0,
        2,
        3,
        0,
        2,
        1,
        2,
        3,
        2,
        3,
        1,
        0,
        1,
        1,
        0,
        1,
        2,
        3,
        0,
        0,
        0,
        0,
        3,
        3,
        3,
        1,
        2,
        1,
        0,
        0,
        0,
        2,
        2,
        2,
        3,
        1,
        1,
        1,
        2,
        0,
        0,
        3,
        1,
        2,
        2,
        3,
        3,
        3,
        0,
        3,
        1,
        2,
        0,
        1,
        3,
        3
    ],
    "size0": [
        11,
        12,
        15
    ],
    "rule0": [
        1
    ],