{
    "fbQuantBase": [
        3,
        5,
        3
    ],
    "size0": [
        10,
        16,
        10
    ],
    "size1": [
        10,
        16,
        10
    ],
    "size2": [
        10,
        16,
        10
    ],
    "size3": [
        10,
        16,
        10
    ],
    "fbQuantCrash": [
        1,
        2,
        1,
        2,
        1,
        1,
        1,
        2,
        2,
        1,
        1,
        1,
        2,
        2,
        1,
        2,
        2,
        1,
        1,
        2,
        1,
        1,
        2,
        2,
        2,
        2,
        2,
        1,
        2,
        1,
        2,
        1,
        2,
        2,
        2,
        2,
        2,
        1,
        2,
        1,
        1,
        1,
        1,
        2,
        1,
        1,
        2,
        2,
        1,
        1,
        2,
        1,
        1,
        1,
        1,
        2,
        2,
        1,
        1,
        1,
        2,
        1,
        2,
        1,
        1,
        1,
        1,
        1,
        1,
        1,
        2,
        1,
        2,
        2,
        1,
        2,
        2,
        2,
        1,
        1,
        2,
        1,
        2,
        1,
        1,
        1,
        2,
        1,
        2,
        1,
        1,
        1,
        1,
        1,
        1,
        2,
        2,
        2,
        1,
        2
    ],
    "goalProgCrashThreshold": [
        0.44580716510362817,
        0.2055252169397604,
        0.4630027944733732,
        0.25543109048952783,
        0.515454094692672,
        0.2751782606034201,
        0.7596226319790067,
        0.981725697978916,
        0.6630932910098832,
        0.8907809626317009,
        0.897097565788044,
        0.7400338384282499,
        0.4182961914067902,
        0.3200672842170634,
        0.4172683206166019,
        0.2673208802150197,
        0.29831604992515176,
        0.3860691831314121,
        0.37260663930061133,
        0.6348854378047981,
        0.5564539884312838,
        0.992159599008243,
        0.6720535756567763,
        0.3308684543876644,
        0.9035367052968672,
        0.672249571060711,
        0.3427214814416233,
        0.49814578042749436,
        0.9290603212259632,
        0.9449081125304264,
        0.8398917167046129,
        0.8993461081130509,
        0.4478854757611516,
        0.9266315173225252,
        0.44518469166293234,
        0.654416211390025,
        0.7983438881063485,
        0.876679190568965,
        0.6905348658634317,
        0.9535138337659979,
        0.8432519053674918,
        0.910190066222798,
        0.24719993892823944,
        0.6134122014389751,
        0.46833742340104795,
        0.2482289805058928,
        0.5157676330056264,
        0.37065851481631784,
        0.6931415177494281,
        0.5738263499581233,
        0.5669165023375041,
        0.740036003752544,
        0.3478975373984954,
        0.2148156941050715,
        0.4046762916339529,
        0.9073789875744604,
        0.3325487035411625,
        0.7105197670470924,
        0.9493489500671273,
        0.8636931674918911,
        0.21419233003256874,
        0.5855320313030032,
        0.7690642604312385,
        0.698591545372959,
        0.9384396325769921,
        0.9101284949929218,
        0.20689432190455426,
        0.4487337813156456,
        0.8692830243497467,
        0.416393596968112,
        0.6252797732662827,
        0.6315323703492873,
        0.8856618920386672,
        0.7886170817937963,
        0.4406826199867519,
        0.48884314272861173,
        0.8092602851659203,
        0.8538950945721318,
        0.7824569580916827,
        0.8125064944338474,
        0.8747781142544053,
        0.6214072186173847,
        0.8663317684708234,
        0.2684489379530054,
        0.40705411984270407,
        0.7374020707853746,
        0.40408214038192636,
        0.6570254044387844,
        0.24734705029189163,
        0.5443827994230093,
        0.7367489017261166,
        0.9055977572528195,
        0.442353435103678,
        0.5604114243896624,
        0.4480121018588166,
        0.8407787683425367,
        0.8197006201673815,
        0.2077119312762589,
        0.7077465157350511,
        0.8240737808907579
    ],
    "stim0": [
        2,
        0,
        2,
        1,
        2,
        3,
        2,
        1,
        1,
        0,
        3,
        1,
        1,
        0,
        1,
        0,
        2,
        3,
        3,
        0,
        2,
        0,
        0,
        3,
        3,
        0,
        2,
        0,
        2,
        0,
        0,
        3,
        0,
        0,
        0,
        0,
        2,
        0,
        1,
        1,
        3,
        0,
        2,
        1,
        0,
        2,
        3,
        0,
        2,
        2,
        2,
        2,
        1,
        0,
        2,
        2,
        1,
        2,
        3,
        1,
        3,
        1,
        1,
        0,
        1,
        3,
        1,
        2,
        3,
        3,
        2,
        2,
        0,
        0,
        3,
        2,
        0,
        3,
        3,
        2,
        3,
        2,
        2,
        1,
        0,
        2,
        0,
        2,
        3,
        3,
        1,
        2,
        3,
        1,
        1,
        3,
        0,
        0,
        0,
        1
    ],
    "rule0": [
        0
    ],
    "corKey0": [
        0,
        0,
        0,
        1,
        0,
        1,
        0,
        1,
        1,
        0,
        1,
        1,
        1,
        0,
        1,
        0,
        0,
        1,
        1,
        0,
        0,
        0,
        0,
        1,
        1,
        0,
        0,
        0,
        0,
        0,
        0,
        1,
        0,
        0,
        0,
        0,
        0,
        0,
        1,
        1,
        1,
        0,
        0,
        1,
        0,
        0,
        1,
        0,
        0,
        0,
        0,
        0,
        1,
        0,
        0,
        0,
        1,
        0,
        1,
        1,
        1,
        1,
        1,
        0,
        1,
        1,
        1,
        0,
        1,
        1,
        0,
        0,
        0,
        0,
        1,
        0,
        0,
        1,
        1,
        0,
        1,
        0,
        0,
        1,
        0,
        0,
        0,
        0,
        1,
        1,
        1,
        0,
        1,
        1,
        1,
        1,
        0,
        0,
        0,
        1
    ],
    "rule1": [
        0
    ],
    "corKey1": [
        0,
        0,
        0,
        1,
        0,
        1,
        0,
        1,
        1,
        0,
        1,
        1,
        1,
        0,
        1,
        0,
        0,
        1,
        1,
        0,
        0,
        0,
        0,
        1,
        1,
        0,
        0,
        0,
        0,
        0,
        0,
        1,
        0,
        0,
        0,
        0,
        0,
        0,
        1,
        1,
        1,
        0,
        0,
        1,
        0,
        0,
        1,
        0,
        0,
        0,
        0,
        0,
        1,
        0,
        0,
        0,
        1,
        0,
        1,
        1,
        1,
        1,
        1,
        0,
        1,
        1,
        1,
        0,
        1,
        1,
        0,
        0,
        0,
        0,
        1,
        0,
        0,
        1,
        1,
        0,
        1,
        0,
        0,
        1,
        0,
        0,
        0,
        0,
        1,
        1,
        1,
        0,
        1,
        1,
        1,
        1,
        0,
        0,
        0,
        1
    ],
    "rule2": [
        2
    ],