{
    "fbQuantBase": [
        3,
        5,
        3
    ],
    "size0": [
        10,
        16,
        10
    ],
    "size1": [
        10,
        16,
        10
    ],
    "size2": [
        10,
        16,
        10
    ],
    "size3": [
        10,
        16,
        10
    ],
    "fbQuantCrash": [
        1,
        1,
        1,
        2,
        1,
        2,
        1,
        1,
        2,
        2,
        2,
        1,
        1,
        2,
        1,
        1,
        2,
        1,
        2,
        1,
        1,
        1,
        2,
        1,
        1,
        2,
        2,
        1,
        2,
        1,
        1,
        1,
        1,
        1,
        1,
        2,
        1,
        2,
        2,
        2,
        1,
        2,
        2,
        1,
        2,
        1,
        2,
        1,
        1,
        2,
        2,
        2,
        1,
        2,
        2,
        2,
        1,
        2,
        2,
        1,
        2,
        1,
        1,
        2,
        2,
        1,
        2,
        1,
        1,
        1,
        1,
        1,
        2,
        1,
        1,
        1,
        2,
        2,
        2,
        2,
        1,
        1,
        2,
        1,
        1,
        1,
        1,
        1,
        1,
        1,
        2,
        2,
        2,
        2,
        1,
        2,
        1,
        2,
        2,
        1
    ],
    "goalProgCrashThreshold": [
        0.5152838666096283,
        0.28641638214192655,
        0.9214381547570414,
        0.48741948543983904,
        0.46106547013634747,
        0.3096779153537673,
        0.4154844051003812,
        0.7729365466760099,
        0.7149941722114617,
        0.8226519562354866,
        0.9905572797659554,
        0.2715626621617309,
        0.6935439630807956,
        0.3035284966077705,
        0.8273613484999098,
        0.8816959701513429,
        0.8302766660486793,
        0.25833761991281917,
        0.2100142069624499,
        0.6009190630346755,
        0.7100704058265903,
        0.8136230788218373,
        0.8783388463473722,
        0.34384230725267706,
        0.4378843841735033,
        0.853130957525905,
        0.5320552148260445,
        0.6254935793395913,
        0.6681552856682471,
        0.9596208672424218,
        0.45762991686065474,
        0.2687580384827015,
        0.20835269680415466,
        0.9540597593055862,
        0.276209704259425,
        0.6861752104192573,
        0.6997157453366998,
        0.9400011904554508,
        0.6913025183446849,
        0.8582664535594462,
        0.5153487599157043,
        0.4844778612313283,
        0.5096372741261537,
        0.7443876803051896,
        0.9656338441159955,
        0.5692791573849527,
        0.3464153677879197,
        0.48927735037537134,
        0.971094541907296,
        0.789175406284391,
        0.4685282286984744,
        0.6103642129203819,
        0.7365417128085627,
        0.5016032657963236,
        0.5246098164428885,
        0.5269650325789392,
        0.7766936241329248,
        0.33729066021356724,
        0.2659024371747191,
        0.3642752096782198,
        0.7266723108311761,
        0.6616797505615071,
        0.693075944450774,
        0.8890782326301523,
        0.22181575990095528,
        0.6452569749577199,
        0.3113702406539968,
        0.5013318317407143,
        0.9318003006152722,
        0.2777646612591495,
        0.9634591852656309,
        0.672823841242237,
        0.5839484910039803,
        0.40244927501881006,
        0.901059024789229,
        0.2689695453363709,
        0.3366563149708621,
        0.47304424420114827,
        0.3391635346956206,
        0.4234445629991903,
        0.862333247466937,
        0.2996876194144708,
        0.426507480642341,
        0.687163448617077,
        0.6061286773700643,
        0.6884096238877013,
        0.3571686781702864,
        0.20269718120527402,
        0.24218596706767181,
        0.9872617725558508,
        0.25938949245252885,
        0.7358569456148085,
        0.63507393714447,
        0.6730012635683807,
        0.42794988095370157,
        0.7905378968800278,
        0.7459823633969234,
        0.35535478398185294,
        0.6942496832461589,
        0.686890771992729
    ],
    "stim0": [
        3,
        3,
        2,
        0,
        3,
        3,
        3,
        1,
        2,
        3,
        3,
        1,
        2,
        0,
        3,
        2,
        2,
        3,
        3,
        3,
        0,
        1,
        3,
        1,
        2,
        2,
        0,
        0,
        3,
        2,
        0,
        0,
        0,
        0,
        1,
        3,
        3,
        2,
        2,
        0,
        2,
        0,
        3,
        3,
        3,
        1,
        2,
        1,
        1,
        1,
        3,
        3,
        0,
        0,
        0,
        0,
        0,
        0,
        3,
        2,
        3,
        0,
        3,
        0,
        3,
        2,
        3,
        3,
        2,
        2,
        0,
        2,
        1,
        2,
        0,
        0,
        2,
        1,
        0,
        2,
        3,
        1,
        3,
        1,
        0,
        3,
        2,
        1,
        0,
        0,
        2,
        0,
        1,
        0,
        1,
        0,
        1,
        3,
        3,
        1
    ],
    "rule0": [
        2
    ],
    "corKey0": [
        0,
        0,
        0,
        1,
        0,
        0,
        0,
        1,
        0,
        0,
        0,
        1,
        0,
        1,
        0,
        0,
        0,
        0,
        0,
        0,
        1,
        1,
        0,
        1,
        0,
        0,
        1,
        1,
        0,
        0,
        1,
        1,
        1,
        1,
        1,
        0,
        0,
        0,
        0,
        1,
        0,
        1,
        0,
        0,
        0,
        1,
        0,
        1,
        1,
        1,
        0,
        0,
        1,
        1,
        1,
        1,
        1,
        1,
        0,
        0,
        0,
        1,
        0,
        1,
        0,
        0,
        0,
        0,
        0,
        0,
        1,
        0,
        1,
        0,
        1,
        1,
        0,
        1,
        1,
        0,
        0,
        1,
        0,
        1,
        1,
        0,
        0,
        1,
        1,
        1,
        0,
        1,
        1,
        1,
        1,
        1,
        1,
        0,
        0,
        1
    ],
    "rule1": [
        1
    ],
    "corKey1": [
        0,
        0,
        1,
        1,
        0,
        0,
        0,
        0,
        1,
        0,
        0,
        0,
        1,
        1,
        0,
        1,
        1,
        0,
        0,
        0,
        1,
        0,
        0,
        0,
        1,
        1,
        1,
        1,
        0,
        1,
        1,
        1,
        1,
        1,
        0,
        0,
        0,
        1,
        1,
        1,
        1,
        1,
        0,
        0,
        0,
        0,
        1,
        0,
        0,
        0,
        0,
        0,
        1,
        1,
        1,
        1,
        1,
        1,
        0,
        1,
        0,
        1,
        0,
        1,
        0,
        1,
        0,
        0,
        1,
        1,
        1,
        1,
        0,
        1,
        1,
        1,
        1,
        0,
        1,
        1,
        0,
        0,
        0,
        0,
        1,
        0,
        1,
        0,
        1,
        1,
        1,
        1,
        0,
        1,
        0,
        1,
        0,
        0,
        0,
        0
    ],
    "rule2": [
        1
    ],