{
    "fbQuantBase": [
        3,
        5,
        3
    ],
    "size0": [
        10,
        16,
        10
    ],
    "size1": [
        10,
        16,
        10
    ],
    "size2": [
        10,
        16,
        10
    ],
    "size3": [
        10,
        16,
        10
    ],
    "fbQuantCrash": [
        1,
        2,
        1,
        2,
        1,
        1,
        2,
        2,
        2,
        2,
        2,
        2,
        2,
        2,
        2,
        2,
        1,
        1,
        2,
        1,
        1,
        1,
        2,
        1,
        2,
        1,
        2,
        2,
        1,
        1,
        2,
        1,
        2,
        2,
        2,
        2,
        2,
        2,
        1,
        1,
        1,
        1,
        2,
        1,
        1,
        1,
        1,
        2,
        1,
        1,
        1,
        2,
        1,
        1,
        1,
        1,
        2,
        2,
        2,
        1,
        2,
        2,
        1,
        1,
        2,
        2,
        2,
        1,
        1,
        1,
        2,
        1,
        1,
        1,
        2,
        2,
        2,
        2,
        2,
        2,
        1,
        1,
        1,
        2,
        1,
        2,
        2,
        1,
        2,
        2,
        2,
        2,
        1,
        1,
        2,
        1,
        2,
        1,
        2,
        1
    ],
    "goalProgCrashThreshold": [
        0.6710119265904448,
        0.8880312037744857,
        0.5948102353430729,
        0.2738694881243812,
        0.9978806437085332,
        0.8778433102561498,
        0.4595727469947578,
        0.2003018029748751,
        0.5485525519131376,
        0.9618247243103044,
        0.7309991115739842,
        0.9532885932984521,
        0.7536909081843062,
        0.22270197793792335,
        0.4619803731397409,
        0.9098017588719591,
        0.36395929939411087,
        0.38255445283754314,
        0.2741804583123275,
        0.8788529872354747,
        0.3024718296602831,
        0.24475044554216538,
        0.7637320323366263,
        0.772798352649638,
        0.4251703876690174,
        0.6408811108029054,
        0.29026551240510845,
        0.6145881024776199,
        0.7652376831533707,
        0.8796388478408335,
        0.4152515032506511,
        0.5662168085141401,
        0.5207010491926485,
        0.23981332862434288,
        0.3321551842398621,
        0.6191669014711532,
        0.4486555907451063,
        0.33525691841098537,
        0.26421057412805204,
        0.5571847552822646,
        0.7764022384490763,
        0.5723925364446107,
        0.4900868307797781,
        0.9451654251005799,
        0.7722945771122505,
        0.2852579618291931,
        0.7595338308092592,
        0.7104335899544287,
        0.4498363417044175,
        0.44320147283908096,
        0.3537551253006667,
        0.9304336228319563,
        0.44608936727359105,
        0.5492193228980687,
        0.5883582803063547,
        0.7154598277493387,
        0.5849404507153781,
        0.2679047843698533,
        0.5484356187335102,
        0.24017194124899116,
        0.6258634305669515,
        0.6797018297740421,
        0.7887977090676732,
        0.4174939634481402,
        0.4453089414750099,
        0.9170330265718956,
        0.3704624546205726,
        0.45734477485824043,
        0.2255562624601707,
        0.9655807872830948,
        0.6626172263616281,
        0.3793523874724457,
        0.8868905347454021,
        0.9984449066415821,
        0.9887266112968673,
        0.8997472467497902,
        0.6089766970279253,
        0.5987068907610191,
        0.20042421793597073,
        0.6487387111454577,
        0.36275099640218306,
        0.831434013804053,
        0.2197562595484686,
        0.5210462137922606,
        0.833898474198923,
        0.4890159636402942,
        0.7939447890385574,
        0.7677701818112412,
        0.8320481077933992,
        0.35882051500009604,
        0.8209143738157141,
        0.4909583139287366,
        0.85601416081344,
        0.33068523577435516,
        0.4997193637307226,
        0.6999186980746781,
        0.7102922699183554,
        0.25852667734373036,
        0.21256983329530216,
        0.9008964452536379
    ],
    "stim0": [
        2,
        1,
        1,
        2,
        1,
        1,
        2,
        0,
        2,
        1,
        3,
        0,
        3,
        3,
        1,
        1,
        2,
        1,
        1,
        1,
        2,
        0,
        1,
        1,
        1,
        0,
        0,
        3,
        1,
        2,
        0,
        3,
        1,
        3,
        1,
        1,
        3,
        3,
        0,
        0,
        3,
        3,
        0,
        1,
        3,
        1,
        1,
        2,
        2,
        3,
        0,
        3,
        3,
        0,
        3,
        3,
        3,
        0,
        3,
        0,
        1,
        3,
        3,
        2,
        3,
        2,
        2,
        3,
        0,
        1,
        0,
        3,
        1,
        2,
        3,
        0,
        2,
        1,
        3,
        3,
        2,
        1,
        1,
        2,
        1,
        2,
        0,
        2,
        2,
        2,
        3,
        3,
        3,
        0,
        2,
        0,
        3,
        3,
        1,
        3
    ],
    "rule0": [
        2
    ],
    "corKey0": [
        0,
        1,
        1,
        0,
        1,
        1,
        0,
        1,
        0,
        1,
        0,
        1,
        0,
        0,
        1,
        1,
        0,
        1,
        1,
        1,
        0,
        1,
        1,
        1,
        1,
        1,
        1,
        0,
        1,
        0,
        1,
        0,
        1,
        0,
        1,
        1,
        0,
        0,
        1,
        1,
        0,
        0,
        1,
        1,
        0,
        1,
        1,
        0,
        0,
        0,
        1,
        0,
        0,
        1,
        0,
        0,
        0,
        1,
        0,
        1,
        1,
        0,
        0,
        0,
        0,
        0,
        0,
        0,
        1,
        1,
        1,
        0,
        1,
        0,
        0,
        1,
        0,
        1,
        0,
        0,
        0,
        1,
        1,
        0,
        1,
        0,
        1,
        0,
        0,
        0,
        0,
        0,
        0,
        1,
        0,
        1,
        0,
        0,
        1,
        0
    ],
    "rule1": [
        0
    ],
    "corKey1": [
        0,
        1,
        1,
        0,
        1,
        1,
        0,
        0,
        0,
        1,
        1,
        0,
        1,
        1,
        1,
        1,
        0,
        1,
        1,
        1,
        0,
        0,
        1,
        1,
        1,
        0,
        0,
        1,
        1,
        0,
        0,
        1,
        1,
        1,
        1,
        1,
        1,
        1,
        0,
        0,
        1,
        1,
        0,
        1,
        1,
        1,
        1,
        0,
        0,
        1,
        0,
        1,
        1,
        0,
        1,
        1,
        1,
        0,
        1,
        0,
        1,
        1,
        1,
        0,
        1,
        0,
        0,
        1,
        0,
        1,
        0,
        1,
        1,
        0,
        1,
        0,
        0,
        1,
        1,
        1,
        0,
        1,
        1,
        0,
        1,
        0,
        0,
        0,
        0,
        0,
        1,
        1,
        1,
        0,
        0,
        0,
        1,
        1,
        1,
        1
    ],
    "rule2": [
        2
    ],