{
    "fbQuantBase": [
        3,
        5,
        3
    ],
    "size0": [
        10,
        16,
        10
    ],
    "size1": [
        10,
        16,
        10
    ],
    "size2": [
        10,
        16,
        10
    ],
    "size3": [
        10,
        16,
        10
    ],
    "fbQuantCrash": [
        2,
        1,
        2,
        2,
        2,
        2,
        1,
        1,
        1,
        2,
        1,
        2,
        2,
        2,
        1,
        1,
        1,
        2,
        1,
        1,
        2,
        2,
        1,
        2,
        1,
        1,
        1,
        2,
        1,
        2,
        2,
        2,
        1,
        2,
        1,
        1,
        1,
        1,
        1,
        1,
        2,
        2,
        1,
        1,
        1,
        1,
        1,
        2,
        2,
        1,
        2,
        1,
        2,
        2,
        2,
        2,
        1,
        2,
        1,
        2,
        2,
        1,
        2,
        2,
        1,
        2,
        2,
        1,
        1,
        2,
        2,
        1,
        2,
        2,
        2,
        1,
        1,
        1,
        1,
        1,
        1,
        1,
        2,
        1,
        2,
        2,
        2,
        1,
        1,
        2,
        2,
        1,
        1,
        1,
        1,
        1,
        2,
        1,
        1,
        2
    ],
    "goalProgCrashThreshold": [
        0.40013651559273233,
        0.3029808621499169,
        0.5728433096896675,
        0.3895866946666255,
        0.35449522264335886,
        0.8305630516751867,
        0.9727889714617972,
        0.4597905094466194,
        0.7034012131956384,
        0.650940529329832,
        0.44000035821687505,
        0.8899091129104533,
        0.7610531568494627,
        0.22992044718163634,
        0.46200947167544487,
        0.44805577042669187,
        0.3777898984143335,
        0.9645638863391137,
        0.5076228613338764,
        0.8581800611566521,
        0.27013866092051536,
        0.9908625412013403,
        0.7976908593670682,
        0.8924254299299077,
        0.3276901526679886,
        0.596177518739232,
        0.36210433273443865,
        0.49639873676633234,
        0.6126206999784889,
        0.8482994979407825,
        0.6148264685477254,
        0.9791078898396328,
        0.812985638143976,
        0.9225689153611276,
        0.25190463696067034,
        0.7166300846404501,
        0.45815034532077425,
        0.24320492651230696,
        0.692631479578026,
        0.7509382624817134,
        0.37941769663408564,
        0.77676250052452,
        0.9173758907937966,
        0.4171117296933802,
        0.7981090488918297,
        0.971534538628607,
        0.9489861273586937,
        0.47058224646601254,
        0.605675620966345,
        0.8103554497543084,
        0.8209575967323675,
        0.6010969659657801,
        0.21585871700713213,
        0.9833250954520472,
        0.6691615960130437,
        0.5497733303697829,
        0.7526695351194879,
        0.7884705035800492,
        0.9409911774138329,
        0.3238297329501394,
        0.9890083025586713,
        0.5481744153825647,
        0.8645656820660104,
        0.29736304678822956,
        0.7723086449274703,
        0.40672073847827933,
        0.7787284956066058,
        0.7383533164963536,
        0.6276408746716415,
        0.8407447154314418,
        0.41778966830425635,
        0.28280012131420906,
        0.7899515650551276,
        0.5173397623930018,
        0.9767857046125072,
        0.36453746240612983,
        0.28674507962184653,
        0.25500847658112485,
        0.5886551200681583,
        0.5990486771530922,
        0.478305928357623,
        0.2381122569904612,
        0.6324954683414015,
        0.6430363469990594,
        0.34817408843578934,
        0.2605234128209956,
        0.21185015612427788,
        0.5793692104319855,
        0.6324645971209502,
        0.9171115975536495,
        0.7940243480083711,
        0.9028415399562115,
        0.5577036555514585,
        0.7774603138313105,
        0.3792232833414355,
        0.5780577329536096,
        0.9708195639319148,
        0.3645297687963777,
        0.44018134598128617,
        0.21058092462560574
    ],
    "stim0": [
        0,
        0,
        1,
        1,
        2,
        1,
        2,
        0,
        3,
        3,
        1,
        0,
        0,
        3,
        2,
        1,
        2,
        1,
        2,
        2,
        0,
        3,
        2,
        0,
        2,
        1,
        2,
        1,
        2,
        2,
        1,
        2,
        3,
        3,
        0,
        1,
        1,
        3,
        3,
        1,
        0,
        3,
        1,
        2,
        1,
        3,
        0,
        0,
        1,
        1,
        2,
        3,
        1,
        0,
        0,
        2,
        1,
        1,
        1,
        0,
        3,
        3,
        2,
        3,
        0,
        3,
        2,
        1,
        0,
        1,
        1,
        2,
        0,
        1,
        1,
        0,
        3,
        2,
        1,
        3,
        3,
        3,
        0,
        2,
        3,
        2,
        2,
        1,
        2,
        2,
        1,
        3,
        3,
        0,
        0,
        2,
        3,
        3,
        3,
        2
    ],
    "rule0": [
        2
    ],
    "corKey0": [
        1,
        1,
        1,
        1,
        0,
        1,
        0,
        1,
        0,
        0,
        1,
        1,
        1,
        0,
        0,
        1,
        0,
        1,
        0,
        0,
        1,
        0,
        0,
        1,
        0,
        1,
        0,
        1,
        0,
        0,
        1,
        0,
        0,
        0,
        1,
        1,
        1,
        0,
        0,
        1,
        1,
        0,
        1,
        0,
        1,
        0,
        1,
        1,
        1,
        1,
        0,
        0,
        1,
        1,
        1,
        0,
        1,
        1,
        1,
        1,
        0,
        0,
        0,
        0,
        1,
        0,
        0,
        1,
        1,
        1,
        1,
        0,
        1,
        1,
        1,
        1,
        0,
        0,
        1,
        0,
        0,
        0,
        1,
        0,
        0,
        0,
        0,
        1,
        0,
        0,
        1,
        0,
        0,
        1,
        1,
        0,
        0,
        0,
        0,
        0
    ],
    "rule1": [
        0
    ],
    "corKey1": [
        0,
        0,
        1,
        1,
        0,
        1,
        0,
        0,
        1,
        1,
        1,
        0,
        0,
        1,
        0,
        1,
        0,
        1,
        0,
        0,
        0,
        1,
        0,
        0,
        0,
        1,
        0,
        1,
        0,
        0,
        1,
        0,
        1,
        1,
        0,
        1,
        1,
        1,
        1,
        1,
        0,
        1,
        1,
        0,
        1,
        1,
        0,
        0,
        1,
        1,
        0,
        1,
        1,
        0,
        0,
        0,
        1,
        1,
        1,
        0,
        1,
        1,
        0,
        1,
        0,
        1,
        0,
        1,
        0,
        1,
        1,
        0,
        0,
        1,
        1,
        0,
        1,
        0,
        1,
        1,
        1,
        1,
        0,
        0,
        1,
        0,
        0,
        1,
        0,
        0,
        1,
        1,
        1,
        0,
        0,
        0,
        1,
        1,
        1,
        0
    ],
    "rule2": [
        2
    ],