{
    "fbQuantBase": [
        3,
        5,
        3
    ],
    "fbQuantCrash": [
        2,
        1,
        1,
        1,
        1,
        1,
        1,
        2,
        2,
        1,
        2,
        1,
        1,
        2,
        2,
        2,
        2,
        2,
        2,
        1,
        2,
        1,
        1,
        2,
        2,
        1,
        1,
        2,
        2,
        1,
        1,
        1,
        1
    ],
    "goalProgCrashThreshold": [
        0.5603985358454864,
        0.5519540284795701,
        0.7444384033210201,
        0.7136055766494911,
        0.6713450043120435,
        0.43094053651432945,
        0.9325552359349549,
        0.45054786158697785,
        0.9892874965544982,
        0.6046152900926527,
        0.8913322513257607,
        0.5244069338136046,
        0.3174840782980588,
        0.33902519679186116,
        0.5000779342468558,
        0.636995708595576,
        0.9650849133576767,
        0.52268566674559,
        0.9589517031257591,
        0.23425271637172573,
        0.3559033021193616,
        0.8368117908280783,
        0.22322815741326174,
        0.5548033150707348,
        0.9129918040926273,
        0.6446257448477586,
        0.8141136887401057,
        0.33405846090720265,
        0.20390286531065227,
        0.47155383125476585,
        0.7784165917072359,
        0.205354890977815,
        0.5403381823478062
    ],
    "stim0": [
        3,
        1,
        3,
        0,
        1,
        1,
        2,
        0,
        2,
        1,
        3,
        0,
        2,
        1,
        3,
        1,
        2,
        2,
        2,
        2,
        3,
        1,
        0,
        3,
        3,
        2,
        3,
        0,
        3,
        0,
        1,
        0,
        0,
        2,
        0,
        0,
        0,
        0,
        2,
        3,
        1,
        1,
        1,
        3,
        1,
        0,
        2,
        2,
        1,
        2,
        0,
        2,
        1,
        1,
        0,
        3,
        3,
        1,
        3,
        0,
        1,
        3,
        0,
        0,
        0,
        3,
        1,
        0,
        1,
        1,
        3,
        0,
        0,
        1,
        1,
        1,
        3,
        1,
        2,
        0,
        1,
        0,
        3,
        3,
        2,
        1,
        3,
        1,
        0,
        3,
        3,
        3,
        2,
        1,
        3,
        1,
        3,
        2,
        0
    ],
    "size0": [
        13,
        18,
        18
    ],
    "rule0": [
        0
    ],
    "corKey0": [
        1,
        1,
        1,
        0,
        1,
        1,
        0,
        0,
        0,
        1,
        1,
        0,
        0,
        1,
        1,
        1,
        0,
        0,
        0,
        0,
        1,
        1,
        0,
        1,
        1,
        0,
        1,
        0,
        1,
        0,
        1,
        0,
        0,
        0,
        0,
        0,
        0,
        0,
        0,
        1,
        1,
        1,
        1,
        1,
        1,
        0,
        0,
        0,
        1,
        0,
        0,
        0,
        1,
        1,
        0,
        1,
        1,
        1,
        1,
        0,
        1,
        1,
        0,
        0,
        0,
        1,
        1,
        0,
        1,
        1,
        1,
        0,
        0,
        1,
        1,
        1,
        1,
        1,
        0,
        0,
        1,
        0,
        1,
        1,
        0,
        1,
        1,
        1,
        0,
        1,
        1,
        1,
        0,
        1,
        1,
        1,
        1,
        0,
        0
    ],
    "size1": [
        18,
        11,
        17
    ],
    "rule1": [
        3
    ],
    "corKey1": [
        1,
        0,
        1,
        0,
        0,
        0,
        1,
        0,
        1,
        0,
        1,
        0,
        1,
        0,
        1,
        0,
        1,
        1,
        1,
        1,
        1,
        0,
        0,
        1,
        1,
        1,
        1,
        0,
        1,
        0,
        0,
        0,
        0,
        1,
        0,
        0,
        0,
        0,
        1,
        1,
        0,
        0,
        0,
        1,
        0,
        0,
        1,
        1,
        0,
        1,
        0,
        1,
        0,
        0,
        0,
        1,
        1,
        0,
        1,
        0,
        0,
        1,
        0,
        0,
        0,
        1,
        0,
        0,
        0,
        0,
        1,
        0,
        0,
        0,
        0,
        0,
        1,
        0,
        1,
        0,
        0,
        0,
        1,
        1,
        1,
        0,
        1,
        0,
        0,
        1,
        1,
        1,
        1,
        0,
        1,
        0,
        1,
        1,
        0
    ],
    "size2": [
        16,
        16,
        19
    ],
    "rule2": [
        0
    ],
    "corKey2": [
        1,
        1,
        1,
        0,
        1,
        1,
        0,
        0,
        0,
        1,
        1,
        0,
        0,
        1,
        1,
        1,
        0,
        0,
        0,
        0,
        1,
        1,
        0,
        1,
        1,
        0,
        1,
        0,
        1,
        0,
        1,
        0,
        0,
        0,
        0,
        0,
        0,
        0,
        0,
        1,
        1,
        1,
        1,
        1,
        1,
        0,
        0,
        0,
        1,
        0,
        0,
        0,
        1,
        1,
        0,
        1,
        1,
        1,
        1,
        0,
        1,
        1,
        0,
        0,
        0,
        1,
        1,
        0,
        1,
        1,
        1,
        0,
        0,
        1,
        1,
        1,
        1,
        1,
        0,
        0,
        1,
        0,
        1,
        1,
        0,
        1,
        1,
        1,
        0,
        1,
        1,
        1,
        0,
        1,
        1,
        1,
        1,
        0,
        0
    ],
    "size3": [
        19,
        10,
        20
    ],
    "rule3": [
        3
    ],
    "corKey3": [
        1,
        0,
        1,
        0,
        0,
        0,
        1,
        0,
        1,
        0,
        1,
        0,
        1,
        0,
        1,
        0,
        1,
        1,
        1,
        1,
        1,
        0,
        0,
        1,
        1,
        1,
        1,
        0,
        1,
        0,
        0,
        0,
        0,
        1,
        0,
        0,
        0,
        0,
        1,
        1,
        0,
        0,
        0,
        1,
        0,
        0,
        1,
        1,
        0,
        1,
        0,
        1,
        0,
        0,
        0,
        1,
        1,
        0,
        1,
        0,
        0,
        1,
        0,
        0,
        0,
        1,
        0,
        0,
        0,
        0,
        1,
        0,
        0,
        0,
        0,
        0,
        1,
        0,
        1,
        0,
        0,
        0,
        1,
        1,
        1,
        0,
        1,
        0,
        0,
        1,
        1,
        1,
        1,
        0,
        1,
        0,
        1,
        1,
        0
    ],