{
    "fbQuantBase": [
        3,
        5,
        3
    ],
    "size0": [
        10,
        16,
        10
    ],
    "size1": [
        10,
        16,
        10
    ],
    "size2": [
        10,
        16,
        10
    ],
    "size3": [
        10,
        16,
        10
    ],
    "fbQuantCrash": [
        2,
        2,
        1,
        1,
        1,
        2,
        2,
        1,
        1,
        1,
        2,
        2,
        2,
        1,
        1,
        1,
        1,
        1,
        2,
        1,
        2,
        1,
        1,
        1,
        1,
        1,
        1,
        2,
        1,
        2,
        2,
        1,
        1,
        2,
        2,
        1,
        2,
        2,
        2,
        2,
        2,
        2,
        2,
        1,
        2,
        1,
        1,
        1,
        1,
        1,
        1,
        1,
        2,
        1,
        1,
        1,
        2,
        2,
        2,
        1,
        2,
        1,
        1,
        1,
        2,
        2,
        2,
        2,
        1,
        2,
        2,
        2,
        2,
        2,
        2,
        2,
        1,
        2,
        2,
        1,
        2,
        2,
        1,
        1,
        2,
        2,
        1,
        1,
        2,
        1,
        1,
        1,
        2,
        2,
        1,
        1,
        1,
        1,
        2,
        1
    ],
    "goalProgCrashThreshold": [
        0.9502132462305226,
        0.8508808178956586,
        0.22743962191292716,
        0.9035149368042301,
        0.8778717461170193,
        0.6031336471787418,
        0.9703033090826096,
        0.9966088472473822,
        0.7864328260242923,
        0.2605958421363174,
        0.8243141685548612,
        0.5835096690815297,
        0.3226933408953938,
        0.9126748719582447,
        0.4530785513443892,
        0.35478743434869914,
        0.8507517889084422,
        0.7702109636347265,
        0.2719902006377062,
        0.7714414009969683,
        0.4056995825494957,
        0.27607218920249005,
        0.8870803912385734,
        0.8236170267843421,
        0.6523327439408818,
        0.9632297735108206,
        0.49816252556336504,
        0.9828233520240512,
        0.5766799436848657,
        0.8338428321024309,
        0.6553669903715318,
        0.36044964772127575,
        0.9820826040515978,
        0.5760450912386548,
        0.3777013081508982,
        0.8287943880033637,
        0.3758507621594993,
        0.24637972286425153,
        0.2660539834865048,
        0.7123503754124358,
        0.8928015796512867,
        0.35044785549589696,
        0.8278324017176446,
        0.7699409720370303,
        0.415030821931146,
        0.5856048482410726,
        0.9895600773231319,
        0.41739410529851784,
        0.46827233023293413,
        0.8680782185813993,
        0.6920812498006899,
        0.6071328922939836,
        0.91422919614835,
        0.35643398755643796,
        0.3763470584900237,
        0.3891143576081609,
        0.40884957470583255,
        0.9811818558333547,
        0.31073550940690464,
        0.5947163512751288,
        0.4374339800154996,
        0.6320374448532086,
        0.3665180844249458,
        0.294001054457146,
        0.536950201099911,
        0.9165287601312151,
        0.526773531791848,
        0.6588467641077514,
        0.2669937322256677,
        0.7265202490305367,
        0.25377735762324377,
        0.8619203179145545,
        0.8094650988227472,
        0.5182118008954668,
        0.2803939009865329,
        0.3970221908233351,
        0.8895588926912028,
        0.7177339171105566,
        0.9978621395471929,
        0.5370403098991378,
        0.5056936838473116,
        0.6997591767677803,
        0.6678457598705059,
        0.6485449071020601,
        0.3184831296901138,
        0.453907300746711,
        0.9308440890795313,
        0.9768923622522185,
        0.5849616161681822,
        0.7086920619183585,
        0.9438771396152912,
        0.3549954343965924,
        0.2103906452627025,
        0.24766662750759202,
        0.2457570079315967,
        0.9115555873904542,
        0.8010379956591358,
        0.6708364708420459,
        0.5307354690794047,
        0.7002134602797079
    ],
    "stim0": [
        3,
        0,
        0,
        3,
        0,
        2,
        2,
        2,
        1,
        0,
        0,
        0,
        1,
        1,
        2,
        0,
        2,
        1,
        1,
        2,
        0,
        0,
        2,
        2,
        1,
        0,
        2,
        2,
        0,
        2,
        3,
        1,
        2,
        1,
        0,
        0,
        0,
        3,
        3,
        0,
        0,
        3,
        3,
        3,
        1,
        1,
        3,
        1,
        3,
        3,
        1,
        0,
        3,
        3,
        1,
        1,
        3,
        1,
        3,
        2,
        2,
        2,
        0,
        0,
        0,
        1,
        3,
        3,
        1,
        1,
        3,
        0,
        0,
        0,
        1,
        1,
        3,
        2,
        0,
        2,
        3,
        1,
        2,
        1,
        2,
        2,
        2,
        2,
        2,
        1,
        0,
        1,
        1,
        3,
        3,
        0,
        2,
        1,
        2,
        3
    ],
    "rule0": [
        0
    ],
    "corKey0": [
        1,
        0,
        0,
        1,
        0,
        0,
        0,
        0,
        1,
        0,
        0,
        0,
        1,
        1,
        0,
        0,
        0,
        1,
        1,
        0,
        0,
        0,
        0,
        0,
        1,
        0,
        0,
        0,
        0,
        0,
        1,
        1,
        0,
        1,
        0,
        0,
        0,
        1,
        1,
        0,
        0,
        1,
        1,
        1,
        1,
        1,
        1,
        1,
        1,
        1,
        1,
        0,
        1,
        1,
        1,
        1,
        1,
        1,
        1,
        0,
        0,
        0,
        0,
        0,
        0,
        1,
        1,
        1,
        1,
        1,
        1,
        0,
        0,
        0,
        1,
        1,
        1,
        0,
        0,
        0,
        1,
        1,
        0,
        1,
        0,
        0,
        0,
        0,
        0,
        1,
        0,
        1,
        1,
        1,
        1,
        0,
        0,
        1,
        0,
        1
    ],
    "rule1": [
        0
    ],
    "corKey1": [
        1,
        0,
        0,
        1,
        0,
        0,
        0,
        0,
        1,
        0,
        0,
        0,
        1,
        1,
        0,
        0,
        0,
        1,
        1,
        0,
        0,
        0,
        0,
        0,
        1,
        0,
        0,
        0,
        0,
        0,
        1,
        1,
        0,
        1,
        0,
        0,
        0,
        1,
        1,
        0,
        0,
        1,
        1,
        1,
        1,
        1,
        1,
        1,
        1,
        1,
        1,
        0,
        1,
        1,
        1,
        1,
        1,
        1,
        1,
        0,
        0,
        0,
        0,
        0,
        0,
        1,
        1,
        1,
        1,
        1,
        1,
        0,
        0,
        0,
        1,
        1,
        1,
        0,
        0,
        0,
        1,
        1,
        0,
        1,
        0,
        0,
        0,
        0,
        0,
        1,
        0,
        1,
        1,
        1,
        1,
        0,
        0,
        1,
        0,
        1
    ],
    "rule2": [
        3
    ],