{
    "fbQuantBase": [
        3,
        5,
        3
    ],
    "size0": [
        10,
        16,
        10
    ],
    "size1": [
        10,
        16,
        10
    ],
    "size2": [
        10,
        16,
        10
    ],
    "size3": [
        10,
        16,
        10
    ],
    "fbQuantCrash": [
        1,
        1,
        2,
        1,
        1,
        2,
        1,
        1,
        1,
        1,
        1,
        1,
        1,
        1,
        2,
        1,
        1,
        1,
        1,
        1,
        1,
        1,
        1,
        1,
        1,
        1,
        1,
        2,
        1,
        1,
        1,
        2,
        1,
        1,
        1,
        2,
        1,
        1,
        2,
        1,
        2,
        2,
        2,
        1,
        2,
        2,
        1,
        1,
        2,
        2,
        1,
        2,
        1,
        1,
        2,
        1,
        1,
        2,
        2,
        2,
        2,
        1,
        1,
        2,
        1,
        2,
        1,
        2,
        1,
        1,
        1,
        2,
        2,
        2,
        1,
        1,
        2,
        1,
        1,
        1,
        2,
        1,
        2,
        2,
        1,
        1,
        1,
        2,
        2,
        2,
        2,
        1,
        2,
        2,
        2,
        2,
        2,
        2,
        1,
        1
    ],
    "goalProgCrashThreshold": [
        0.5929012263377024,
        0.412922512679198,
        0.434143481493176,
        0.7995051453352093,
        0.5582291756366731,
        0.7140785223406643,
        0.972476651629012,
        0.3440451080160303,
        0.9934804850152006,
        0.7568856785549603,
        0.41057085312991193,
        0.24162146027934128,
        0.3596955841199172,
        0.3288465771537469,
        0.3875792866907678,
        0.9187534914695568,
        0.5876492953019185,
        0.3753234511176595,
        0.43118753480870153,
        0.3306684315539935,
        0.9177838343535647,
        0.33150821698357175,
        0.5625693370492733,
        0.6480204039564368,
        0.6649527426093838,
        0.47603590078529967,
        0.8465963198140609,
        0.6116023698757309,
        0.9695433559286424,
        0.5278852292918808,
        0.9893299093661521,
        0.7225751179886044,
        0.7343665103730923,
        0.7786881377107331,
        0.7573781998582783,
        0.7109231152765629,
        0.5056617424352994,
        0.9734321880525219,
        0.7323735963649403,
        0.8497331544244706,
        0.707095424393877,
        0.9771502005936255,
        0.29488786438209014,
        0.23888703331810862,
        0.28671953065401895,
        0.9495968496866996,
        0.4578553666753772,
        0.6039278624017698,
        0.27501945570753944,
        0.8815482558254455,
        0.2708817898256909,
        0.5646625264648684,
        0.5484164838152048,
        0.9461220795971534,
        0.769976103285335,
        0.8581278278034918,
        0.9253973231581025,
        0.26123721255164595,
        0.46464838528410796,
        0.8956969136478887,
        0.26060825090217493,
        0.7829039030836829,
        0.3148397702820018,
        0.5136605474016936,
        0.2645966024097745,
        0.24941821248505952,
        0.8303585688758421,
        0.515321759185616,
        0.6748221430952951,
        0.5318079731290237,
        0.5302474007604059,
        0.8718689077875086,
        0.8365085000481882,
        0.29637525292679023,
        0.45706489255766886,
        0.4073224904176527,
        0.4301760289263612,
        0.9770490130407925,
        0.3604900081085709,
        0.950384060694351,
        0.6436389349976204,
        0.7844648857803496,
        0.9439476915277678,
        0.2667352581386833,
        0.31170147767098516,
        0.6777901563589304,
        0.31537928716612174,
        0.5640134036480482,
        0.2994896010654804,
        0.49528692299559635,
        0.5710166511852983,
        0.5063160899949406,
        0.8189281934372052,
        0.9466324006333326,
        0.37070549733028396,
        0.8525580298878512,
        0.287028105521305,
        0.21935391939839344,
        0.9685791435993856,
        0.5791436116591651
    ],
    "stim0": [
        3,
        0,
        3,
        3,
        3,
        0,
        2,
        0,
        3,
        2,
        3,
        2,
        3,
        1,
        1,
        1,
        3,
        0,
        0,
        3,
        1,
        0,
        0,
        0,
        0,
        3,
        3,
        2,
        2,
        1,
        0,
        1,
        2,
        1,
        1,
        0,
        0,
        2,
        1,
        0,
        3,
        1,
        3,
        2,
        3,
        1,
        2,
        2,
        0,
        3,
        3,
        3,
        3,
        0,
        3,
        2,
        1,
        3,
        1,
        2,
        1,
        3,
        2,
        0,
        1,
        2,
        3,
        1,
        3,
        2,
        3,
        2,
        2,
        2,
        0,
        3,
        2,
        0,
        0,
        3,
        3,
        2,
        1,
        3,
        0,
        0,
        2,
        0,
        1,
        3,
        3,
        1,
        0,
        1,
        2,
        0,
        0,
        1,
        2,
        2
    ],
    "rule0": [
        2
    ],
    "corKey0": [
        0,
        1,
        0,
        0,
        0,
        1,
        0,
        1,
        0,
        0,
        0,
        0,
        0,
        1,
        1,
        1,
        0,
        1,
        1,
        0,
        1,
        1,
        1,
        1,
        1,
        0,
        0,
        0,
        0,
        1,
        1,
        1,
        0,
        1,
        1,
        1,
        1,
        0,
        1,
        1,
        0,
        1,
        0,
        0,
        0,
        1,
        0,
        0,
        1,
        0,
        0,
        0,
        0,
        1,
        0,
        0,
        1,
        0,
        1,
        0,
        1,
        0,
        0,
        1,
        1,
        0,
        0,
        1,
        0,
        0,
        0,
        0,
        0,
        0,
        1,
        0,
        0,
        1,
        1,
        0,
        0,
        0,
        1,
        0,
        1,
        1,
        0,
        1,
        1,
        0,
        0,
        1,
        1,
        1,
        0,
        1,
        1,
        1,
        0,
        0
    ],
    "rule1": [
        2
    ],
    "corKey1": [
        0,
        1,
        0,
        0,
        0,
        1,
        0,
        1,
        0,
        0,
        0,
        0,
        0,
        1,
        1,
        1,
        0,
        1,
        1,
        0,
        1,
        1,
        1,
        1,
        1,
        0,
        0,
        0,
        0,
        1,
        1,
        1,
        0,
        1,
        1,
        1,
        1,
        0,
        1,
        1,
        0,
        1,
        0,
        0,
        0,
        1,
        0,
        0,
        1,
        0,
        0,
        0,
        0,
        1,
        0,
        0,
        1,
        0,
        1,
        0,
        1,
        0,
        0,
        1,
        1,
        0,
        0,
        1,
        0,
        0,
        0,
        0,
        0,
        0,
        1,
        0,
        0,
        1,
        1,
        0,
        0,
        0,
        1,
        0,
        1,
        1,
        0,
        1,
        1,
        0,
        0,
        1,
        1,
        1,
        0,
        1,
        1,
        1,
        0,
        0
    ],
    "rule2": [
        0
    ],