{
    "fbQuantBase": [
        3,
        5,
        3
    ],
    "fbQuantCrash": [
        2,
        1,
        1,
        2,
        1,
        2,
        2,
        2,
        1,
        1,
        2,
        1,
        2,
        1,
        2,
        1,
        2,
        1,
        2,
        1,
        1,
        2,
        2,
        2,
        1,
        1,
        1,
        1,
        1,
        1,
        2,
        1,
        1
    ],
    "goalProgCrashThreshold": [
        0.2184087193722232,
        0.3278147240379765,
        0.3536495435191582,
        0.44904273663825134,
        0.611275913346901,
        0.5210235700091893,
        0.9434870378606208,
        0.8507133636062976,
        0.9430620767902755,
        0.9029220766265229,
        0.6850677341651419,
        0.9590757459480648,
        0.7410147213535467,
        0.4622319725749052,
        0.23914767348513727,
        0.5356573459381188,
        0.868086941047137,
        0.3233738914108276,
        0.6857112206450098,
        0.4998881092847282,
        0.44096159121419043,
        0.530098876352223,
        0.4161514681998962,
        0.32560235967548834,
        0.28671355591104275,
        0.5525379031934528,
        0.8207885527179224,
        0.8701156330926458,
        0.5200097450368271,
        0.3431238377692333,
        0.7569665697645296,
        0.20944299372678765,
        0.2525300956713702
    ],
    "stim0": [
        0,
        3,
        3,
        3,
        3,
        1,
        0,
        1,
        3,
        2,
        2,
        0,
        0,
        3,
        1,
        2,
        0,
        0,
        0,
        0,
        2,
        3,
        0,
        2,
        2,
        1,
        2,
        2,
        3,
        0,
        1,
        1,
        0,
        2,
        3,
        3,
        3,
        0,
        1,
        0,
        2,
        1,
        2,
        1,
        3,
        2,
        1,
        1,
        0,
        1,
        3,
        2,
        1,
        3,
        0,
        2,
        2,
        1,
        3,
        3,
        1,
        1,
        0,
        3,
        2,
        0,
        0,
        0,
        2,
        0,
        2,
        2,
        0,
        0,
        3,
        0,
        1,
        2,
        3,
        0,
        0,
        3,
        1,
        2,
        1,
        2,
        3,
        1,
        0,
        2,
        2,
        3,
        3,
        1,
        0,
        1,
        3,
        1,
        2
    ],
    "size0": [
        14,
        16,
        14
    ],
    "rule0": [
        3
    ],
    "corKey0": [
        0,
        1,
        1,
        1,
        1,
        0,
        0,
        0,
        1,
        1,
        1,
        0,
        0,
        1,
        0,
        1,
        0,
        0,
        0,
        0,
        1,
        1,
        0,
        1,
        1,
        0,
        1,
        1,
        1,
        0,
        0,
        0,
        0,
        1,
        1,
        1,
        1,
        0,
        0,
        0,
        1,
        0,
        1,
        0,
        1,
        1,
        0,
        0,
        0,
        0,
        1,
        1,
        0,
        1,
        0,
        1,
        1,
        0,
        1,
        1,
        0,
        0,
        0,
        1,
        1,
        0,
        0,
        0,
        1,
        0,
        1,
        1,
        0,
        0,
        1,
        0,
        0,
        1,
        1,
        0,
        0,
        1,
        0,
        1,
        0,
        1,
        1,
        0,
        0,
        1,
        1,
        1,
        1,
        0,
        0,
        0,
        1,
        0,
        1
    ],
    "size1": [
        17,
        19,
        13
    ],
    "rule1": [
        0
    ],
    "corKey1": [
        0,
        1,
        1,
        1,
        1,
        1,
        0,
        1,
        1,
        0,
        0,
        0,
        0,
        1,
        1,
        0,
        0,
        0,
        0,
        0,
        0,
        1,
        0,
        0,
        0,
        1,
        0,
        0,
        1,
        0,
        1,
        1,
        0,
        0,
        1,
        1,
        1,
        0,
        1,
        0,
        0,
        1,
        0,
        1,
        1,
        0,
        1,
        1,
        0,
        1,
        1,
        0,
        1,
        1,
        0,
        0,
        0,
        1,
        1,
        1,
        1,
        1,
        0,
        1,
        0,
        0,
        0,
        0,
        0,
        0,
        0,
        0,
        0,
        0,
        1,
        0,
        1,
        0,
        1,
        0,
        0,
        1,
        1,
        0,
        1,
        0,
        1,
        1,
        0,
        0,
        0,
        1,
        1,
        1,
        0,
        1,
        1,
        1,
        0
    ],
    "size2": [
        16,
        19,
        10
    ],
    "rule2": [
        3
    ],
    "corKey2": [
        0,
        1,
        1,
        1,
        1,
        0,
        0,
        0,
        1,
        1,
        1,
        0,
        0,
        1,
        0,
        1,
        0,
        0,
        0,
        0,
        1,
        1,
        0,
        1,
        1,
        0,
        1,
        1,
        1,
        0,
        0,
        0,
        0,
        1,
        1,
        1,
        1,
        0,
        0,
        0,
        1,
        0,
        1,
        0,
        1,
        1,
        0,
        0,
        0,
        0,
        1,
        1,
        0,
        1,
        0,
        1,
        1,
        0,
        1,
        1,
        0,
        0,
        0,
        1,
        1,
        0,
        0,
        0,
        1,
        0,
        1,
        1,
        0,
        0,
        1,
        0,
        0,
        1,
        1,
        0,
        0,
        1,
        0,
        1,
        0,
        1,
        1,
        0,
        0,
        1,
        1,
        1,
        1,
        0,
        0,
        0,
        1,
        0,
        1
    ],
    "size3": [
        10,
        14,
        13
    ],
    "rule3": [
        0
    ],
    "corKey3": [
        0,
        1,
        1,
        1,
        1,
        1,
        0,
        1,
        1,
        0,
        0,
        0,
        0,
        1,
        1,
        0,
        0,
        0,
        0,
        0,
        0,
        1,
        0,
        0,
        0,
        1,
        0,
        0,
        1,
        0,
        1,
        1,
        0,
        0,
        1,
        1,
        1,
        0,
        1,
        0,
        0,
        1,
        0,
        1,
        1,
        0,
        1,
        1,
        0,
        1,
        1,
        0,
        1,
        1,
        0,
        0,
        0,
        1,
        1,
        1,
        1,
        1,
        0,
        1,
        0,
        0,
        0,
        0,
        0,
        0,
        0,
        0,
        0,
        0,
        1,
        0,
        1,
        0,
        1,
        0,
        0,
        1,
        1,
        0,
        1,
        0,
        1,
        1,
        0,
        0,
        0,
        1,
        1,
        1,
        0,
        1,
        1,
        1,
        0
    ],