{
    "fbQuantBase": [
        3,
        5,
        3
    ],
    "size0": [
        10,
        16,
        10
    ],
    "size1": [
        10,
        16,
        10
    ],
    "size2": [
        10,
        16,
        10
    ],
    "size3": [
        10,
        16,
        10
    ],
    "fbQuantCrash": [
        2,
        2,
        2,
        1,
        2,
        1,
        2,
        2,
        2,
        2,
        2,
        1,
        1,
        1,
        1,
        1,
        2,
        1,
        1,
        2,
        1,
        1,
        2,
        1,
        2,
        1,
        1,
        2,
        1,
        1,
        2,
        2,
        2,
        1,
        1,
        2,
        1,
        1,
        2,
        2,
        1,
        2,
        2,
        1,
        2,
        2,
        1,
        2,
        1,
        2,
        1,
        2,
        1,
        2,
        2,
        1,
        1,
        2,
        2,
        1,
        2,
        2,
        2,
        2,
        1,
        1,
        2,
        1,
        2,
        2,
        1,
        2,
        1,
        2,
        2,
        1,
        2,
        1,
        2,
        2,
        1,
        2,
        1,
        2,
        1,
        2,
        1,
        1,
        2,
        1,
        1,
        2,
        1,
        2,
        1,
        1,
        1,
        1,
        2,
        2
    ],
    "goalProgCrashThreshold": [
        0.8612684627252736,
        0.9833356645733697,
        0.9767792823832486,
        0.9045421455556282,
        0.5432717077588729,
        0.8288550552206526,
        0.9203968014025825,
        0.8808602084106103,
        0.34701703527284966,
        0.26555648783488117,
        0.8229268200878146,
        0.20617343309024685,
        0.9001912522765425,
        0.49377579123192983,
        0.5806044748770569,
        0.6289236794734205,
        0.31186924260855725,
        0.3800559699281381,
        0.6183266651219046,
        0.4128680854574365,
        0.7722344588018983,
        0.7702190120137538,
        0.6898080365772701,
        0.5390559320152479,
        0.3593276566216037,
        0.7124985456134052,
        0.6785515306998763,
        0.7912156411074438,
        0.354976703931723,
        0.7429227396672242,
        0.28015806793370335,
        0.7775641563639104,
        0.8889955108277026,
        0.2175564609477313,
        0.6747968737761647,
        0.8214316705544622,
        0.530650736018513,
        0.2398481216406828,
        0.6851222034530418,
        0.3582909856014804,
        0.28806850784021426,
        0.6169759652086584,
        0.9450086310121295,
        0.45456689679809004,
        0.5458271775382715,
        0.7771918376766613,
        0.8443424370629333,
        0.24581434726709794,
        0.8307351034437371,
        0.9520042406685156,
        0.5955168251600329,
        0.47731441122341167,
        0.5039607170128748,
        0.8915894725451148,
        0.40732631380051265,
        0.9282301794670427,
        0.7290365872709585,
        0.964520485311074,
        0.5285225810188915,
        0.8799824138702268,
        0.33986415157222705,
        0.44416951047670844,
        0.9229040592989322,
        0.46236338595979076,
        0.8687882974225427,
        0.8472437181659314,
        0.9543294295926494,
        0.7744140138838675,
        0.7855625865876255,
        0.3146494530374323,
        0.34033492320633557,
        0.8723816103404605,
        0.6793256295537489,
        0.4545730763301527,
        0.6742769879502786,
        0.9387650794812152,
        0.7417008091636523,
        0.8142401903220391,
        0.7949292007087412,
        0.5189236558810189,
        0.35323238073774577,
        0.3332853176309468,
        0.9057712324861282,
        0.4014316930849706,
        0.47912116908709196,
        0.7511344538375357,
        0.884742889155794,
        0.43238323213673224,
        0.4139268418533757,
        0.8758055477080675,
        0.6456724408602754,
        0.31975699891566195,
        0.8781630003723435,
        0.5722524739514372,
        0.4093848279200919,
        0.9525888814066086,
        0.8817296125966263,
        0.5053689081566273,
        0.5738401101833388,
        0.4002532080055928
    ],
    "stim0": [
        1,
        1,
        1,
        3,
        2,
        1,
        1,
        3,
        2,
        1,
        1,
        2,
        3,
        3,
        1,
        1,
        1,
        1,
        2,
        3,
        0,
        0,
        1,
        2,
        3,
        1,
        0,
        1,
        1,
        3,
        2,
        3,
        2,
        0,
        1,
        0,
        3,
        1,
        3,
        2,
        1,
        0,
        0,
        2,
        1,
        1,
        2,
        1,
        2,
        3,
        1,
        2,
        1,
        3,
        1,
        0,
        0,
        1,
        1,
        3,
        1,
        3,
        3,
        1,
        0,
        0,
        0,
        3,
        3,
        0,
        2,
        0,
        0,
        2,
        0,
        0,
        1,
        3,
        0,
        2,
        1,
        2,
        0,
        0,
        3,
        1,
        3,
        1,
        0,
        3,
        1,
        1,
        3,
        1,
        1,
        0,
        3,
        3,
        1,
        1
    ],
    "rule0": [
        0
    ],
    "corKey0": [
        1,
        1,
        1,
        1,
        0,
        1,
        1,
        1,
        0,
        1,
        1,
        0,
        1,
        1,
        1,
        1,
        1,
        1,
        0,
        1,
        0,
        0,
        1,
        0,
        1,
        1,
        0,
        1,
        1,
        1,
        0,
        1,
        0,
        0,
        1,
        0,
        1,
        1,
        1,
        0,
        1,
        0,
        0,
        0,
        1,
        1,
        0,
        1,
        0,
        1,
        1,
        0,
        1,
        1,
        1,
        0,
        0,
        1,
        1,
        1,
        1,
        1,
        1,
        1,
        0,
        0,
        0,
        1,
        1,
        0,
        0,
        0,
        0,
        0,
        0,
        0,
        1,
        1,
        0,
        0,
        1,
        0,
        0,
        0,
        1,
        1,
        1,
        1,
        0,
        1,
        1,
        1,
        1,
        1,
        1,
        0,
        1,
        1,
        1,
        1
    ],
    "rule1": [
        2
    ],
    "corKey1": [
        1,
        1,
        1,
        0,
        0,
        1,
        1,
        0,
        0,
        1,
        1,
        0,
        0,
        0,
        1,
        1,
        1,
        1,
        0,
        0,
        1,
        1,
        1,
        0,
        0,
        1,
        1,
        1,
        1,
        0,
        0,
        0,
        0,
        1,
        1,
        1,
        0,
        1,
        0,
        0,
        1,
        1,
        1,
        0,
        1,
        1,
        0,
        1,
        0,
        0,
        1,
        0,
        1,
        0,
        1,
        1,
        1,
        1,
        1,
        0,
        1,
        0,
        0,
        1,
        1,
        1,
        1,
        0,
        0,
        1,
        0,
        1,
        1,
        0,
        1,
        1,
        1,
        0,
        1,
        0,
        1,
        0,
        1,
        1,
        0,
        1,
        0,
        1,
        1,
        0,
        1,
        1,
        0,
        1,
        1,
        1,
        0,
        0,
        1,
        1
    ],
    "rule2": [
        0
    ],