{
    "fbQuantBase": [
        3,
        5,
        3
    ],
    "size0": [
        10,
        16,
        10
    ],
    "size1": [
        10,
        16,
        10
    ],
    "size2": [
        10,
        16,
        10
    ],
    "size3": [
        10,
        16,
        10
    ],
    "fbQuantCrash": [
        2,
        1,
        1,
        2,
        2,
        1,
        2,
        2,
        2,
        2,
        2,
        2,
        2,
        2,
        1,
        2,
        2,
        2,
        2,
        1,
        1,
        1,
        2,
        1,
        1,
        2,
        1,
        2,
        1,
        1,
        1,
        2,
        1,
        2,
        2,
        2,
        1,
        2,
        1,
        2,
        2,
        1,
        1,
        1,
        2,
        2,
        1,
        2,
        1,
        1,
        1,
        1,
        1,
        2,
        1,
        1,
        2,
        1,
        2,
        1,
        2,
        2,
        1,
        1,
        1,
        2,
        1,
        2,
        1,
        1,
        2,
        1,
        2,
        2,
        2,
        2,
        1,
        2,
        2,
        1,
        2,
        1,
        2,
        2,
        1,
        2,
        1,
        1,
        2,
        1,
        2,
        1,
        1,
        1,
        2,
        1,
        2,
        1,
        1,
        1
    ],
    "goalProgCrashThreshold": [
        0.4303857078192055,
        0.3711072535752384,
        0.22964154083528765,
        0.43521177994682625,
        0.8434741820666911,
        0.768665748748405,
        0.22830144101281757,
        0.5278028911116805,
        0.8496907619526282,
        0.9825033399921279,
        0.7894151648144363,
        0.9301420840810255,
        0.5309103045827785,
        0.8434621884349762,
        0.7162393798928854,
        0.311570212566848,
        0.5203877219099109,
        0.35901230692817976,
        0.33637986401154785,
        0.9903195580788784,
        0.22832119414661234,
        0.3190511003916595,
        0.5992358958751003,
        0.7943626385401081,
        0.27777473691877763,
        0.49564349660068213,
        0.6603838579676664,
        0.40187719933783184,
        0.9716707345621618,
        0.9919263936756193,
        0.2637274327435801,
        0.49943680857720785,
        0.7745309757065657,
        0.6420619907283296,
        0.372373977683085,
        0.5190630388812802,
        0.35088962268856005,
        0.44494307857311627,
        0.4205770087219136,
        0.5576510275977689,
        0.9896294854696954,
        0.7771965020933123,
        0.4247833248934855,
        0.20320726793252614,
        0.30246759720143035,
        0.8672575428048048,
        0.2688843823549683,
        0.4200587764936858,
        0.7085679019032545,
        0.9366276253853827,
        0.5124767020758578,
        0.21014209989459767,
        0.5408926258762332,
        0.5506206614675528,
        0.6807507845922471,
        0.24026090115175577,
        0.7979076827449514,
        0.9931593555621874,
        0.7088147058616514,
        0.5776169251356154,
        0.26471710683814786,
        0.9216936686488364,
        0.4183223363330008,
        0.3472043222151767,
        0.7392577407843062,
        0.9513941697963761,
        0.3263713456740681,
        0.6435665548449381,
        0.21496887644294738,
        0.5706105905303214,
        0.8608092419871585,
        0.5811803187433929,
        0.29547400107944943,
        0.5252291182233211,
        0.30030500867404175,
        0.6474898841897405,
        0.2517569363354592,
        0.8477723565723789,
        0.7552322699286818,
        0.3535872080488751,
        0.35131562743192674,
        0.6510793393183756,
        0.8103764496750014,
        0.7503656540291452,
        0.5056753195833279,
        0.7384984373472845,
        0.7634775095813215,
        0.25535938070724606,
        0.484419675085345,
        0.5695424565098999,
        0.5953165881588288,
        0.5683967455194938,
        0.2910907771564175,
        0.9098066552802155,
        0.5504192382827122,
        0.8567625936518941,
        0.8325965848732955,
        0.5959707630841993,
        0.8333801494284085,
        0.855865351934642
    ],
    "stim0": [
        1,
        2,
        3,
        2,
        0,
        3,
        0,
        1,
        3,
        1,
        1,
        0,
        1,
        3,
        1,
        1,
        3,
        1,
        0,
        3,
        1,
        0,
        0,
        3,
        1,
        2,
        2,
        3,
        2,
        3,
        3,
        3,
        2,
        1,
        2,
        3,
        0,
        1,
        0,
        3,
        3,
        0,
        3,
        1,
        0,
        2,
        1,
        0,
        1,
        3,
        2,
        1,
        3,
        1,
        3,
        2,
        3,
        3,
        1,
        3,
        2,
        1,
        2,
        1,
        2,
        2,
        0,
        2,
        0,
        0,
        1,
        0,
        3,
        0,
        2,
        3,
        3,
        0,
        3,
        0,
        3,
        1,
        2,
        1,
        1,
        3,
        2,
        3,
        3,
        0,
        0,
        2,
        2,
        1,
        2,
        0,
        0,
        3,
        0,
        3
    ],
    "rule0": [
        1
    ],
    "corKey0": [
        0,
        1,
        0,
        1,
        1,
        0,
        1,
        0,
        0,
        0,
        0,
        1,
        0,
        0,
        0,
        0,
        0,
        0,
        1,
        0,
        0,
        1,
        1,
        0,
        0,
        1,
        1,
        0,
        1,
        0,
        0,
        0,
        1,
        0,
        1,
        0,
        1,
        0,
        1,
        0,
        0,
        1,
        0,
        0,
        1,
        1,
        0,
        1,
        0,
        0,
        1,
        0,
        0,
        0,
        0,
        1,
        0,
        0,
        0,
        0,
        1,
        0,
        1,
        0,
        1,
        1,
        1,
        1,
        1,
        1,
        0,
        1,
        0,
        1,
        1,
        0,
        0,
        1,
        0,
        1,
        0,
        0,
        1,
        0,
        0,
        0,
        1,
        0,
        0,
        1,
        1,
        1,
        1,
        0,
        1,
        1,
        1,
        0,
        1,
        0
    ],
    "rule1": [
        1
    ],
    "corKey1": [
        0,
        1,
        0,
        1,
        1,
        0,
        1,
        0,
        0,
        0,
        0,
        1,
        0,
        0,
        0,
        0,
        0,
        0,
        1,
        0,
        0,
        1,
        1,
        0,
        0,
        1,
        1,
        0,
        1,
        0,
        0,
        0,
        1,
        0,
        1,
        0,
        1,
        0,
        1,
        0,
        0,
        1,
        0,
        0,
        1,
        1,
        0,
        1,
        0,
        0,
        1,
        0,
        0,
        0,
        0,
        1,
        0,
        0,
        0,
        0,
        1,
        0,
        1,
        0,
        1,
        1,
        1,
        1,
        1,
        1,
        0,
        1,
        0,
        1,
        1,
        0,
        0,
        1,
        0,
        1,
        0,
        0,
        1,
        0,
        0,
        0,
        1,
        0,
        0,
        1,
        1,
        1,
        1,
        0,
        1,
        1,
        1,
        0,
        1,
        0
    ],
    "rule2": [
        3
    ],