{
    "fbQuantBase": [
        3,
        5,
        3
    ],
    "size0": [
        10,
        16,
        10
    ],
    "size1": [
        10,
        16,
        10
    ],
    "size2": [
        10,
        16,
        10
    ],
    "size3": [
        10,
        16,
        10
    ],
    "fbQuantCrash": [
        2,
        2,
        1,
        1,
        1,
        2,
        2,
        1,
        2,
        2,
        2,
        1,
        1,
        1,
        2,
        2,
        1,
        2,
        1,
        1,
        2,
        1,
        1,
        1,
        2,
        1,
        2,
        2,
        2,
        2,
        2,
        2,
        2,
        1,
        2,
        1,
        1,
        1,
        2,
        1,
        2,
        1,
        2,
        1,
        1,
        2,
        2,
        1,
        1,
        2,
        1,
        1,
        1,
        1,
        1,
        1,
        2,
        1,
        1,
        1,
        2,
        2,
        1,
        2,
        2,
        1,
        1,
        2,
        1,
        1,
        2,
        1,
        2,
        2,
        2,
        1,
        1,
        1,
        1,
        2,
        1,
        1,
        1,
        2,
        2,
        2,
        1,
        1,
        2,
        1,
        1,
        1,
        1,
        2,
        1,
        2,
        1,
        2,
        2,
        1
    ],
    "goalProgCrashThreshold": [
        0.3814991763552888,
        0.7095884590677115,
        0.8246604750566489,
        0.5158794403864202,
        0.991830640293087,
        0.5340253572134652,
        0.7246599612449092,
        0.509955266228423,
        0.8882566155216836,
        0.8854714929132628,
        0.8346634451420192,
        0.8618755540955234,
        0.4140069293204376,
        0.4666452380866506,
        0.3378148252639207,
        0.6488788728601602,
        0.31903281214751805,
        0.9604218332390333,
        0.9804214157624422,
        0.630414042948096,
        0.3159947661447154,
        0.2582432799102047,
        0.41082788135375736,
        0.9389692352195105,
        0.9378705330562438,
        0.7551735898662408,
        0.607952534272728,
        0.40630019421517,
        0.5855395569816234,
        0.8630051688776406,
        0.6531642743755839,
        0.5297380544450692,
        0.4073536267585349,
        0.3828355944423349,
        0.5158534120475664,
        0.7315760426731837,
        0.46341815148266285,
        0.47800417738262485,
        0.9137850096425504,
        0.593893440134474,
        0.5498970446239669,
        0.7264090898660693,
        0.870943207010076,
        0.5868572638557521,
        0.8372951120703065,
        0.3893378895131905,
        0.4661109809464094,
        0.6999251284170152,
        0.7785780337421708,
        0.8365091427224252,
        0.5826765134776379,
        0.2207961767552698,
        0.6791458570057034,
        0.9801008164097689,
        0.6771910435544962,
        0.6410156851122695,
        0.9915412797126955,
        0.6260169807961344,
        0.6130033170062996,
        0.7400029953025344,
        0.22360136111494483,
        0.598435534169981,
        0.45704690976208595,
        0.3929439885709835,
        0.47640844695415563,
        0.6805353853260829,
        0.6050784775529952,
        0.6675524496388007,
        0.452841778270913,
        0.4102240843199768,
        0.8085364556107248,
        0.5391771202392164,
        0.5829940376946753,
        0.6664205547719297,
        0.6946763317347734,
        0.4662620397208593,
        0.4974678285471491,
        0.5001540806008025,
        0.8285662748473861,
        0.3471140945353189,
        0.9003134214101496,
        0.6267401248371596,
        0.9366124745409647,
        0.7189919161186327,
        0.8274628173992049,
        0.5356052432468184,
        0.2894006166572142,
        0.7379637009041438,
        0.6060013188045765,
        0.7787948379357932,
        0.9132923384576754,
        0.5065005065639909,
        0.2690502238130272,
        0.8827836176507986,
        0.627462042509761,
        0.5176204687953709,
        0.6576724113263719,
        0.5789155325773081,
        0.8389350341825765,
        0.9513951337971576
    ],
    "stim0": [
        3,
        1,
        3,
        3,
        3,
        3,
        0,
        3,
        0,
        3,
        1,
        0,
        3,
        1,
        1,
        3,
        0,
        2,
        0,
        1,
        1,
        1,
        3,
        0,
        3,
        0,
        3,
        2,
        3,
        1,
        3,
        0,
        0,
        1,
        0,
        3,
        0,
        3,
        2,
        2,
        0,
        1,
        3,
        3,
        3,
        2,
        3,
        2,
        0,
        3,
        0,
        3,
        0,
        3,
        3,
        0,
        2,
        0,
        1,
        0,
        3,
        2,
        3,
        1,
        3,
        1,
        2,
        3,
        2,
        0,
        2,
        1,
        3,
        1,
        1,
        3,
        3,
        0,
        2,
        2,
        0,
        0,
        2,
        1,
        1,
        2,
        3,
        3,
        0,
        1,
        1,
        2,
        0,
        3,
        0,
        0,
        1,
        2,
        0,
        0
    ],
    "rule0": [
        0
    ],
    "corKey0": [
        1,
        1,
        1,
        1,
        1,
        1,
        0,
        1,
        0,
        1,
        1,
        0,
        1,
        1,
        1,
        1,
        0,
        0,
        0,
        1,
        1,
        1,
        1,
        0,
        1,
        0,
        1,
        0,
        1,
        1,
        1,
        0,
        0,
        1,
        0,
        1,
        0,
        1,
        0,
        0,
        0,
        1,
        1,
        1,
        1,
        0,
        1,
        0,
        0,
        1,
        0,
        1,
        0,
        1,
        1,
        0,
        0,
        0,
        1,
        0,
        1,
        0,
        1,
        1,
        1,
        1,
        0,
        1,
        0,
        0,
        0,
        1,
        1,
        1,
        1,
        1,
        1,
        0,
        0,
        0,
        0,
        0,
        0,
        1,
        1,
        0,
        1,
        1,
        0,
        1,
        1,
        0,
        0,
        1,
        0,
        0,
        1,
        0,
        0,
        0
    ],
    "rule1": [
        2
    ],
    "corKey1": [
        0,
        1,
        0,
        0,
        0,
        0,
        1,
        0,
        1,
        0,
        1,
        1,
        0,
        1,
        1,
        0,
        1,
        0,
        1,
        1,
        1,
        1,
        0,
        1,
        0,
        1,
        0,
        0,
        0,
        1,
        0,
        1,
        1,
        1,
        1,
        0,
        1,
        0,
        0,
        0,
        1,
        1,
        0,
        0,
        0,
        0,
        0,
        0,
        1,
        0,
        1,
        0,
        1,
        0,
        0,
        1,
        0,
        1,
        1,
        1,
        0,
        0,
        0,
        1,
        0,
        1,
        0,
        0,
        0,
        1,
        0,
        1,
        0,
        1,
        1,
        0,
        0,
        1,
        0,
        0,
        1,
        1,
        0,
        1,
        1,
        0,
        0,
        0,
        1,
        1,
        1,
        0,
        1,
        0,
        1,
        1,
        1,
        0,
        1,
        1
    ],
    "rule2": [
        2
    ],