{
    "fbQuantBase": [
        3,
        5,
        3
    ],
    "size0": [
        10,
        16,
        10
    ],
    "size1": [
        10,
        16,
        10
    ],
    "size2": [
        10,
        16,
        10
    ],
    "size3": [
        10,
        16,
        10
    ],
    "fbQuantCrash": [
        2,
        2,
        1,
        1,
        2,
        2,
        1,
        1,
        2,
        1,
        1,
        1,
        1,
        2,
        1,
        1,
        1,
        1,
        1,
        1,
        2,
        1,
        2,
        1,
        2,
        1,
        1,
        1,
        2,
        1,
        1,
        2,
        2,
        1,
        1,
        2,
        1,
        1,
        2,
        1,
        1,
        1,
        2,
        1,
        1,
        1,
        1,
        1,
        1,
        1,
        1,
        2,
        2,
        1,
        1,
        1,
        2,
        1,
        2,
        1,
        2,
        1,
        1,
        2,
        1,
        2,
        1,
        1,
        2,
        2,
        2,
        1,
        1,
        2,
        1,
        2,
        1,
        2,
        1,
        1,
        2,
        1,
        1,
        1,
        2,
        1,
        1,
        1,
        1,
        1,
        1,
        1,
        2,
        1,
        2,
        1,
        2,
        1,
        1,
        1
    ],
    "goalProgCrashThreshold": [
        0.4885748677143138,
        0.6763121548760245,
        0.9302621188651918,
        0.5141203173360297,
        0.7365473322654095,
        0.9030938396148673,
        0.8808617834503447,
        0.3520538615792271,
        0.9609106195682169,
        0.37963432909939565,
        0.43797133815420786,
        0.37969955542465916,
        0.7796331836609516,
        0.521214842730781,
        0.41357025778892176,
        0.20007176104119548,
        0.22451921192203292,
        0.9617915643461272,
        0.7534458624614089,
        0.5499014003676059,
        0.24740657819462514,
        0.46858927243059123,
        0.6506552056885175,
        0.5872776045507067,
        0.918703671967396,
        0.23974688074847422,
        0.7755805640118913,
        0.576234424226846,
        0.7801030520347663,
        0.327609074040127,
        0.8781395757044574,
        0.9522066254880326,
        0.5750073995722149,
        0.5868774414511209,
        0.35054870895102114,
        0.41307828278249875,
        0.5085893556848751,
        0.4608071697930751,
        0.24989770925067722,
        0.24128081157791909,
        0.53100278888196,
        0.7881179220801837,
        0.7322479183452886,
        0.9517859447270707,
        0.6110998685570734,
        0.5378446377413912,
        0.7550635695118362,
        0.48790680612912907,
        0.9033046288978401,
        0.7335240236211715,
        0.3515321268792535,
        0.7970008124451493,
        0.38507986608987727,
        0.40188764025354007,
        0.7370900959552069,
        0.6664458713684633,
        0.803168074535465,
        0.24374288268247818,
        0.9109842204784113,
        0.2259923248733829,
        0.7392181463112879,
        0.5532972251308366,
        0.8994089135729249,
        0.7029248838208517,
        0.32275555878671186,
        0.5786144294874584,
        0.45960137211308033,
        0.6813409581420167,
        0.24229335386440312,
        0.29058649572872525,
        0.9985035069772021,
        0.6235905358304588,
        0.9407495130483989,
        0.7972582917905349,
        0.6850975387165216,
        0.43041946734371095,
        0.9667353537281163,
        0.885391599433385,
        0.37174966497507883,
        0.6149013500481029,
        0.527146638742378,
        0.4052257547180004,
        0.716292296953472,
        0.27787629221363974,
        0.38546259778861397,
        0.3801919642586891,
        0.9431553589003474,
        0.8154460514515525,
        0.9931501456440974,
        0.20575448181703404,
        0.9356086771604004,
        0.34209005170223383,
        0.4853442579636056,
        0.43393680639521337,
        0.6048114212446214,
        0.24455092685211924,
        0.8926290660394731,
        0.7040631534570942,
        0.2500548301490594,
        0.8530135130119658
    ],
    "stim0": [
        1,
        3,
        1,
        0,
        0,
        3,
        3,
        3,
        3,
        1,
        2,
        0,
        2,
        1,
        2,
        3,
        1,
        2,
        3,
        2,
        0,
        1,
        2,
        0,
        0,
        2,
        2,
        2,
        1,
        0,
        2,
        3,
        2,
        2,
        1,
        1,
        3,
        3,
        3,
        3,
        2,
        0,
        3,
        0,
        1,
        1,
        3,
        2,
        2,
        0,
        2,
        2,
        3,
        3,
        0,
        1,
        2,
        2,
        1,
        2,
        2,
        3,
        1,
        2,
        3,
        3,
        3,
        1,
        3,
        1,
        0,
        3,
        3,
        2,
        3,
        2,
        0,
        3,
        1,
        1,
        0,
        1,
        1,
        1,
        0,
        3,
        2,
        3,
        0,
        1,
        2,
        0,
        2,
        1,
        3,
        1,
        2,
        2,
        1,
        3
    ],
    "rule0": [
        0
    ],
    "corKey0": [
        1,
        1,
        1,
        0,
        0,
        1,
        1,
        1,
        1,
        1,
        0,
        0,
        0,
        1,
        0,
        1,
        1,
        0,
        1,
        0,
        0,
        1,
        0,
        0,
        0,
        0,
        0,
        0,
        1,
        0,
        0,
        1,
        0,
        0,
        1,
        1,
        1,
        1,
        1,
        1,
        0,
        0,
        1,
        0,
        1,
        1,
        1,
        0,
        0,
        0,
        0,
        0,
        1,
        1,
        0,
        1,
        0,
        0,
        1,
        0,
        0,
        1,
        1,
        0,
        1,
        1,
        1,
        1,
        1,
        1,
        0,
        1,
        1,
        0,
        1,
        0,
        0,
        1,
        1,
        1,
        0,
        1,
        1,
        1,
        0,
        1,
        0,
        1,
        0,
        1,
        0,
        0,
        0,
        1,
        1,
        1,
        0,
        0,
        1,
        1
    ],
    "rule1": [
        2
    ],
    "corKey1": [
        1,
        0,
        1,
        1,
        1,
        0,
        0,
        0,
        0,
        1,
        0,
        1,
        0,
        1,
        0,
        0,
        1,
        0,
        0,
        0,
        1,
        1,
        0,
        1,
        1,
        0,
        0,
        0,
        1,
        1,
        0,
        0,
        0,
        0,
        1,
        1,
        0,
        0,
        0,
        0,
        0,
        1,
        0,
        1,
        1,
        1,
        0,
        0,
        0,
        1,
        0,
        0,
        0,
        0,
        1,
        1,
        0,
        0,
        1,
        0,
        0,
        0,
        1,
        0,
        0,
        0,
        0,
        1,
        0,
        1,
        1,
        0,
        0,
        0,
        0,
        0,
        1,
        0,
        1,
        1,
        1,
        1,
        1,
        1,
        1,
        0,
        0,
        0,
        1,
        1,
        0,
        1,
        0,
        1,
        0,
        1,
        0,
        0,
        1,
        0
    ],
    "rule2": [
        2
    ],