{
    "fbQuantBase": [
        3,
        5,
        3
    ],
    "fbQuantCrash": [
        2,
        2,
        1,
        1,
        2,
        1,
        1,
        1,
        2,
        2,
        1,
        1,
        2,
        2,
        1,
        2,
        2,
        1,
        2,
        2,
        1,
        1,
        1,
        1,
        1,
        2,
        2,
        2,
        2,
        1,
        2,
        2,
        2,
        2,
        2,
        2,
        1,
        2,
        2,
        1,
        1,
        2,
        2,
        1,
        1,
        2,
        2,
        2,
        2,
        1,
        2,
        1,
        1,
        1,
        1,
        1,
        2,
        1,
        2,
        1,
        2,
        1,
        1,
        1,
        2,
        1,
        2,
        2,
        1,
        1,
        1,
        1,
        1,
        1,
        1,
        1,
        2,
        1,
        1,
        1
    ],
    "goalProgCrashThreshold": [
        0.43821705959085105,
        0.6503224016233973,
        0.2426258807748324,
        0.2512182697170564,
        0.6068189901208594,
        0.3317022296826162,
        0.9361053058352342,
        0.533901114685563,
        0.2637715743460576,
        0.9674689924376647,
        0.7001975227950876,
        0.7304627262993513,
        0.7824986934086844,
        0.8397824832659608,
        0.5150978801513939,
        0.697605775918413,
        0.8518458881681121,
        0.45194828930846453,
        0.6585687956666595,
        0.5995602303862055,
        0.7667934264524849,
        0.7999913315754064,
        0.795414281855104,
        0.7991431679070573,
        0.38843085138607086,
        0.7001176705088596,
        0.3590650549905716,
        0.29169608911159517,
        0.5426938408413966,
        0.355461853558834,
        0.6122092462047166,
        0.7213799503643783,
        0.9365077569914215,
        0.7586277567685034,
        0.6459549929142119,
        0.3077114485831528,
        0.8820991679279553,
        0.6912722941684684,
        0.8323827938533392,
        0.7010993707233375,
        0.4208204111470442,
        0.8521073488093183,
        0.6678667495670148,
        0.3443773562942666,
        0.485121162688841,
        0.2114909602263495,
        0.7150702140944725,
        0.3501100590700911,
        0.435185064273512,
        0.8055989927212976,
        0.8484211791227712,
        0.9586690443815258,
        0.5734014725435543,
        0.8779038965044019,
        0.21284782171268699,
        0.5497604114254528,
        0.6024766725180732,
        0.42479025685169775,
        0.20484105886334492,
        0.5785736508009434,
        0.865686754344561,
        0.9797810856931668,
        0.5881135498147605,
        0.4968621814633803,
        0.7027998430334947,
        0.44638038381661027,
        0.5102747451449774,
        0.3258631630643646,
        0.7653140548537873,
        0.9554853348792485,
        0.6278136497088381,
        0.7614195111022852,
        0.8949028150816685,
        0.26647145052978766,
        0.5552118329337454,
        0.3805472179853069,
        0.9484839533665463,
        0.4298767397607696,
        0.5131977808560042,
        0.9171367491481739
    ],
    "stim0": [
        1,
        1,
        2,
        3,
        0,
        1,
        1,
        2,
        3,
        0,
        1,
        0,
        1,
        2,
        0,
        2,
        3,
        1,
        0,
        3,
        1,
        0,
        3,
        2,
        2,
        2,
        1,
        0,
        2,
        0,
        0,
        1,
        2,
        3,
        3,
        3,
        2,
        0,
        3,
        3,
        2,
        0,
        3,
        2,
        3,
        0,
        2,
        0,
        0,
        1,
        1,
        3,
        3,
        2,
        0,
        3,
        2,
        1,
        2,
        3,
        3,
        3,
        1,
        1,
        0,
        1,
        3,
        0,
        1,
        0,
        1,
        0,
        2,
        3,
        3,
        3,
        3,
        3,
        3,
        0,
        2,
        0,
        3,
        3,
        1,
        1,
        2,
        2,
        3,
        3,
        2,
        1,
        3,
        3,
        3,
        2,
        1,
        1,
        1,
        0,
        2,
        2,
        1,
        0,
        1,
        1,
        0,
        1,
        3,
        1,
        1,
        3,
        3,
        3,
        3,
        3,
        2,
        2,
        1,
        3,
        1,
        1,
        0,
        2,
        2,
        2,
        1,
        2,
        1,
        0,
        2,
        2,
        3,
        3,
        3,
        3,
        0,
        2,
        0,
        0,
        1,
        1,
        3,
        3,
        3,
        1,
        1,
        3,
        0,
        1,
        3,
        0,
        1,
        3,
        1,
        2,
        3,
        1,
        2,
        1,
        0,
        2,
        3,
        2,
        1,
        3,
        1,
        1,
        3,
        2,
        3,
        1,
        1,
        1,
        2,
        0,
        3,
        0,
        0,
        2,
        3,
        2,
        2,
        3,
        2,
        1,
        1,
        3,
        0,
        2,
        2,
        2,
        0,
        2,
        1,
        1,
        2,
        2,
        2,
        0,
        1,
        1,
        2,
        0,
        2,
        3,
        2,
        2,
        3,
        2,
        2,
        2,
        2,
        1,
        3,
        1,
        3,
        3,
        2,
        2,
        1,
        2,
        1,
        1,
        0,
        1,
        3,
        1,
        0,
        3,
        1,
        0,
        0,
        3,
        2,
        1,
        1,
        0,
        2,
        0
    ],
    "size0": [
        18,
        16,
        19
    ],
    "rule0": [
        0
    ],