{
    "fbQuantBase": [
        3,
        5,
        3
    ],
    "fbQuantCrash": [
        1,
        1,
        2,
        1,
        2,
        1,
        1,
        2,
        2,
        1,
        1,
        1,
        1,
        1,
        2,
        1,
        1,
        1,
        2,
        2,
        2,
        2,
        1,
        2,
        2,
        1,
        1,
        1,
        1,
        1,
        1,
        2,
        1,
        1,
        2,
        2,
        2,
        2,
        1,
        2,
        1,
        2,
        1,
        2,
        1,
        1,
        2,
        2,
        2,
        2,
        1,
        2,
        2,
        2,
        2,
        2,
        2,
        1,
        2,
        1,
        2,
        2,
        2,
        1,
        2,
        2,
        1,
        1,
        2,
        1,
        1,
        2,
        2,
        1,
        2,
        1,
        2,
        2,
        1,
        2
    ],
    "goalProgCrashThreshold": [
        0.44601932067912264,
        0.9035688237750426,
        0.6195877085418742,
        0.20180344289985996,
        0.5177597422632828,
        0.38790103117453384,
        0.6969971699523059,
        0.8194512052707494,
        0.6050339602099691,
        0.5200873655882097,
        0.80483020432947,
        0.8382451702127236,
        0.7294124047482995,
        0.41285344219235,
        0.6672146273803279,
        0.2993350692284292,
        0.7034639912754921,
        0.871170508916165,
        0.7133146587312869,
        0.5578252612449344,
        0.4443975334777829,
        0.8790049108101023,
        0.2595379314724511,
        0.9544299362985555,
        0.8130625429334823,
        0.9909664836331828,
        0.7910163934876935,
        0.43032403038607364,
        0.8553168711858004,
        0.5444394164683662,
        0.570311004300283,
        0.40439236609491225,
        0.6879864098999648,
        0.3351562553721188,
        0.3376062602692018,
        0.827856783596068,
        0.449754589559581,
        0.8421534548298184,
        0.9882855205664933,
        0.4380883613455252,
        0.2595186183672188,
        0.9260898776434863,
        0.25472194818770105,
        0.9108320636218867,
        0.87326517674099,
        0.8670102861015418,
        0.8397354567098481,
        0.9091441696079301,
        0.7874639613180965,
        0.6203653436915322,
        0.5180763544004248,
        0.26736452215281625,
        0.6102365132996344,
        0.20191109435865562,
        0.6454792193856005,
        0.6511041553658983,
        0.756261776549664,
        0.5907676620470361,
        0.5317272588597775,
        0.20551015448000307,
        0.9803144746819283,
        0.34353695267743145,
        0.296200346871182,
        0.5091090248991084,
        0.3375589083540975,
        0.4555238664477681,
        0.4876965424027943,
        0.3167403438020359,
        0.6968635917509759,
        0.9060074012171446,
        0.9823190752038709,
        0.49956085289549945,
        0.7121217932038022,
        0.474534310760651,
        0.21196970694550724,
        0.35491198128971874,
        0.5896891709619596,
        0.7663015999786469,
        0.3374971566091934,
        0.4191485855885951
    ],
    "stim0": [
        0,
        3,
        2,
        1,
        2,
        2,
        3,
        1,
        1,
        3,
        2,
        0,
        3,
        3,
        0,
        3,
        3,
        1,
        3,
        2,
        3,
        0,
        3,
        3,
        2,
        3,
        2,
        3,
        0,
        2,
        2,
        2,
        1,
        0,
        3,
        3,
        2,
        2,
        3,
        3,
        3,
        1,
        3,
        3,
        2,
        2,
        1,
        3,
        2,
        2,
        0,
        0,
        3,
        3,
        2,
        0,
        2,
        0,
        2,
        2,
        0,
        1,
        2,
        1,
        1,
        3,
        2,
        3,
        3,
        3,
        0,
        1,
        3,
        0,
        0,
        3,
        0,
        0,
        1,
        2,
        1,
        3,
        3,
        2,
        1,
        3,
        2,
        1,
        2,
        1,
        2,
        0,
        3,
        2,
        1,
        0,
        2,
        2,
        0,
        0,
        2,
        2,
        3,
        2,
        3,
        1,
        3,
        2,
        1,
        0,
        1,
        1,
        0,
        0,
        3,
        2,
        3,
        2,
        2,
        3,
        1,
        3,
        3,
        3,
        0,
        0,
        3,
        1,
        0,
        3,
        3,
        2,
        1,
        0,
        1,
        1,
        2,
        0,
        1,
        2,
        0,
        1,
        0,
        0,
        2,
        1,
        0,
        2,
        2,
        0,
        2,
        0,
        2,
        0,
        0,
        1,
        0,
        0,
        0,
        2,
        2,
        0,
        0,
        1,
        2,
        3,
        2,
        3,
        0,
        3,
        3,
        3,
        2,
        1,
        0,
        1,
        0,
        0,
        3,
        3,
        0,
        1,
        3,
        2,
        0,
        0,
        1,
        0,
        3,
        0,
        2,
        2,
        2,
        0,
        3,
        3,
        0,
        0,
        0,
        2,
        3,
        3,
        1,
        1,
        2,
        0,
        1,
        2,
        0,
        0,
        3,
        3,
        1,
        3,
        0,
        3,
        0,
        0,
        0,
        1,
        2,
        1,
        1,
        1,
        1,
        2,
        1,
        0,
        1,
        0,
        0,
        1,
        3,
        3,
        1,
        1,
        2,
        0,
        1,
        0
    ],
    "size0": [
        11,
        13,
        10
    ],
    "rule0": [
        1
    ],