{
    "fbQuantBase": [
        3,
        5,
        3
    ],
    "fbQuantCrash": [
        2,
        2,
        1,
        1,
        1,
        2,
        2,
        2,
        2,
        1,
        2,
        2,
        2,
        2,
        2,
        1,
        2,
        2,
        2,
        1,
        2,
        1,
        1,
        2,
        1,
        2,
        1,
        2,
        1,
        2,
        1,
        1,
        2,
        1,
        2,
        2,
        1,
        2,
        1,
        1,
        2,
        1,
        1,
        1,
        1,
        2,
        2,
        2,
        1,
        1,
        1,
        2,
        2,
        1,
        2,
        1,
        2,
        1,
        1,
        2,
        1,
        1,
        2,
        1,
        2,
        1,
        2,
        1,
        2,
        1,
        1,
        2,
        1,
        1,
        1,
        2,
        2,
        2,
        2,
        1
    ],
    "goalProgCrashThreshold": [
        0.7730372607763407,
        0.7520600061385128,
        0.6028278773401698,
        0.619677414456802,
        0.7199037514622459,
        0.6266860805005138,
        0.24331945448992426,
        0.43177033955339406,
        0.8877804311093753,
        0.2260444543097326,
        0.5544546346268439,
        0.8044366818277069,
        0.423351622324699,
        0.6756834572636179,
        0.9001065802670625,
        0.34772511380580795,
        0.575235195429481,
        0.9721408138788943,
        0.7456709800162535,
        0.9928593005279873,
        0.5575693892196645,
        0.7007995325091223,
        0.5149859073841154,
        0.47375091274900616,
        0.3381301951866389,
        0.797823971089479,
        0.3821161321737765,
        0.7312925798092382,
        0.5244538317292213,
        0.6097478996957815,
        0.7525475241548065,
        0.91693215622217,
        0.4481741083463187,
        0.9367123978032703,
        0.27028919880144076,
        0.7979700752910748,
        0.8075377437597868,
        0.31136430608227345,
        0.24952817322595022,
        0.2697825403115484,
        0.34187821313721944,
        0.7885909885894047,
        0.9434502368191315,
        0.42331861510814667,
        0.46322481133824667,
        0.6636180153091278,
        0.5912385764110524,
        0.720070789597677,
        0.9173797191643585,
        0.7078944360509558,
        0.8430833772718616,
        0.5127957587241437,
        0.22331766409283232,
        0.5450213080028323,
        0.8299813512623033,
        0.45300736501956396,
        0.22924265032651514,
        0.7625954749663906,
        0.9041226467270305,
        0.634714214216447,
        0.875739045663557,
        0.47559227912178637,
        0.31935694136979675,
        0.6600566786945765,
        0.9445889704798878,
        0.22711872021748025,
        0.28096499724297674,
        0.8959562186208847,
        0.7422162137573698,
        0.6388119384624523,
        0.4807390315640507,
        0.8284463317836541,
        0.2386993456544233,
        0.852104410833882,
        0.6156526033031724,
        0.6543452590029626,
        0.3117947015656773,
        0.6250254552642917,
        0.8462849062507398,
        0.6234356816079414
    ],
    "stim0": [
        2,
        1,
        1,
        0,
        3,
        3,
        0,
        0,
        2,
        1,
        1,
        0,
        2,
        3,
        0,
        1,
        0,
        2,
        1,
        2,
        2,
        0,
        0,
        2,
        2,
        3,
        0,
        1,
        0,
        2,
        3,
        1,
        0,
        2,
        1,
        0,
        1,
        1,
        2,
        1,
        1,
        2,
        3,
        3,
        0,
        2,
        2,
        1,
        2,
        1,
        3,
        2,
        3,
        2,
        1,
        0,
        3,
        0,
        1,
        3,
        3,
        2,
        1,
        2,
        3,
        2,
        2,
        2,
        1,
        3,
        0,
        1,
        0,
        1,
        3,
        0,
        3,
        2,
        3,
        0,
        0,
        1,
        0,
        0,
        2,
        3,
        0,
        3,
        0,
        2,
        2,
        0,
        1,
        0,
        2,
        1,
        0,
        1,
        0,
        2,
        1,
        3,
        1,
        0,
        3,
        2,
        2,
        3,
        1,
        3,
        0,
        2,
        0,
        1,
        3,
        2,
        0,
        1,
        0,
        1,
        3,
        2,
        1,
        1,
        3,
        3,
        3,
        0,
        1,
        2,
        0,
        2,
        2,
        3,
        1,
        3,
        1,
        1,
        3,
        3,
        1,
        1,
        0,
        0,
        1,
        1,
        3,
        2,
        3,
        0,
        1,
        3,
        3,
        1,
        1,
        3,
        2,
        1,
        2,
        3,
        2,
        1,
        3,
        2,
        1,
        0,
        0,
        3,
        3,
        2,
        1,
        0,
        0,
        1,
        0,
        0,
        2,
        2,
        1,
        2,
        2,
        1,
        0,
        3,
        3,
        1,
        3,
        2,
        0,
        2,
        1,
        1,
        3,
        3,
        1,
        3,
        2,
        3,
        2,
        1,
        0,
        0,
        0,
        1,
        0,
        1,
        0,
        2,
        2,
        1,
        0,
        0,
        1,
        2,
        2,
        3,
        3,
        2,
        3,
        1,
        2,
        3,
        2,
        2,
        2,
        1,
        0,
        0,
        3,
        2,
        3,
        2,
        0,
        3,
        0,
        2,
        3,
        0,
        3,
        3
    ],
    "size0": [
        19,
        12,
        13
    ],
    "rule0": [
        2
    ],