{
    "fbQuantBase": [
        3,
        5,
        3
    ],
    "fbQuantCrash": [
        1,
        2,
        1,
        1,
        1,
        2,
        1,
        2,
        2,
        1,
        1,
        1,
        1,
        2,
        1,
        1,
        1,
        2,
        2,
        1,
        1,
        2,
        2,
        1,
        2,
        2,
        2,
        1,
        1,
        1,
        2,
        2,
        1
    ],
    "goalProgCrashThreshold": [
        0.7859049055800347,
        0.37472581214592404,
        0.9448657564197385,
        0.8888900477087514,
        0.8082579869014277,
        0.2816087277194901,
        0.2805377383786616,
        0.4475339398664031,
        0.9488091489796369,
        0.646560269230738,
        0.3057788986953523,
        0.42676391196983343,
        0.2596954141551908,
        0.8887090496452454,
        0.2081848198123426,
        0.8710895000168686,
        0.9386417837814485,
        0.6836965108681238,
        0.29244620684055517,
        0.8491304219768347,
        0.2527808124945863,
        0.5271773308050305,
        0.8909417182426989,
        0.5041700064158965,
        0.8842714952027038,
        0.33856667557638415,
        0.607889869391605,
        0.6053211024048122,
        0.7081196391856943,
        0.6533249914971353,
        0.34299633247521344,
        0.33326742623138,
        0.8113531449658427
    ],
    "stim0": [
        3,
        2,
        1,
        2,
        3,
        0,
        0,
        2,
        1,
        3,
        1,
        2,
        0,
        2,
        2,
        1,
        3,
        1,
        2,
        2,
        2,
        3,
        3,
        3,
        0,
        1,
        0,
        3,
        3,
        0,
        1,
        3,
        3,
        0,
        2,
        3,
        1,
        0,
        3,
        0,
        1,
        2,
        0,
        1,
        2,
        1,
        3,
        0,
        0,
        0,
        2,
        1,
        1,
        0,
        0,
        2,
        1,
        2,
        2,
        1,
        0,
        2,
        0,
        3,
        0,
        0,
        1,
        3,
        3,
        3,
        0,
        3,
        0,
        3,
        2,
        1,
        0,
        1,
        2,
        3,
        1,
        0,
        1,
        3,
        3,
        1,
        0,
        1,
        1,
        1,
        3,
        3,
        2,
        3,
        3,
        3,
        3,
        0,
        0
    ],
    "size0": [
        17,
        17,
        11
    ],
    "rule0": [
        3
    ],
    "corKey0": [
        1,
        1,
        0,
        1,
        1,
        0,
        0,
        1,
        0,
        1,
        0,
        1,
        0,
        1,
        1,
        0,
        1,
        0,
        1,
        1,
        1,
        1,
        1,
        1,
        0,
        0,
        0,
        1,
        1,
        0,
        0,
        1,
        1,
        0,
        1,
        1,
        0,
        0,
        1,
        0,
        0,
        1,
        0,
        0,
        1,
        0,
        1,
        0,
        0,
        0,
        1,
        0,
        0,
        0,
        0,
        1,
        0,
        1,
        1,
        0,
        0,
        1,
        0,
        1,
        0,
        0,
        0,
        1,
        1,
        1,
        0,
        1,
        0,
        1,
        1,
        0,
        0,
        0,
        1,
        1,
        0,
        0,
        0,
        1,
        1,
        0,
        0,
        0,
        0,
        0,
        1,
        1,
        1,
        1,
        1,
        1,
        1,
        0,
        0
    ],
    "size1": [
        11,
        17,
        16
    ],
    "rule1": [
        1
    ],
    "corKey1": [
        0,
        1,
        0,
        1,
        0,
        1,
        1,
        1,
        0,
        0,
        0,
        1,
        1,
        1,
        1,
        0,
        0,
        0,
        1,
        1,
        1,
        0,
        0,
        0,
        1,
        0,
        1,
        0,
        0,
        1,
        0,
        0,
        0,
        1,
        1,
        0,
        0,
        1,
        0,
        1,
        0,
        1,
        1,
        0,
        1,
        0,
        0,
        1,
        1,
        1,
        1,
        0,
        0,
        1,
        1,
        1,
        0,
        1,
        1,
        0,
        1,
        1,
        1,
        0,
        1,
        1,
        0,
        0,
        0,
        0,
        1,
        0,
        1,
        0,
        1,
        0,
        1,
        0,
        1,
        0,
        0,
        1,
        0,
        0,
        0,
        0,
        1,
        0,
        0,
        0,
        0,
        0,
        1,
        0,
        0,
        0,
        0,
        1,
        1
    ],
    "size2": [
        18,
        19,
        18
    ],
    "rule2": [
        1
    ],
    "corKey2": [
        0,
        1,
        0,
        1,
        0,
        1,
        1,
        1,
        0,
        0,
        0,
        1,
        1,
        1,
        1,
        0,
        0,
        0,
        1,
        1,
        1,
        0,
        0,
        0,
        1,
        0,
        1,
        0,
        0,
        1,
        0,
        0,
        0,
        1,
        1,
        0,
        0,
        1,
        0,
        1,
        0,
        1,
        1,
        0,
        1,
        0,
        0,
        1,
        1,
        1,
        1,
        0,
        0,
        1,
        1,
        1,
        0,
        1,
        1,
        0,
        1,
        1,
        1,
        0,
        1,
        1,
        0,
        0,
        0,
        0,
        1,
        0,
        1,
        0,
        1,
        0,
        1,
        0,
        1,
        0,
        0,
        1,
        0,
        0,
        0,
        0,
        1,
        0,
        0,
        0,
        0,
        0,
        1,
        0,
        0,
        0,
        0,
        1,
        1
    ],
    "size3": [
        19,
        20,
        14
    ],
    "rule3": [
        3
    ],
    "corKey3": [
        1,
        1,
        0,
        1,
        1,
        0,
        0,
        1,
        0,
        1,
        0,
        1,
        0,
        1,
        1,
        0,
        1,
        0,
        1,
        1,
        1,
        1,
        1,
        1,
        0,
        0,
        0,
        1,
        1,
        0,
        0,
        1,
        1,
        0,
        1,
        1,
        0,
        0,
        1,
        0,
        0,
        1,
        0,
        0,
        1,
        0,
        1,
        0,
        0,
        0,
        1,
        0,
        0,
        0,
        0,
        1,
        0,
        1,
        1,
        0,
        0,
        1,
        0,
        1,
        0,
        0,
        0,
        1,
        1,
        1,
        0,
        1,
        0,
        1,
        1,
        0,
        0,
        0,
        1,
        1,
        0,
        0,
        0,
        1,
        1,
        0,
        0,
        0,
        0,
        0,
        1,
        1,
        1,
        1,
        1,
        1,
        1,
        0,
        0
    ],