{
    "fbQuantBase": [
        3,
        5,
        3
    ],
    "fbQuantCrash": [
        1,
        1,
        1,
        1,
        2,
        1,
        2,
        2,
        1,
        1,
        1,
        2,
        1,
        1,
        2,
        2,
        1,
        1,
        2,
        2,
        2,
        2,
        2,
        2,
        2,
        1,
        1,
        2,
        2,
        1,
        2,
        2,
        2
    ],
    "goalProgCrashThreshold": [
        0.4437265704614819,
        0.2607433414160329,
        0.47544039431916857,
        0.3193705387635107,
        0.6734277441335208,
        0.6733057531908655,
        0.251781671871005,
        0.8280250054316509,
        0.2119399342244436,
        0.9824711149083765,
        0.8350310535126719,
        0.5314909434179756,
        0.6582844769556522,
        0.6118546369513267,
        0.582975226315467,
        0.3072117488559026,
        0.6204832872505064,
        0.426187214896068,
        0.9936923502081705,
        0.33365141271998844,
        0.8199118071604319,
        0.7142777959805025,
        0.6538363389318592,
        0.45731484691812335,
        0.9959059002423338,
        0.6317027359110168,
        0.986570554069286,
        0.7231347079396051,
        0.8389880973398156,
        0.6189662766382165,
        0.8001620165177086,
        0.43217320316341257,
        0.9014747181553409
    ],
    "stim0": [
        1,
        3,
        3,
        0,
        3,
        1,
        3,
        0,
        1,
        2,
        1,
        3,
        0,
        2,
        1,
        3,
        2,
        0,
        2,
        3,
        2,
        2,
        1,
        2,
        3,
        0,
        1,
        0,
        2,
        1,
        1,
        2,
        1,
        2,
        0,
        1,
        0,
        2,
        3,
        1,
        1,
        2,
        3,
        1,
        3,
        0,
        2,
        3,
        1,
        1,
        2,
        3,
        1,
        1,
        0,
        3,
        1,
        2,
        0,
        2,
        3,
        0,
        1,
        2,
        1,
        1,
        3,
        2,
        2,
        0,
        2,
        0,
        0,
        1,
        1,
        0,
        0,
        1,
        0,
        2,
        0,
        3,
        0,
        0,
        3,
        1,
        0,
        3,
        3,
        3,
        1,
        2,
        0,
        2,
        3,
        1,
        0,
        1,
        2
    ],
    "size0": [
        10,
        13,
        11
    ],
    "rule0": [
        0
    ],
    "corKey0": [
        1,
        1,
        1,
        0,
        1,
        1,
        1,
        0,
        1,
        0,
        1,
        1,
        0,
        0,
        1,
        1,
        0,
        0,
        0,
        1,
        0,
        0,
        1,
        0,
        1,
        0,
        1,
        0,
        0,
        1,
        1,
        0,
        1,
        0,
        0,
        1,
        0,
        0,
        1,
        1,
        1,
        0,
        1,
        1,
        1,
        0,
        0,
        1,
        1,
        1,
        0,
        1,
        1,
        1,
        0,
        1,
        1,
        0,
        0,
        0,
        1,
        0,
        1,
        0,
        1,
        1,
        1,
        0,
        0,
        0,
        0,
        0,
        0,
        1,
        1,
        0,
        0,
        1,
        0,
        0,
        0,
        1,
        0,
        0,
        1,
        1,
        0,
        1,
        1,
        1,
        1,
        0,
        0,
        0,
        1,
        1,
        0,
        1,
        0
    ],
    "size1": [
        14,
        12,
        20
    ],
    "rule1": [
        0
    ],
    "corKey1": [
        1,
        1,
        1,
        0,
        1,
        1,
        1,
        0,
        1,
        0,
        1,
        1,
        0,
        0,
        1,
        1,
        0,
        0,
        0,
        1,
        0,
        0,
        1,
        0,
        1,
        0,
        1,
        0,
        0,
        1,
        1,
        0,
        1,
        0,
        0,
        1,
        0,
        0,
        1,
        1,
        1,
        0,
        1,
        1,
        1,
        0,
        0,
        1,
        1,
        1,
        0,
        1,
        1,
        1,
        0,
        1,
        1,
        0,
        0,
        0,
        1,
        0,
        1,
        0,
        1,
        1,
        1,
        0,
        0,
        0,
        0,
        0,
        0,
        1,
        1,
        0,
        0,
        1,
        0,
        0,
        0,
        1,
        0,
        0,
        1,
        1,
        0,
        1,
        1,
        1,
        1,
        0,
        0,
        0,
        1,
        1,
        0,
        1,
        0
    ],
    "size2": [
        20,
        18,
        13
    ],
    "rule2": [
        3
    ],
    "corKey2": [
        0,
        1,
        1,
        0,
        1,
        0,
        1,
        0,
        0,
        1,
        0,
        1,
        0,
        1,
        0,
        1,
        1,
        0,
        1,
        1,
        1,
        1,
        0,
        1,
        1,
        0,
        0,
        0,
        1,
        0,
        0,
        1,
        0,
        1,
        0,
        0,
        0,
        1,
        1,
        0,
        0,
        1,
        1,
        0,
        1,
        0,
        1,
        1,
        0,
        0,
        1,
        1,
        0,
        0,
        0,
        1,
        0,
        1,
        0,
        1,
        1,
        0,
        0,
        1,
        0,
        0,
        1,
        1,
        1,
        0,
        1,
        0,
        0,
        0,
        0,
        0,
        0,
        0,
        0,
        1,
        0,
        1,
        0,
        0,
        1,
        0,
        0,
        1,
        1,
        1,
        0,
        1,
        0,
        1,
        1,
        0,
        0,
        0,
        1
    ],
    "size3": [
        14,
        19,
        17
    ],
    "rule3": [
        3
    ],
    "corKey3": [
        0,
        1,
        1,
        0,
        1,
        0,
        1,
        0,
        0,
        1,
        0,
        1,
        0,
        1,
        0,
        1,
        1,
        0,
        1,
        1,
        1,
        1,
        0,
        1,
        1,
        0,
        0,
        0,
        1,
        0,
        0,
        1,
        0,
        1,
        0,
        0,
        0,
        1,
        1,
        0,
        0,
        1,
        1,
        0,
        1,
        0,
        1,
        1,
        0,
        0,
        1,
        1,
        0,
        0,
        0,
        1,
        0,
        1,
        0,
        1,
        1,
        0,
        0,
        1,
        0,
        0,
        1,
        1,
        1,
        0,
        1,
        0,
        0,
        0,
        0,
        0,
        0,
        0,
        0,
        1,
        0,
        1,
        0,
        0,
        1,
        0,
        0,
        1,
        1,
        1,
        0,
        1,
        0,
        1,
        1,
        0,
        0,
        0,
        1
    ],