{
    "fbQuantBase": [
        3,
        5,
        3
    ],
    "fbQuantCrash": [
        1,
        1,
        2,
        1,
        2,
        2,
        1,
        1,
        1,
        2,
        1,
        2,
        2,
        2,
        1,
        2,
        1,
        1,
        1,
        2,
        1,
        1,
        2,
        1,
        2,
        2,
        1,
        2,
        2,
        1,
        2,
        2,
        2,
        1,
        2,
        2,
        2,
        2,
        2,
        2,
        1,
        1,
        2,
        1,
        1,
        1,
        2,
        2,
        2,
        1,
        1,
        1,
        2,
        2,
        1,
        2,
        2,
        1,
        1,
        2,
        1,
        2,
        1,
        2,
        1,
        2,
        1,
        1,
        1,
        1,
        1,
        2,
        2,
        1,
        2,
        2,
        1,
        1,
        1,
        1
    ],
    "goalProgCrashThreshold": [
        0.7811872061221494,
        0.9394789625775875,
        0.9118461814833401,
        0.27051772131770085,
        0.34424077632319855,
        0.2224724532587465,
        0.8890997915093524,
        0.4115153322817041,
        0.4790709415410677,
        0.6148626269802954,
        0.5500466281935289,
        0.4374368524779262,
        0.3997936768619142,
        0.7759101616131161,
        0.9479953641075509,
        0.31746773779894205,
        0.28542996071604443,
        0.26870238757951265,
        0.2501898175903266,
        0.4980554089299523,
        0.9114354947526129,
        0.7411384304248041,
        0.6815166207390433,
        0.816368036771552,
        0.31440926672869174,
        0.5059187142014074,
        0.4336561433790685,
        0.3947704586210272,
        0.8284288181452857,
        0.5166114418054542,
        0.5273029449200715,
        0.895262243576713,
        0.8168334883132182,
        0.3658618658931621,
        0.2765426278488974,
        0.8579191802925945,
        0.42220803424881875,
        0.725981281226556,
        0.6664834613041477,
        0.5698340708694734,
        0.976672694465246,
        0.8251324949067815,
        0.8643843519943031,
        0.6346061009121493,
        0.9637807747478131,
        0.9140431970516818,
        0.4812915396684055,
        0.4793869914510701,
        0.5436630672299305,
        0.2556375049543232,
        0.2575775014025252,
        0.7209081602182652,
        0.7845895965738359,
        0.5713491638788051,
        0.6049199130597775,
        0.8562145558080307,
        0.20240633972657804,
        0.7258724628709865,
        0.9792205543649215,
        0.209568510840643,
        0.6715424281398399,
        0.5784076506066043,
        0.352272349970776,
        0.44785521664335737,
        0.8396772069792344,
        0.8526533779752843,
        0.2631907966922371,
        0.39252658464522316,
        0.7657499519498618,
        0.3088673562337212,
        0.9795236193913899,
        0.21434391385977103,
        0.22902561213713338,
        0.8563788130944967,
        0.889993029873787,
        0.4158652931566329,
        0.805067802279956,
        0.9298836530098316,
        0.49204346800885823,
        0.9914546816306324
    ],
    "stim0": [
        0,
        1,
        0,
        3,
        0,
        3,
        3,
        2,
        1,
        3,
        0,
        1,
        0,
        1,
        3,
        0,
        0,
        0,
        3,
        3,
        0,
        2,
        3,
        2,
        1,
        3,
        0,
        0,
        3,
        1,
        1,
        2,
        0,
        2,
        3,
        3,
        3,
        0,
        1,
        1,
        1,
        0,
        1,
        1,
        2,
        0,
        2,
        0,
        3,
        0,
        0,
        0,
        0,
        3,
        1,
        2,
        2,
        1,
        2,
        3,
        3,
        0,
        3,
        2,
        0,
        3,
        2,
        0,
        1,
        2,
        3,
        2,
        2,
        3,
        0,
        2,
        0,
        3,
        3,
        2,
        1,
        0,
        2,
        3,
        1,
        1,
        0,
        0,
        0,
        0,
        2,
        2,
        2,
        3,
        1,
        3,
        2,
        2,
        1,
        2,
        0,
        0,
        3,
        1,
        1,
        1,
        1,
        3,
        3,
        0,
        2,
        3,
        1,
        1,
        2,
        0,
        0,
        2,
        3,
        2,
        2,
        1,
        1,
        1,
        3,
        0,
        2,
        1,
        0,
        0,
        0,
        1,
        1,
        3,
        3,
        1,
        3,
        1,
        3,
        2,
        2,
        3,
        0,
        1,
        3,
        1,
        3,
        2,
        2,
        1,
        0,
        3,
        0,
        1,
        1,
        2,
        3,
        1,
        2,
        3,
        1,
        0,
        0,
        3,
        0,
        1,
        1,
        3,
        2,
        3,
        2,
        0,
        1,
        1,
        3,
        2,
        1,
        0,
        3,
        3,
        2,
        0,
        1,
        0,
        3,
        1,
        2,
        1,
        0,
        2,
        0,
        3,
        2,
        1,
        2,
        0,
        1,
        0,
        3,
        3,
        2,
        3,
        1,
        1,
        2,
        3,
        2,
        0,
        1,
        2,
        2,
        0,
        2,
        3,
        1,
        2,
        1,
        0,
        1,
        0,
        2,
        2,
        2,
        1,
        0,
        3,
        2,
        3,
        2,
        3,
        0,
        3,
        1,
        2,
        0,
        0,
        3,
        0,
        0,
        1
    ],
    "size0": [
        17,
        16,
        18
    ],
    "rule0": [
        0
    ],