{
    "fbQuantBase": [
        3,
        5,
        3
    ],
    "fbQuantCrash": [
        1,
        1,
        1,
        1,
        1,
        2,
        1,
        1,
        2,
        2,
        2,
        1,
        2,
        2,
        1,
        2,
        1,
        2,
        1,
        2,
        1,
        2,
        2,
        1,
        2,
        1,
        1,
        1,
        2,
        1,
        1,
        2,
        2,
        2,
        2,
        1,
        1,
        2,
        2,
        1,
        2,
        1,
        1,
        2,
        2,
        2,
        1,
        2,
        1,
        2,
        2,
        1,
        1,
        2,
        1,
        2,
        2,
        1,
        2,
        1,
        2,
        1,
        1,
        2,
        2,
        2,
        2,
        2,
        1,
        2,
        1,
        2,
        1,
        1,
        1,
        1,
        1,
        1,
        2,
        2
    ],
    "goalProgCrashThreshold": [
        0.530790597233777,
        0.25224707561641363,
        0.7567987611034057,
        0.8188082935390599,
        0.8828779526579555,
        0.4480807605701942,
        0.9438351437288075,
        0.8557206398447712,
        0.9142840617352908,
        0.2639458292998084,
        0.4365178105138138,
        0.3221385845690929,
        0.3330228313339506,
        0.5285520244794509,
        0.704098198258206,
        0.8755162150230451,
        0.2699808174721377,
        0.2001413923247542,
        0.5263289176504977,
        0.9124971495882361,
        0.3426764241303636,
        0.2676015773294303,
        0.8798490139800654,
        0.9905248401734341,
        0.30963324240816,
        0.8471597288757649,
        0.4385336032824607,
        0.8717442636380133,
        0.2971852017422871,
        0.31019000840648414,
        0.6449201193991644,
        0.8762830230494854,
        0.7442866410328379,
        0.8513776823183459,
        0.25717898284195234,
        0.8417668886138259,
        0.7391215139736609,
        0.5159158191782365,
        0.7643386078958339,
        0.7775305999900575,
        0.6893227842619242,
        0.9323669682929254,
        0.7478739603633984,
        0.4359014662385615,
        0.9350559171187189,
        0.28888968267012133,
        0.6941042430564708,
        0.7854457954278014,
        0.33368860775884174,
        0.5613602438707046,
        0.5030520743122584,
        0.3350418865815664,
        0.5038664622502839,
        0.21057769611230048,
        0.9691819414078429,
        0.615535047419063,
        0.9469283145888232,
        0.25050085467314526,
        0.4983502565568501,
        0.7078209980448849,
        0.23109049540820328,
        0.264536947745359,
        0.9632464732140011,
        0.6607660219478659,
        0.9966695182865533,
        0.7336131631725793,
        0.9988974511422897,
        0.45600836461547056,
        0.8904406268732707,
        0.46023125708374146,
        0.8506178821461627,
        0.6353380312486997,
        0.2788059344406983,
        0.8636494952905822,
        0.8060943949889772,
        0.6754050495806949,
        0.24831965386413923,
        0.5978002438564141,
        0.7269313513134119,
        0.7641693599055432
    ],
    "stim0": [
        2,
        0,
        1,
        1,
        0,
        3,
        3,
        0,
        0,
        2,
        2,
        3,
        3,
        3,
        1,
        1,
        1,
        0,
        1,
        1,
        1,
        2,
        2,
        0,
        3,
        2,
        1,
        3,
        0,
        0,
        3,
        3,
        2,
        3,
        2,
        1,
        2,
        2,
        0,
        3,
        2,
        3,
        2,
        0,
        0,
        1,
        0,
        3,
        2,
        2,
        3,
        1,
        1,
        2,
        2,
        2,
        1,
        1,
        2,
        0,
        0,
        3,
        1,
        2,
        2,
        0,
        0,
        0,
        2,
        0,
        3,
        2,
        1,
        0,
        3,
        0,
        3,
        2,
        2,
        0,
        3,
        2,
        1,
        1,
        0,
        3,
        2,
        0,
        0,
        0,
        0,
        0,
        2,
        0,
        3,
        2,
        1,
        2,
        3,
        3,
        3,
        1,
        0,
        2,
        1,
        2,
        0,
        2,
        2,
        2,
        3,
        0,
        3,
        1,
        1,
        0,
        1,
        2,
        3,
        2,
        1,
        0,
        1,
        2,
        3,
        2,
        3,
        0,
        3,
        1,
        0,
        3,
        2,
        1,
        2,
        3,
        3,
        0,
        2,
        2,
        3,
        0,
        0,
        2,
        2,
        3,
        1,
        3,
        2,
        0,
        1,
        2,
        3,
        2,
        3,
        1,
        2,
        1,
        2,
        3,
        1,
        1,
        3,
        0,
        1,
        3,
        0,
        1,
        2,
        1,
        1,
        3,
        1,
        3,
        2,
        3,
        3,
        0,
        2,
        2,
        0,
        0,
        1,
        0,
        3,
        3,
        2,
        2,
        2,
        1,
        2,
        3,
        1,
        2,
        3,
        1,
        3,
        0,
        3,
        2,
        2,
        1,
        3,
        1,
        1,
        2,
        0,
        3,
        0,
        0,
        0,
        2,
        1,
        3,
        2,
        1,
        1,
        1,
        1,
        0,
        3,
        1,
        2,
        0,
        3,
        2,
        2,
        2,
        0,
        2,
        2,
        1,
        1,
        0,
        0,
        1,
        3,
        1,
        1,
        0
    ],
    "size0": [
        19,
        19,
        15
    ],
    "rule0": [
        2
    ],