{
    "fbQuantBase": [
        3,
        5,
        3
    ],
    "size0": [
        10,
        16,
        10
    ],
    "size1": [
        10,
        16,
        10
    ],
    "size2": [
        10,
        16,
        10
    ],
    "size3": [
        10,
        16,
        10
    ],
    "fbQuantCrash": [
        2,
        1,
        2,
        1,
        2,
        2,
        2,
        2,
        2,
        2,
        1,
        2,
        2,
        1,
        1,
        1,
        1,
        2,
        2,
        1,
        2,
        1,
        2,
        1,
        2,
        2,
        2,
        1,
        1,
        1,
        1,
        2,
        2,
        1,
        1,
        2,
        2,
        1,
        2,
        2,
        1,
        1,
        1,
        1,
        2,
        1,
        2,
        2,
        2,
        1,
        1,
        2,
        2,
        1,
        2,
        1,
        2,
        2,
        2,
        1,
        2,
        2,
        1,
        2,
        1,
        1,
        2,
        2,
        1,
        2,
        2,
        2,
        1,
        2,
        2,
        1,
        2,
        1,
        1,
        2,
        1,
        1,
        2,
        2,
        1,
        2,
        1,
        2,
        2,
        1,
        1,
        1,
        1,
        1,
        2,
        1,
        1,
        2,
        2,
        1
    ],
    "goalProgCrashThreshold": [
        0.7518756693414985,
        0.7992879159328561,
        0.727532350781152,
        0.8984855402406904,
        0.9227919328337832,
        0.9591957769373969,
        0.22586288313237513,
        0.5190074427439346,
        0.2773980669843599,
        0.4596913139181016,
        0.36777263738965005,
        0.25276949489754963,
        0.5103855634093599,
        0.5731833484441804,
        0.3680937948404024,
        0.8973161755383141,
        0.7462029804480483,
        0.3139418938238947,
        0.4124542245672805,
        0.2777767876947803,
        0.9648184091078722,
        0.469539437334991,
        0.5012848364129829,
        0.37685263040962874,
        0.30621909415303084,
        0.9932635824086924,
        0.9814150876081793,
        0.30278068611132736,
        0.8281830988564827,
        0.27505610062916513,
        0.9011368897825354,
        0.7724205006942402,
        0.3461221194122128,
        0.6336783026832806,
        0.3383294286223116,
        0.649513777424954,
        0.5449963700700542,
        0.21862333390101113,
        0.7561936742018425,
        0.8942187842163958,
        0.9326137312510314,
        0.43350628563347515,
        0.8548675097710887,
        0.8431992857129413,
        0.25853105495768314,
        0.7668014803601684,
        0.8388065556168964,
        0.9856183293014642,
        0.3663416109792859,
        0.5748609319765501,
        0.6233699241638582,
        0.7576739471023004,
        0.46158237122091483,
        0.5966163175112651,
        0.9579802806206046,
        0.9867523964192806,
        0.3449619753928904,
        0.8273803179599648,
        0.6291778613934911,
        0.5185490007815508,
        0.6934162983188714,
        0.762076677610277,
        0.37500708252623033,
        0.6546490859425458,
        0.9885018661520786,
        0.8791318621213537,
        0.22331055404373396,
        0.3740295141507445,
        0.8257475230888487,
        0.3092928077370405,
        0.6141002462871558,
        0.9693297129171456,
        0.913689908818051,
        0.21035371692742855,
        0.7009882807630343,
        0.9903253565480217,
        0.23235160817044342,
        0.7577570204267623,
        0.6520612235623007,
        0.8775907907295244,
        0.4872926104200492,
        0.24280578314542806,
        0.862541554203226,
        0.20445779473681452,
        0.22288382359821268,
        0.7257085119335958,
        0.3178868600183824,
        0.4214430159497726,
        0.4494497658077826,
        0.6461657057069397,
        0.904579473810238,
        0.48403215778461955,
        0.3175850655532244,
        0.35290067101943,
        0.7125773938860009,
        0.41809849989075404,
        0.7078399182279269,
        0.8171878622857582,
        0.43988768398807476,
        0.3302326379531271
    ],
    "stim0": [
        1,
        2,
        2,
        1,
        2,
        1,
        2,
        3,
        0,
        2,
        2,
        1,
        2,
        3,
        1,
        1,
        3,
        2,
        3,
        2,
        0,
        0,
        1,
        3,
        1,
        2,
        3,
        1,
        3,
        2,
        1,
        2,
        0,
        2,
        2,
        0,
        2,
        3,
        2,
        3,
        3,
        0,
        3,
        2,
        1,
        0,
        1,
        0,
        2,
        2,
        1,
        1,
        0,
        2,
        1,
        1,
        0,
        1,
        1,
        3,
        3,
        0,
        2,
        3,
        1,
        0,
        3,
        1,
        3,
        1,
        2,
        1,
        0,
        2,
        1,
        0,
        0,
        2,
        3,
        3,
        0,
        0,
        3,
        0,
        3,
        3,
        3,
        0,
        3,
        1,
        2,
        3,
        0,
        1,
        2,
        1,
        1,
        1,
        2,
        3
    ],
    "rule0": [
        2
    ],
    "corKey0": [
        1,
        0,
        0,
        1,
        0,
        1,
        0,
        0,
        1,
        0,
        0,
        1,
        0,
        0,
        1,
        1,
        0,
        0,
        0,
        0,
        1,
        1,
        1,
        0,
        1,
        0,
        0,
        1,
        0,
        0,
        1,
        0,
        1,
        0,
        0,
        1,
        0,
        0,
        0,
        0,
        0,
        1,
        0,
        0,
        1,
        1,
        1,
        1,
        0,
        0,
        1,
        1,
        1,
        0,
        1,
        1,
        1,
        1,
        1,
        0,
        0,
        1,
        0,
        0,
        1,
        1,
        0,
        1,
        0,
        1,
        0,
        1,
        1,
        0,
        1,
        1,
        1,
        0,
        0,
        0,
        1,
        1,
        0,
        1,
        0,
        0,
        0,
        1,
        0,
        1,
        0,
        0,
        1,
        1,
        0,
        1,
        1,
        1,
        0,
        0
    ],
    "rule1": [
        2
    ],
    "corKey1": [
        1,
        0,
        0,
        1,
        0,
        1,
        0,
        0,
        1,
        0,
        0,
        1,
        0,
        0,
        1,
        1,
        0,
        0,
        0,
        0,
        1,
        1,
        1,
        0,
        1,
        0,
        0,
        1,
        0,
        0,
        1,
        0,
        1,
        0,
        0,
        1,
        0,
        0,
        0,
        0,
        0,
        1,
        0,
        0,
        1,
        1,
        1,
        1,
        0,
        0,
        1,
        1,
        1,
        0,
        1,
        1,
        1,
        1,
        1,
        0,
        0,
        1,
        0,
        0,
        1,
        1,
        0,
        1,
        0,
        1,
        0,
        1,
        1,
        0,
        1,
        1,
        1,
        0,
        0,
        0,
        1,
        1,
        0,
        1,
        0,
        0,
        0,
        1,
        0,
        1,
        0,
        0,
        1,
        1,
        0,
        1,
        1,
        1,
        0,
        0
    ],
    "rule2": [
        1
    ],