{
    "fbQuantBase": [
        3,
        5,
        3
    ],
    "size0": [
        10,
        16,
        10
    ],
    "size1": [
        10,
        16,
        10
    ],
    "size2": [
        10,
        16,
        10
    ],
    "size3": [
        10,
        16,
        10
    ],
    "fbQuantCrash": [
        1,
        1,
        2,
        1,
        1,
        1,
        1,
        2,
        2,
        1,
        1,
        1,
        1,
        1,
        1,
        2,
        2,
        2,
        1,
        1,
        1,
        1,
        1,
        2,
        1,
        2,
        2,
        2,
        1,
        1,
        2,
        2,
        1,
        2,
        1,
        2,
        2,
        1,
        2,
        2,
        1,
        2,
        2,
        2,
        1,
        1,
        1,
        1,
        1,
        1,
        2,
        2,
        1,
        1,
        1,
        1,
        2,
        1,
        2,
        2,
        1,
        2,
        2,
        1,
        2,
        2,
        1,
        1,
        2,
        2,
        1,
        2,
        2,
        2,
        1,
        2,
        1,
        1,
        2,
        2,
        2,
        1,
        2,
        1,
        1,
        2,
        2,
        2,
        1,
        2,
        1,
        1,
        1,
        1,
        1,
        2,
        1,
        1,
        2,
        1
    ],
    "goalProgCrashThreshold": [
        0.9222418367309746,
        0.5385151383744378,
        0.34427575023257495,
        0.7671171306785112,
        0.6524927437838439,
        0.47029140100514644,
        0.2481459532232484,
        0.862583045457757,
        0.616322637989942,
        0.903064723002516,
        0.7947429335723422,
        0.7481559684650678,
        0.28839548151050726,
        0.5260634179316273,
        0.7848743692352631,
        0.9789940544864606,
        0.9404497032306687,
        0.8156603016280004,
        0.8882934409011234,
        0.8030275881364601,
        0.42831133204859484,
        0.6634718387543359,
        0.5498925235648764,
        0.8222307088621243,
        0.432885292632193,
        0.45588839061159825,
        0.877164665475785,
        0.3978089148339547,
        0.2134251090951147,
        0.2548863166011187,
        0.6388439595788615,
        0.5640528453352794,
        0.7188988240960941,
        0.5099023825618982,
        0.5247640649263119,
        0.3379920110091118,
        0.6339310706799914,
        0.6114694405330559,
        0.34127592439436016,
        0.5305006751970458,
        0.778773865396776,
        0.46620560778751363,
        0.4018606426564283,
        0.6994441883341442,
        0.6687628086442943,
        0.5737348654282801,
        0.8795366450002824,
        0.5811147889164388,
        0.9552396340982383,
        0.7214054318607535,
        0.7531733058168908,
        0.4031251726159484,
        0.4066081159934938,
        0.22399995104147782,
        0.9002130631731702,
        0.5595014645522938,
        0.2293361322289651,
        0.7654502924021223,
        0.565782180571444,
        0.9922850469389346,
        0.5281986363234965,
        0.6973002001247592,
        0.6844458527810415,
        0.8758320154830128,
        0.6327043859298431,
        0.9730125498201045,
        0.669154465603067,
        0.4658827455123171,
        0.8784612154961204,
        0.3542307320817506,
        0.25059693920586024,
        0.432548574048482,
        0.5412030784122028,
        0.504740834826749,
        0.6249718116806756,
        0.7511915458283716,
        0.3125164850396477,
        0.4765508700627627,
        0.8341339802156758,
        0.21808110147991577,
        0.5203988696874484,
        0.23882257536485607,
        0.2757567784549528,
        0.3205244868021773,
        0.5246077450579032,
        0.8988857179719427,
        0.9581729277306239,
        0.44611116524863353,
        0.8650471263144492,
        0.298169134235308,
        0.5318398902433787,
        0.21612643367338827,
        0.3855612464722021,
        0.8122901705374652,
        0.7367044518734742,
        0.7828105403397108,
        0.6839022610076022,
        0.699544154680307,
        0.4635309466033961,
        0.44431033612829807
    ],
    "stim0": [
        2,
        0,
        1,
        0,
        0,
        0,
        0,
        1,
        1,
        2,
        2,
        0,
        1,
        2,
        3,
        0,
        0,
        1,
        1,
        3,
        1,
        3,
        1,
        0,
        1,
        3,
        1,
        1,
        0,
        2,
        1,
        2,
        3,
        3,
        0,
        1,
        3,
        3,
        2,
        3,
        2,
        3,
        3,
        0,
        0,
        1,
        0,
        3,
        2,
        3,
        3,
        3,
        2,
        3,
        3,
        3,
        0,
        3,
        1,
        3,
        3,
        0,
        1,
        1,
        2,
        3,
        3,
        1,
        3,
        2,
        2,
        3,
        3,
        3,
        3,
        2,
        0,
        1,
        0,
        2,
        1,
        2,
        1,
        1,
        1,
        3,
        1,
        2,
        2,
        0,
        1,
        0,
        3,
        1,
        0,
        0,
        2,
        0,
        1,
        3
    ],
    "rule0": [
        0
    ],
    "corKey0": [
        0,
        0,
        1,
        0,
        0,
        0,
        0,
        1,
        1,
        0,
        0,
        0,
        1,
        0,
        1,
        0,
        0,
        1,
        1,
        1,
        1,
        1,
        1,
        0,
        1,
        1,
        1,
        1,
        0,
        0,
        1,
        0,
        1,
        1,
        0,
        1,
        1,
        1,
        0,
        1,
        0,
        1,
        1,
        0,
        0,
        1,
        0,
        1,
        0,
        1,
        1,
        1,
        0,
        1,
        1,
        1,
        0,
        1,
        1,
        1,
        1,
        0,
        1,
        1,
        0,
        1,
        1,
        1,
        1,
        0,
        0,
        1,
        1,
        1,
        1,
        0,
        0,
        1,
        0,
        0,
        1,
        0,
        1,
        1,
        1,
        1,
        1,
        0,
        0,
        0,
        1,
        0,
        1,
        1,
        0,
        0,
        0,
        0,
        1,
        1
    ],
    "rule1": [
        3
    ],
    "corKey1": [
        1,
        0,
        0,
        0,
        0,
        0,
        0,
        0,
        0,
        1,
        1,
        0,
        0,
        1,
        1,
        0,
        0,
        0,
        0,
        1,
        0,
        1,
        0,
        0,
        0,
        1,
        0,
        0,
        0,
        1,
        0,
        1,
        1,
        1,
        0,
        0,
        1,
        1,
        1,
        1,
        1,
        1,
        1,
        0,
        0,
        0,
        0,
        1,
        1,
        1,
        1,
        1,
        1,
        1,
        1,
        1,
        0,
        1,
        0,
        1,
        1,
        0,
        0,
        0,
        1,
        1,
        1,
        0,
        1,
        1,
        1,
        1,
        1,
        1,
        1,
        1,
        0,
        0,
        0,
        1,
        0,
        1,
        0,
        0,
        0,
        1,
        0,
        1,
        1,
        0,
        0,
        0,
        1,
        0,
        0,
        0,
        1,
        0,
        0,
        1
    ],
    "rule2": [
        3
    ],