{
    "fbQuantBase": [
        3,
        5,
        3
    ],
    "size0": [
        10,
        16,
        10
    ],
    "size1": [
        10,
        16,
        10
    ],
    "size2": [
        10,
        16,
        10
    ],
    "size3": [
        10,
        16,
        10
    ],
    "fbQuantCrash": [
        1,
        1,
        2,
        1,
        1,
        1,
        1,
        1,
        2,
        1,
        1,
        2,
        2,
        1,
        2,
        1,
        2,
        1,
        1,
        2,
        2,
        1,
        1,
        1,
        1,
        2,
        2,
        1,
        2,
        1,
        1,
        2,
        2,
        2,
        1,
        1,
        1,
        1,
        1,
        2,
        2,
        1,
        1,
        2,
        1,
        2,
        2,
        2,
        1,
        2,
        1,
        1,
        2,
        2,
        1,
        1,
        1,
        1,
        1,
        1,
        2,
        2,
        2,
        1,
        1,
        2,
        2,
        2,
        2,
        1,
        1,
        2,
        2,
        1,
        1,
        1,
        2,
        2,
        2,
        2,
        2,
        1,
        2,
        1,
        1,
        2,
        2,
        1,
        2,
        1,
        1,
        1,
        2,
        1,
        2,
        2,
        1,
        1,
        1,
        2
    ],
    "goalProgCrashThreshold": [
        0.7794879979443383,
        0.3454384577884764,
        0.4811946681022772,
        0.8818859703860216,
        0.3389578363415091,
        0.619909953910967,
        0.406162026624982,
        0.2523887890585841,
        0.7191943255607225,
        0.8819998963446323,
        0.7182396383678233,
        0.8892379161418356,
        0.4574676315994304,
        0.7548714419023039,
        0.946087415971691,
        0.7768337449557363,
        0.7954049064040623,
        0.8873068490914628,
        0.7849995142462005,
        0.5783230173698519,
        0.22942140979799,
        0.9137973044689003,
        0.4520751587624723,
        0.692223314238012,
        0.42499416305061044,
        0.6712454159448891,
        0.8661896496727399,
        0.3068141738475695,
        0.8305621500929252,
        0.6624250328766383,
        0.8170358147183798,
        0.5560814395429214,
        0.473771220099918,
        0.8392755395369775,
        0.2751227865203434,
        0.3346640184240607,
        0.9879290866474728,
        0.7198440980690841,
        0.49090701078171356,
        0.9561104213172726,
        0.6683655754658544,
        0.8806490073499229,
        0.6614926697983546,
        0.9698532051210844,
        0.7768192285800724,
        0.3652462984039315,
        0.9920990915655412,
        0.9102375121321762,
        0.3656056624231423,
        0.8041204239178144,
        0.34692006424770244,
        0.38946174433989733,
        0.9070548527687949,
        0.99218092973605,
        0.20384271960439398,
        0.3552955412716391,
        0.6930386031035778,
        0.2505339880773703,
        0.7744088791225539,
        0.6307593353698768,
        0.6356002899403177,
        0.9128046829512404,
        0.4922497664422103,
        0.8424912477785305,
        0.6156566652830109,
        0.3426741602500871,
        0.7521791158345166,
        0.7461615981245684,
        0.5346844292220649,
        0.5486527436384959,
        0.9665306572615902,
        0.9509788777104984,
        0.5351641556071978,
        0.6265631360234218,
        0.6110781286998477,
        0.3098388688917038,
        0.2540381322882057,
        0.5094824889326421,
        0.7022817181050145,
        0.6507525088751757,
        0.9250159257821258,
        0.3519335343853066,
        0.45963369909878105,
        0.6048052460509635,
        0.3464949817939347,
        0.8182997840143462,
        0.532338036596395,
        0.6107919866187974,
        0.7950437210780439,
        0.48500416524958023,
        0.4692652559370667,
        0.4756287356491637,
        0.8279921442308136,
        0.6188186328972148,
        0.4873320103865534,
        0.35603551024224017,
        0.873968985373383,
        0.27074120832787946,
        0.44384740214244023,
        0.754605210697735
    ],
    "stim0": [
        2,
        2,
        2,
        1,
        3,
        3,
        3,
        0,
        3,
        0,
        2,
        2,
        0,
        2,
        2,
        3,
        2,
        1,
        3,
        3,
        3,
        0,
        1,
        3,
        3,
        3,
        0,
        1,
        2,
        1,
        3,
        2,
        2,
        2,
        0,
        2,
        0,
        3,
        3,
        3,
        3,
        2,
        1,
        1,
        3,
        2,
        0,
        2,
        0,
        3,
        3,
        3,
        0,
        1,
        1,
        0,
        1,
        0,
        0,
        2,
        0,
        3,
        3,
        3,
        1,
        0,
        0,
        2,
        3,
        0,
        3,
        1,
        3,
        2,
        0,
        3,
        1,
        0,
        3,
        0,
        3,
        1,
        0,
        1,
        0,
        2,
        0,
        0,
        1,
        0,
        3,
        2,
        0,
        2,
        3,
        2,
        2,
        3,
        3,
        2
    ],
    "rule0": [
        2
    ],
    "corKey0": [
        0,
        0,
        0,
        1,
        0,
        0,
        0,
        1,
        0,
        1,
        0,
        0,
        1,
        0,
        0,
        0,
        0,
        1,
        0,
        0,
        0,
        1,
        1,
        0,
        0,
        0,
        1,
        1,
        0,
        1,
        0,
        0,
        0,
        0,
        1,
        0,
        1,
        0,
        0,
        0,
        0,
        0,
        1,
        1,
        0,
        0,
        1,
        0,
        1,
        0,
        0,
        0,
        1,
        1,
        1,
        1,
        1,
        1,
        1,
        0,
        1,
        0,
        0,
        0,
        1,
        1,
        1,
        0,
        0,
        1,
        0,
        1,
        0,
        0,
        1,
        0,
        1,
        1,
        0,
        1,
        0,
        1,
        1,
        1,
        1,
        0,
        1,
        1,
        1,
        1,
        0,
        0,
        1,
        0,
        0,
        0,
        0,
        0,
        0,
        0
    ],
    "rule1": [
        1
    ],
    "corKey1": [
        1,
        1,
        1,
        0,
        0,
        0,
        0,
        1,
        0,
        1,
        1,
        1,
        1,
        1,
        1,
        0,
        1,
        0,
        0,
        0,
        0,
        1,
        0,
        0,
        0,
        0,
        1,
        0,
        1,
        0,
        0,
        1,
        1,
        1,
        1,
        1,
        1,
        0,
        0,
        0,
        0,
        1,
        0,
        0,
        0,
        1,
        1,
        1,
        1,
        0,
        0,
        0,
        1,
        0,
        0,
        1,
        0,
        1,
        1,
        1,
        1,
        0,
        0,
        0,
        0,
        1,
        1,
        1,
        0,
        1,
        0,
        0,
        0,
        1,
        1,
        0,
        0,
        1,
        0,
        1,
        0,
        0,
        1,
        0,
        1,
        1,
        1,
        1,
        0,
        1,
        0,
        1,
        1,
        1,
        0,
        1,
        1,
        0,
        0,
        1
    ],
    "rule2": [
        1
    ],