{
    "fbQuantBase": [
        3,
        5,
        3
    ],
    "fbQuantCrash": [
        2,
        1,
        1,
        1,
        2,
        1,
        1,
        1,
        2,
        1,
        2,
        2,
        2,
        1,
        1,
        2,
        1,
        1,
        2,
        1,
        2,
        1,
        1,
        1,
        1,
        1,
        1,
        2,
        2,
        1,
        2,
        2,
        2
    ],
    "goalProgCrashThreshold": [
        0.9625514900034051,
        0.3442764254331201,
        0.731958121933802,
        0.5471070291135438,
        0.9853832572985062,
        0.49475745427428097,
        0.5243175106728974,
        0.29702759934696554,
        0.44966640429432375,
        0.5186524920382265,
        0.40429398329806426,
        0.9271558382302434,
        0.4887229596277992,
        0.8254767748723368,
        0.9725418962363033,
        0.2362281847830147,
        0.24962241963054943,
        0.9499681382549496,
        0.3404749654746819,
        0.9088013328356968,
        0.5570828897697325,
        0.46849585424104695,
        0.9126773582831624,
        0.7003962827141643,
        0.22950251651437636,
        0.4233770419365637,
        0.825380094514244,
        0.2506930352588341,
        0.39205558830010023,
        0.9617144303672254,
        0.7428719689901235,
        0.3551893288248077,
        0.33562192264668483
    ],
    "stim0": [
        1,
        0,
        0,
        1,
        1,
        0,
        1,
        2,
        0,
        3,
        1,
        2,
        3,
        0,
        0,
        0,
        1,
        0,
        0,
        2,
        2,
        3,
        0,
        2,
        0,
        0,
        0,
        1,
        3,
        3,
        0,
        2,
        2,
        1,
        1,
        1,
        2,
        3,
        0,
        0,
        0,
        2,
        3,
        0,
        3,
        1,
        3,
        3,
        2,
        1,
        3,
        1,
        2,
        1,
        3,
        0,
        1,
        2,
        1,
        3,
        1,
        0,
        2,
        3,
        0,
        0,
        2,
        1,
        2,
        2,
        1,
        0,
        1,
        2,
        3,
        0,
        1,
        0,
        0,
        1,
        0,
        1,
        0,
        2,
        0,
        1,
        3,
        1,
        1,
        3,
        3,
        2,
        2,
        1,
        3,
        0,
        2,
        2,
        0
    ],
    "size0": [
        16,
        15,
        12
    ],
    "rule0": [
        2
    ],
    "corKey0": [
        1,
        1,
        1,
        1,
        1,
        1,
        1,
        0,
        1,
        0,
        1,
        0,
        0,
        1,
        1,
        1,
        1,
        1,
        1,
        0,
        0,
        0,
        1,
        0,
        1,
        1,
        1,
        1,
        0,
        0,
        1,
        0,
        0,
        1,
        1,
        1,
        0,
        0,
        1,
        1,
        1,
        0,
        0,
        1,
        0,
        1,
        0,
        0,
        0,
        1,
        0,
        1,
        0,
        1,
        0,
        1,
        1,
        0,
        1,
        0,
        1,
        1,
        0,
        0,
        1,
        1,
        0,
        1,
        0,
        0,
        1,
        1,
        1,
        0,
        0,
        1,
        1,
        1,
        1,
        1,
        1,
        1,
        1,
        0,
        1,
        1,
        0,
        1,
        1,
        0,
        0,
        0,
        0,
        1,
        0,
        1,
        0,
        0,
        1
    ],
    "size1": [
        13,
        18,
        11
    ],
    "rule1": [
        0
    ],
    "corKey1": [
        1,
        0,
        0,
        1,
        1,
        0,
        1,
        0,
        0,
        1,
        1,
        0,
        1,
        0,
        0,
        0,
        1,
        0,
        0,
        0,
        0,
        1,
        0,
        0,
        0,
        0,
        0,
        1,
        1,
        1,
        0,
        0,
        0,
        1,
        1,
        1,
        0,
        1,
        0,
        0,
        0,
        0,
        1,
        0,
        1,
        1,
        1,
        1,
        0,
        1,
        1,
        1,
        0,
        1,
        1,
        0,
        1,
        0,
        1,
        1,
        1,
        0,
        0,
        1,
        0,
        0,
        0,
        1,
        0,
        0,
        1,
        0,
        1,
        0,
        1,
        0,
        1,
        0,
        0,
        1,
        0,
        1,
        0,
        0,
        0,
        1,
        1,
        1,
        1,
        1,
        1,
        0,
        0,
        1,
        1,
        0,
        0,
        0,
        0
    ],
    "size2": [
        16,
        17,
        13
    ],
    "rule2": [
        2
    ],
    "corKey2": [
        1,
        1,
        1,
        1,
        1,
        1,
        1,
        0,
        1,
        0,
        1,
        0,
        0,
        1,
        1,
        1,
        1,
        1,
        1,
        0,
        0,
        0,
        1,
        0,
        1,
        1,
        1,
        1,
        0,
        0,
        1,
        0,
        0,
        1,
        1,
        1,
        0,
        0,
        1,
        1,
        1,
        0,
        0,
        1,
        0,
        1,
        0,
        0,
        0,
        1,
        0,
        1,
        0,
        1,
        0,
        1,
        1,
        0,
        1,
        0,
        1,
        1,
        0,
        0,
        1,
        1,
        0,
        1,
        0,
        0,
        1,
        1,
        1,
        0,
        0,
        1,
        1,
        1,
        1,
        1,
        1,
        1,
        1,
        0,
        1,
        1,
        0,
        1,
        1,
        0,
        0,
        0,
        0,
        1,
        0,
        1,
        0,
        0,
        1
    ],
    "size3": [
        10,
        11,
        10
    ],
    "rule3": [
        0
    ],
    "corKey3": [
        1,
        0,
        0,
        1,
        1,
        0,
        1,
        0,
        0,
        1,
        1,
        0,
        1,
        0,
        0,
        0,
        1,
        0,
        0,
        0,
        0,
        1,
        0,
        0,
        0,
        0,
        0,
        1,
        1,
        1,
        0,
        0,
        0,
        1,
        1,
        1,
        0,
        1,
        0,
        0,
        0,
        0,
        1,
        0,
        1,
        1,
        1,
        1,
        0,
        1,
        1,
        1,
        0,
        1,
        1,
        0,
        1,
        0,
        1,
        1,
        1,
        0,
        0,
        1,
        0,
        0,
        0,
        1,
        0,
        0,
        1,
        0,
        1,
        0,
        1,
        0,
        1,
        0,
        0,
        1,
        0,
        1,
        0,
        0,
        0,
        1,
        1,
        1,
        1,
        1,
        1,
        0,
        0,
        1,
        1,
        0,
        0,
        0,
        0
    ],