{
    "fbQuantBase": [
        3,
        5,
        3
    ],
    "fbQuantCrash": [
        2,
        2,
        2,
        2,
        2,
        2,
        1,
        1,
        1,
        1,
        2,
        2,
        1,
        1,
        1,
        2,
        2,
        1,
        2,
        2,
        1,
        1,
        2,
        2,
        1,
        2,
        2,
        1,
        1,
        2,
        1,
        1,
        1,
        2,
        2,
        1,
        2,
        1,
        1,
        1,
        2,
        2,
        1,
        1,
        1,
        2,
        1,
        1,
        1,
        2,
        2,
        2,
        1,
        1,
        2,
        1,
        2,
        1,
        1,
        1,
        2,
        2,
        1,
        2,
        2,
        1,
        2,
        1,
        2,
        2,
        2,
        1,
        1,
        2,
        2,
        2,
        1,
        1,
        2,
        1
    ],
    "goalProgCrashThreshold": [
        0.31135070886222344,
        0.4626957184767386,
        0.6376260774575186,
        0.7040475712125778,
        0.7357975442852214,
        0.6013879147845584,
        0.4780100490602801,
        0.4820809213493526,
        0.8433238678368233,
        0.939717807194943,
        0.4846476534431828,
        0.32972388807917963,
        0.5713367329101114,
        0.36084128825895356,
        0.48549406822163815,
        0.6182024622248129,
        0.7559204943800979,
        0.3153934421783963,
        0.5430178169882663,
        0.8524962119015294,
        0.907534192584674,
        0.6336805543906495,
        0.9854866333627392,
        0.9851428380162315,
        0.9241527785898402,
        0.6823195370075907,
        0.7313134328765936,
        0.7861776727353387,
        0.3229962501676109,
        0.5556916800444096,
        0.4019954269215628,
        0.7885756274437381,
        0.4008936911473904,
        0.24761034793621547,
        0.7982158523695511,
        0.25079244092238095,
        0.6556482758123607,
        0.9190018062349707,
        0.6325271585012767,
        0.6121675278310044,
        0.4973647481697647,
        0.7517575080131276,
        0.9308502337180744,
        0.8720815114291995,
        0.777804581297667,
        0.20047932095715817,
        0.6195233395169155,
        0.9354115331509303,
        0.3853630536168243,
        0.3957200747178193,
        0.2023450380975632,
        0.8828158083480195,
        0.881212850492707,
        0.7357311684269872,
        0.22813946158849863,
        0.4697297718199882,
        0.7256131612355226,
        0.21556065968844412,
        0.584778719152593,
        0.21725352106781637,
        0.8233307136646217,
        0.6422940342228176,
        0.40199487517513144,
        0.7508910271261156,
        0.6631099689681772,
        0.7383727718166442,
        0.31413361780293186,
        0.3680763948279509,
        0.7838330085410627,
        0.46343612799348394,
        0.7789672166673802,
        0.6626139957360164,
        0.6614849097581763,
        0.8313282201131698,
        0.4543752427275638,
        0.9327672525765347,
        0.7008448633352498,
        0.4568792935616382,
        0.9831836306706598,
        0.9671291281484553
    ],
    "stim0": [
        0,
        2,
        0,
        2,
        0,
        1,
        0,
        3,
        1,
        3,
        3,
        3,
        1,
        2,
        0,
        1,
        1,
        3,
        0,
        2,
        1,
        1,
        3,
        3,
        0,
        3,
        3,
        0,
        3,
        0,
        3,
        2,
        0,
        0,
        2,
        0,
        3,
        2,
        1,
        2,
        2,
        0,
        3,
        2,
        2,
        1,
        3,
        0,
        0,
        0,
        3,
        1,
        2,
        2,
        1,
        1,
        1,
        2,
        1,
        2,
        2,
        1,
        2,
        3,
        3,
        1,
        0,
        2,
        2,
        1,
        1,
        0,
        3,
        3,
        1,
        0,
        0,
        3,
        1,
        3,
        1,
        2,
        1,
        1,
        1,
        0,
        2,
        3,
        3,
        2,
        0,
        3,
        3,
        1,
        3,
        2,
        0,
        2,
        3,
        0,
        2,
        2,
        3,
        2,
        1,
        3,
        0,
        2,
        2,
        3,
        0,
        0,
        2,
        0,
        0,
        2,
        3,
        3,
        0,
        3,
        1,
        1,
        0,
        3,
        1,
        2,
        0,
        1,
        1,
        3,
        1,
        0,
        2,
        1,
        3,
        0,
        2,
        0,
        1,
        1,
        1,
        3,
        1,
        0,
        0,
        2,
        3,
        0,
        1,
        3,
        3,
        0,
        1,
        1,
        2,
        1,
        1,
        2,
        2,
        0,
        2,
        0,
        3,
        0,
        1,
        3,
        2,
        3,
        2,
        0,
        0,
        2,
        2,
        3,
        2,
        1,
        1,
        2,
        1,
        0,
        2,
        2,
        3,
        0,
        3,
        3,
        0,
        1,
        0,
        1,
        0,
        1,
        3,
        3,
        1,
        3,
        1,
        3,
        1,
        3,
        1,
        3,
        2,
        3,
        0,
        0,
        3,
        2,
        3,
        0,
        2,
        3,
        1,
        1,
        1,
        0,
        1,
        2,
        0,
        3,
        2,
        2,
        1,
        3,
        2,
        2,
        0,
        0,
        1,
        2,
        2,
        3,
        2,
        3,
        1,
        2,
        2,
        1,
        3,
        3
    ],
    "size0": [
        15,
        20,
        15
    ],
    "rule0": [
        1
    ],