{
    "fbQuantBase": [
        3,
        5,
        3
    ],
    "fbQuantCrash": [
        1,
        2,
        1,
        2,
        1,
        1,
        1,
        1,
        2,
        1,
        1,
        2,
        1,
        2,
        1,
        2,
        2,
        1,
        1,
        1,
        1,
        2,
        2,
        2,
        2,
        2,
        1,
        2,
        1,
        1,
        1,
        2,
        1
    ],
    "goalProgCrashThreshold": [
        0.5275629131830772,
        0.694088922628251,
        0.7089233821630059,
        0.2526457165718813,
        0.6582271183255919,
        0.4858740867057592,
        0.353610026238919,
        0.510935398155907,
        0.9064525272768311,
        0.3413768527294465,
        0.22411932447304422,
        0.6283410680210141,
        0.4007805275656285,
        0.477256523520959,
        0.3397373119064227,
        0.9704746758228542,
        0.3714930316414467,
        0.49794397317555444,
        0.8470825864626192,
        0.4397771810316673,
        0.7348386945582701,
        0.3857687606219976,
        0.326234980318607,
        0.6164857330650118,
        0.27168764559484915,
        0.9217634320379178,
        0.92316576796893,
        0.7687565668494576,
        0.2547665057110745,
        0.8269046492667427,
        0.2613941206009859,
        0.8564672283150363,
        0.913929282545735
    ],
    "stim0": [
        0,
        2,
        2,
        0,
        3,
        1,
        1,
        2,
        2,
        1,
        0,
        0,
        1,
        1,
        0,
        2,
        1,
        3,
        2,
        0,
        0,
        3,
        0,
        2,
        0,
        3,
        0,
        2,
        2,
        0,
        2,
        0,
        2,
        0,
        1,
        3,
        0,
        1,
        1,
        2,
        2,
        2,
        0,
        2,
        1,
        2,
        2,
        2,
        0,
        0,
        2,
        1,
        2,
        2,
        3,
        3,
        1,
        3,
        2,
        2,
        2,
        1,
        3,
        2,
        3,
        0,
        2,
        2,
        2,
        0,
        3,
        3,
        0,
        1,
        2,
        3,
        2,
        0,
        3,
        0,
        1,
        0,
        3,
        3,
        0,
        0,
        1,
        1,
        0,
        2,
        3,
        0,
        2,
        2,
        0,
        1,
        0,
        1,
        2
    ],
    "size0": [
        11,
        16,
        20
    ],
    "rule0": [
        0
    ],
    "corKey0": [
        0,
        0,
        0,
        0,
        1,
        1,
        1,
        0,
        0,
        1,
        0,
        0,
        1,
        1,
        0,
        0,
        1,
        1,
        0,
        0,
        0,
        1,
        0,
        0,
        0,
        1,
        0,
        0,
        0,
        0,
        0,
        0,
        0,
        0,
        1,
        1,
        0,
        1,
        1,
        0,
        0,
        0,
        0,
        0,
        1,
        0,
        0,
        0,
        0,
        0,
        0,
        1,
        0,
        0,
        1,
        1,
        1,
        1,
        0,
        0,
        0,
        1,
        1,
        0,
        1,
        0,
        0,
        0,
        0,
        0,
        1,
        1,
        0,
        1,
        0,
        1,
        0,
        0,
        1,
        0,
        1,
        0,
        1,
        1,
        0,
        0,
        1,
        1,
        0,
        0,
        1,
        0,
        0,
        0,
        0,
        1,
        0,
        1,
        0
    ],
    "size1": [
        13,
        14,
        14
    ],
    "rule1": [
        2
    ],
    "corKey1": [
        1,
        0,
        0,
        1,
        0,
        1,
        1,
        0,
        0,
        1,
        1,
        1,
        1,
        1,
        1,
        0,
        1,
        0,
        0,
        1,
        1,
        0,
        1,
        0,
        1,
        0,
        1,
        0,
        0,
        1,
        0,
        1,
        0,
        1,
        1,
        0,
        1,
        1,
        1,
        0,
        0,
        0,
        1,
        0,
        1,
        0,
        0,
        0,
        1,
        1,
        0,
        1,
        0,
        0,
        0,
        0,
        1,
        0,
        0,
        0,
        0,
        1,
        0,
        0,
        0,
        1,
        0,
        0,
        0,
        1,
        0,
        0,
        1,
        1,
        0,
        0,
        0,
        1,
        0,
        1,
        1,
        1,
        0,
        0,
        1,
        1,
        1,
        1,
        1,
        0,
        0,
        1,
        0,
        0,
        1,
        1,
        1,
        1,
        0
    ],
    "size2": [
        20,
        10,
        13
    ],
    "rule2": [
        2
    ],
    "corKey2": [
        1,
        0,
        0,
        1,
        0,
        1,
        1,
        0,
        0,
        1,
        1,
        1,
        1,
        1,
        1,
        0,
        1,
        0,
        0,
        1,
        1,
        0,
        1,
        0,
        1,
        0,
        1,
        0,
        0,
        1,
        0,
        1,
        0,
        1,
        1,
        0,
        1,
        1,
        1,
        0,
        0,
        0,
        1,
        0,
        1,
        0,
        0,
        0,
        1,
        1,
        0,
        1,
        0,
        0,
        0,
        0,
        1,
        0,
        0,
        0,
        0,
        1,
        0,
        0,
        0,
        1,
        0,
        0,
        0,
        1,
        0,
        0,
        1,
        1,
        0,
        0,
        0,
        1,
        0,
        1,
        1,
        1,
        0,
        0,
        1,
        1,
        1,
        1,
        1,
        0,
        0,
        1,
        0,
        0,
        1,
        1,
        1,
        1,
        0
    ],
    "size3": [
        19,
        12,
        14
    ],
    "rule3": [
        0
    ],
    "corKey3": [
        0,
        0,
        0,
        0,
        1,
        1,
        1,
        0,
        0,
        1,
        0,
        0,
        1,
        1,
        0,
        0,
        1,
        1,
        0,
        0,
        0,
        1,
        0,
        0,
        0,
        1,
        0,
        0,
        0,
        0,
        0,
        0,
        0,
        0,
        1,
        1,
        0,
        1,
        1,
        0,
        0,
        0,
        0,
        0,
        1,
        0,
        0,
        0,
        0,
        0,
        0,
        1,
        0,
        0,
        1,
        1,
        1,
        1,
        0,
        0,
        0,
        1,
        1,
        0,
        1,
        0,
        0,
        0,
        0,
        0,
        1,
        1,
        0,
        1,
        0,
        1,
        0,
        0,
        1,
        0,
        1,
        0,
        1,
        1,
        0,
        0,
        1,
        1,
        0,
        0,
        1,
        0,
        0,
        0,
        0,
        1,
        0,
        1,
        0
    ],