{
    "fbQuantBase": [
        3,
        5,
        3
    ],
    "size0": [
        10,
        16,
        10
    ],
    "size1": [
        10,
        16,
        10
    ],
    "size2": [
        10,
        16,
        10
    ],
    "size3": [
        10,
        16,
        10
    ],
    "fbQuantCrash": [
        1,
        2,
        2,
        2,
        2,
        2,
        2,
        1,
        1,
        2,
        2,
        1,
        1,
        2,
        1,
        1,
        2,
        2,
        2,
        1,
        2,
        2,
        2,
        1,
        2,
        2,
        2,
        2,
        1,
        2,
        2,
        2,
        2,
        1,
        1,
        1,
        2,
        2,
        2,
        2,
        1,
        2,
        1,
        1,
        1,
        1,
        2,
        1,
        2,
        1,
        1,
        1,
        2,
        1,
        2,
        2,
        1,
        1,
        2,
        2,
        2,
        2,
        1,
        1,
        2,
        2,
        1,
        1,
        1,
        1,
        2,
        1,
        2,
        2,
        2,
        2,
        1,
        2,
        2,
        1,
        1,
        2,
        2,
        2,
        2,
        1,
        1,
        1,
        1,
        1,
        1,
        1,
        2,
        2,
        2,
        1,
        2,
        2,
        1,
        2
    ],
    "goalProgCrashThreshold": [
        0.6845463016070591,
        0.5124159344000263,
        0.23063042610264298,
        0.5884290380432409,
        0.9116323570711231,
        0.41340460824341146,
        0.21330363327462376,
        0.6225590782618227,
        0.3602669802248009,
        0.6443963993196882,
        0.29438464542660203,
        0.3342525184924362,
        0.3014944488503544,
        0.9370434883679635,
        0.4604483866633266,
        0.9661377180643853,
        0.9980075344493118,
        0.6812639549624251,
        0.9772377964477006,
        0.6563179579618557,
        0.81401760329972,
        0.6075351887992302,
        0.901236581461482,
        0.8268617015070168,
        0.5465010228241175,
        0.8588433170145671,
        0.9113553607057019,
        0.6629268935987351,
        0.4085663029961449,
        0.7332919053731592,
        0.29140497913635655,
        0.4042477644834276,
        0.36962061615726916,
        0.2712639169145778,
        0.8670346968847642,
        0.754072919494605,
        0.6313389089742536,
        0.9857564534974137,
        0.25780020718675767,
        0.2078189942717768,
        0.22227247451853113,
        0.4239930314249809,
        0.9626526567074618,
        0.29564026527624,
        0.5369058635873263,
        0.9577136356157718,
        0.6743886765815117,
        0.5749918150223867,
        0.9901223524063651,
        0.5596301241129261,
        0.9504807633818781,
        0.9460591451367419,
        0.5927038447445734,
        0.22998971094196474,
        0.3063277095532657,
        0.37862661345119175,
        0.5574844000309144,
        0.5432224243112962,
        0.8728802487448857,
        0.7748741397777903,
        0.8446544034299313,
        0.5973945429086341,
        0.6036401351840974,
        0.9623820824108074,
        0.29944057293224113,
        0.7574514516829012,
        0.71235389338829,
        0.4343260003741487,
        0.6555551900393723,
        0.9567954477755138,
        0.2264580716195738,
        0.49042853231403866,
        0.3233225016174373,
        0.2369087631309637,
        0.5258769382021194,
        0.5645287092058777,
        0.462672320851124,
        0.9672308197823849,
        0.8356814798585923,
        0.5715236734605071,
        0.7067776675693127,
        0.49469425047242055,
        0.5913868167435072,
        0.7955488589747415,
        0.7139716324246017,
        0.48954988624160445,
        0.3872399627078653,
        0.5305153243326189,
        0.23402018424533183,
        0.8544177380183742,
        0.2256337078423738,
        0.5031377533869312,
        0.3764849674587133,
        0.9864493374493637,
        0.8429019895042589,
        0.34254678808318784,
        0.8158320195947153,
        0.3939682011738098,
        0.5333724625202922,
        0.23475915494323757
    ],
    "stim0": [
        3,
        2,
        3,
        3,
        1,
        2,
        0,
        3,
        3,
        3,
        0,
        0,
        2,
        2,
        2,
        2,
        3,
        1,
        2,
        3,
        0,
        3,
        3,
        3,
        2,
        2,
        3,
        3,
        3,
        0,
        0,
        2,
        3,
        3,
        1,
        2,
        1,
        2,
        1,
        3,
        0,
        1,
        2,
        0,
        0,
        1,
        0,
        3,
        0,
        1,
        3,
        2,
        1,
        3,
        0,
        1,
        2,
        1,
        2,
        2,
        3,
        3,
        2,
        3,
        0,
        1,
        2,
        1,
        1,
        0,
        0,
        2,
        3,
        3,
        3,
        2,
        0,
        2,
        0,
        1,
        3,
        1,
        3,
        0,
        3,
        1,
        2,
        0,
        3,
        1,
        0,
        1,
        2,
        0,
        2,
        2,
        3,
        2,
        2,
        3
    ],
    "rule0": [
        2
    ],
    "corKey0": [
        0,
        0,
        0,
        0,
        1,
        0,
        1,
        0,
        0,
        0,
        1,
        1,
        0,
        0,
        0,
        0,
        0,
        1,
        0,
        0,
        1,
        0,
        0,
        0,
        0,
        0,
        0,
        0,
        0,
        1,
        1,
        0,
        0,
        0,
        1,
        0,
        1,
        0,
        1,
        0,
        1,
        1,
        0,
        1,
        1,
        1,
        1,
        0,
        1,
        1,
        0,
        0,
        1,
        0,
        1,
        1,
        0,
        1,
        0,
        0,
        0,
        0,
        0,
        0,
        1,
        1,
        0,
        1,
        1,
        1,
        1,
        0,
        0,
        0,
        0,
        0,
        1,
        0,
        1,
        1,
        0,
        1,
        0,
        1,
        0,
        1,
        0,
        1,
        0,
        1,
        1,
        1,
        0,
        1,
        0,
        0,
        0,
        0,
        0,
        0
    ],
    "rule1": [
        1
    ],
    "corKey1": [
        0,
        1,
        0,
        0,
        0,
        1,
        1,
        0,
        0,
        0,
        1,
        1,
        1,
        1,
        1,
        1,
        0,
        0,
        1,
        0,
        1,
        0,
        0,
        0,
        1,
        1,
        0,
        0,
        0,
        1,
        1,
        1,
        0,
        0,
        0,
        1,
        0,
        1,
        0,
        0,
        1,
        0,
        1,
        1,
        1,
        0,
        1,
        0,
        1,
        0,
        0,
        1,
        0,
        0,
        1,
        0,
        1,
        0,
        1,
        1,
        0,
        0,
        1,
        0,
        1,
        0,
        1,
        0,
        0,
        1,
        1,
        1,
        0,
        0,
        0,
        1,
        1,
        1,
        1,
        0,
        0,
        0,
        0,
        1,
        0,
        0,
        1,
        1,
        0,
        0,
        1,
        0,
        1,
        1,
        1,
        1,
        0,
        1,
        1,
        0
    ],
    "rule2": [
        2
    ],