{
    "fbQuantBase": [
        3,
        5,
        3
    ],
    "fbQuantCrash": [
        1,
        1,
        2,
        1,
        2,
        1,
        1,
        2,
        1,
        1,
        2,
        2,
        1,
        1,
        1,
        2,
        2,
        2,
        2,
        1,
        2,
        2,
        1,
        2,
        1,
        2,
        2,
        2,
        2,
        1,
        1,
        2,
        2,
        2,
        1,
        2,
        2,
        2,
        2,
        1,
        1,
        1,
        1,
        1,
        2,
        1,
        2,
        2,
        1,
        1,
        1,
        2,
        1,
        2,
        1,
        1,
        2,
        2,
        2,
        2,
        2,
        2,
        1,
        2,
        1,
        2,
        2,
        1,
        1,
        1,
        1,
        1,
        2,
        2,
        2,
        2,
        1,
        1,
        1,
        1
    ],
    "goalProgCrashThreshold": [
        0.5196421352952814,
        0.6138734847782903,
        0.8049706642266796,
        0.8236939669513603,
        0.9986341058297246,
        0.2015738826841762,
        0.5233538085283835,
        0.21185364025354902,
        0.7079228329280014,
        0.24725281145083358,
        0.646650773199057,
        0.6329807577917813,
        0.6948160693680989,
        0.2630797217097464,
        0.5685027542730885,
        0.9160954884765251,
        0.3089639161751057,
        0.983712536547338,
        0.2254204778343497,
        0.5640898350092247,
        0.3879772357225668,
        0.39914314647082255,
        0.3777329933878398,
        0.4985976388449956,
        0.7165082102305833,
        0.46030219801388955,
        0.2071632655904402,
        0.4742937877831148,
        0.8810599564782089,
        0.38482521433293604,
        0.7453090855113544,
        0.5284287403312065,
        0.4422404686100224,
        0.6667107071215954,
        0.8580961378359315,
        0.32860290455416363,
        0.642487932384668,
        0.8657385656284997,
        0.9810091282533322,
        0.3853737116856253,
        0.34245652175847197,
        0.38462318705776727,
        0.5167325093403237,
        0.39746721358081055,
        0.556956659682559,
        0.5925428918049521,
        0.7335308204154622,
        0.9597936523092734,
        0.42360098975665883,
        0.21736710400000891,
        0.2708474257973994,
        0.6003600428488134,
        0.8049526593905079,
        0.43955931917189517,
        0.2397170005071721,
        0.23659194933469757,
        0.4593336835749151,
        0.9543472761319054,
        0.20337838953201315,
        0.5152951554950818,
        0.7368859767503506,
        0.9694553107584758,
        0.6752701051481034,
        0.735867766977935,
        0.5995821428296133,
        0.5971429009088054,
        0.8774330222958289,
        0.8382573724908016,
        0.7026412695806667,
        0.2429009093291537,
        0.21344786125954426,
        0.5019873041027619,
        0.40441021536877897,
        0.9824006475196267,
        0.23041559945793832,
        0.6843916001892747,
        0.3774100021366904,
        0.4770533006543162,
        0.3604221801322931,
        0.8259162838672036
    ],
    "stim0": [
        1,
        2,
        2,
        1,
        2,
        2,
        1,
        1,
        1,
        0,
        2,
        2,
        0,
        2,
        1,
        1,
        2,
        2,
        2,
        2,
        1,
        2,
        2,
        2,
        1,
        0,
        3,
        2,
        3,
        2,
        2,
        3,
        1,
        0,
        0,
        0,
        3,
        3,
        1,
        0,
        0,
        3,
        0,
        2,
        1,
        1,
        1,
        0,
        0,
        1,
        2,
        1,
        1,
        0,
        0,
        3,
        2,
        3,
        2,
        2,
        2,
        0,
        1,
        0,
        3,
        3,
        1,
        2,
        0,
        1,
        1,
        2,
        3,
        2,
        2,
        2,
        0,
        0,
        1,
        1,
        3,
        0,
        1,
        2,
        0,
        1,
        1,
        0,
        2,
        2,
        2,
        1,
        1,
        0,
        0,
        0,
        2,
        0,
        0,
        3,
        3,
        0,
        0,
        3,
        2,
        3,
        2,
        3,
        3,
        2,
        1,
        2,
        0,
        1,
        1,
        0,
        1,
        0,
        3,
        3,
        1,
        3,
        2,
        1,
        2,
        1,
        2,
        2,
        0,
        3,
        1,
        0,
        1,
        0,
        3,
        2,
        3,
        3,
        0,
        2,
        0,
        1,
        1,
        3,
        3,
        1,
        2,
        1,
        3,
        3,
        1,
        3,
        2,
        2,
        2,
        1,
        3,
        1,
        3,
        1,
        1,
        2,
        2,
        1,
        2,
        3,
        2,
        2,
        2,
        0,
        3,
        0,
        0,
        0,
        2,
        2,
        2,
        1,
        2,
        2,
        0,
        2,
        1,
        1,
        2,
        0,
        3,
        0,
        2,
        1,
        3,
        2,
        0,
        0,
        1,
        0,
        0,
        1,
        1,
        3,
        1,
        1,
        0,
        2,
        3,
        3,
        3,
        3,
        2,
        0,
        3,
        1,
        0,
        0,
        0,
        0,
        1,
        2,
        3,
        1,
        3,
        1,
        3,
        0,
        0,
        2,
        2,
        2,
        1,
        3,
        1,
        1,
        2,
        2,
        0,
        2,
        2,
        1,
        0,
        1
    ],
    "size0": [
        19,
        13,
        16
    ],
    "rule0": [
        1
    ],