{
    "fbQuantBase": [
        3,
        5,
        3
    ],
    "fbQuantCrash": [
        2,
        1,
        1,
        1,
        2,
        2,
        2,
        1,
        1,
        2,
        1,
        1,
        1,
        1,
        1,
        2,
        1,
        1,
        1,
        2,
        1,
        2,
        2,
        2,
        1,
        1,
        2,
        1,
        1,
        2,
        1,
        1,
        2,
        2,
        2,
        1,
        2,
        1,
        2,
        2,
        2,
        1,
        1,
        2,
        2,
        2,
        2,
        2,
        1,
        1,
        1,
        2,
        2,
        1,
        1,
        2,
        1,
        2,
        1,
        1,
        1,
        1,
        2,
        1,
        1,
        1,
        1,
        2,
        1,
        2,
        1,
        1,
        2,
        1,
        1,
        2,
        2,
        1,
        2,
        1
    ],
    "goalProgCrashThreshold": [
        0.7207895101275938,
        0.5439422133980477,
        0.45590798330729787,
        0.3852438292786623,
        0.6089634166655129,
        0.4472048643236405,
        0.30282911706186155,
        0.39769763132297264,
        0.36793826697198173,
        0.2987465904638601,
        0.2983626710214858,
        0.24593298939415426,
        0.2448036145892771,
        0.23631798483311864,
        0.8145348781826225,
        0.32044830471369956,
        0.30461771762718143,
        0.5908977856254809,
        0.30354837037094945,
        0.3645476113786667,
        0.561535080353219,
        0.31442794420488546,
        0.3282082572642715,
        0.2357540762815675,
        0.914920224944427,
        0.5787209814549585,
        0.7450975264825377,
        0.2993336957437038,
        0.6112037378717241,
        0.2859517288874103,
        0.7891390164760699,
        0.48845570622328244,
        0.6802750359318451,
        0.8133692673447694,
        0.32854176005137015,
        0.6526881583629376,
        0.3044726067156697,
        0.726623636936222,
        0.6166860018081357,
        0.8298475501193414,
        0.335447516332976,
        0.7917081113684208,
        0.3489562492939703,
        0.8756689306034893,
        0.9745271603546126,
        0.6539328392598343,
        0.9689539728844261,
        0.5999975023498068,
        0.9239211136349528,
        0.7607401995705352,
        0.40007494141390076,
        0.7969516399834984,
        0.5287812107104203,
        0.7713955041342324,
        0.3296144399107507,
        0.3065422565422693,
        0.7358477634670182,
        0.4162606689508169,
        0.20573590920722096,
        0.5546251286505958,
        0.9128247604776849,
        0.7960135396087893,
        0.6731070766975306,
        0.476606377702663,
        0.6163421167088191,
        0.5198691292901463,
        0.763921018555549,
        0.498606780795177,
        0.9758170696471826,
        0.9029551244206286,
        0.8391200284481888,
        0.4236965200365814,
        0.5837826146222131,
        0.6595150827041643,
        0.3995313316035266,
        0.44671512424666093,
        0.8623683768942139,
        0.68417793574333,
        0.7036163278135299,
        0.8934520609970116
    ],
    "stim0": [
        1,
        1,
        3,
        1,
        0,
        1,
        0,
        3,
        3,
        0,
        1,
        0,
        1,
        2,
        3,
        1,
        1,
        0,
        0,
        0,
        1,
        2,
        1,
        3,
        2,
        2,
        1,
        2,
        0,
        1,
        3,
        1,
        3,
        3,
        1,
        3,
        1,
        1,
        1,
        2,
        1,
        0,
        0,
        2,
        0,
        0,
        2,
        1,
        3,
        0,
        0,
        1,
        3,
        0,
        2,
        1,
        1,
        2,
        0,
        2,
        2,
        3,
        2,
        1,
        1,
        0,
        2,
        1,
        0,
        1,
        0,
        0,
        2,
        2,
        3,
        1,
        0,
        0,
        1,
        2,
        3,
        2,
        3,
        1,
        3,
        3,
        1,
        1,
        2,
        0,
        3,
        3,
        1,
        2,
        0,
        2,
        0,
        2,
        3,
        2,
        3,
        0,
        1,
        0,
        3,
        3,
        0,
        1,
        3,
        0,
        2,
        0,
        0,
        0,
        2,
        1,
        0,
        1,
        1,
        0,
        2,
        3,
        3,
        2,
        0,
        1,
        1,
        0,
        2,
        0,
        1,
        3,
        1,
        2,
        1,
        0,
        0,
        0,
        1,
        3,
        3,
        3,
        3,
        2,
        2,
        2,
        2,
        2,
        3,
        3,
        3,
        0,
        2,
        2,
        3,
        0,
        2,
        1,
        0,
        2,
        1,
        0,
        1,
        3,
        3,
        2,
        3,
        1,
        0,
        0,
        2,
        0,
        1,
        1,
        3,
        2,
        1,
        3,
        2,
        1,
        0,
        3,
        2,
        3,
        0,
        2,
        0,
        2,
        2,
        2,
        0,
        0,
        0,
        0,
        0,
        1,
        2,
        0,
        2,
        2,
        3,
        2,
        3,
        0,
        2,
        2,
        0,
        3,
        3,
        1,
        1,
        3,
        3,
        3,
        3,
        3,
        1,
        1,
        3,
        1,
        2,
        2,
        1,
        3,
        3,
        1,
        2,
        3,
        0,
        3,
        1,
        2,
        1,
        0,
        3,
        1,
        2,
        0,
        1,
        0
    ],
    "size0": [
        20,
        13,
        14
    ],
    "rule0": [
        3
    ],