{
    "fbQuantBase": [
        3,
        5,
        3
    ],
    "size0": [
        10,
        16,
        10
    ],
    "size1": [
        10,
        16,
        10
    ],
    "size2": [
        10,
        16,
        10
    ],
    "size3": [
        10,
        16,
        10
    ],
    "fbQuantCrash": [
        2,
        2,
        2,
        1,
        1,
        2,
        1,
        2,
        2,
        1,
        2,
        2,
        1,
        1,
        2,
        1,
        2,
        2,
        2,
        1,
        1,
        1,
        2,
        1,
        1,
        1,
        2,
        2,
        1,
        1,
        1,
        2,
        1,
        1,
        2,
        1,
        2,
        1,
        1,
        2,
        1,
        1,
        2,
        1,
        1,
        1,
        2,
        1,
        1,
        2,
        2,
        2,
        1,
        2,
        1,
        2,
        1,
        1,
        2,
        1,
        2,
        1,
        1,
        1,
        1,
        1,
        1,
        2,
        2,
        2,
        2,
        2,
        1,
        1,
        1,
        2,
        1,
        2,
        1,
        2,
        2,
        1,
        1,
        1,
        1,
        1,
        2,
        1,
        1,
        2,
        1,
        1,
        2,
        2,
        2,
        2,
        1,
        1,
        1,
        2
    ],
    "goalProgCrashThreshold": [
        0.5382661542015335,
        0.5379484266330585,
        0.803499685242745,
        0.742949091645428,
        0.20610018196577562,
        0.7277262988587188,
        0.3545360840583051,
        0.7546251201728869,
        0.7216341734801051,
        0.9661723662725807,
        0.7981820984397578,
        0.2180445050133063,
        0.5692581775809551,
        0.7233605022596372,
        0.650584075312832,
        0.49117354261089957,
        0.6799151951817524,
        0.39735014340047237,
        0.7046862266448721,
        0.22561219733213847,
        0.7646997118341323,
        0.28612256335602376,
        0.40591370905137975,
        0.8099740406277396,
        0.5685689236268493,
        0.7107090257399367,
        0.6963891705266999,
        0.6422095212617137,
        0.8094941993429747,
        0.5654676375178931,
        0.8465665846090911,
        0.6329276885288864,
        0.6646876117066608,
        0.41031275253172866,
        0.7569737882282406,
        0.8476591780596292,
        0.43264099779542287,
        0.9054338003141471,
        0.24146536888281211,
        0.3505885306697839,
        0.7833556422987538,
        0.6600142228944273,
        0.29141316437857134,
        0.46178754399378424,
        0.9366848097032348,
        0.8889319817349997,
        0.6253674474929996,
        0.9291881088737741,
        0.2467593403318631,
        0.6249238745065817,
        0.5489052893457143,
        0.4289814744404457,
        0.8581299443954087,
        0.2135598986271539,
        0.8683784383235278,
        0.3021913663804231,
        0.5470281154484142,
        0.4992604132019752,
        0.6819450580883588,
        0.26925629212414565,
        0.41030929904835123,
        0.8679859876351861,
        0.7283782804187278,
        0.39077134411388575,
        0.627278404155901,
        0.542463751919447,
        0.3195172712048008,
        0.344742837147232,
        0.7083206580856893,
        0.4889717429843697,
        0.40493871905323,
        0.9484128628083792,
        0.9463835839788173,
        0.7997807435012694,
        0.43537309244346495,
        0.3309435446440199,
        0.9637365001720839,
        0.6933939535753458,
        0.9688705877293058,
        0.832730658568114,
        0.9122646073664107,
        0.8305115389291711,
        0.6787654803670656,
        0.5025065328954488,
        0.7746296184962784,
        0.8984262548295499,
        0.9425968263615754,
        0.7290376869234947,
        0.2973533845734722,
        0.26890213345834657,
        0.913458983361559,
        0.8504542718459505,
        0.865355091442731,
        0.8136833961392609,
        0.7131414900130082,
        0.36258502906143364,
        0.5304402003987143,
        0.5151836369309466,
        0.7389008616108805,
        0.5124141274758285
    ],
    "stim0": [
        3,
        3,
        2,
        3,
        3,
        3,
        1,
        1,
        0,
        2,
        2,
        1,
        3,
        0,
        3,
        1,
        3,
        3,
        1,
        0,
        0,
        2,
        2,
        2,
        3,
        1,
        3,
        1,
        3,
        1,
        0,
        3,
        2,
        0,
        2,
        1,
        3,
        1,
        0,
        1,
        1,
        3,
        0,
        1,
        0,
        1,
        0,
        1,
        3,
        3,
        2,
        3,
        3,
        0,
        3,
        1,
        2,
        2,
        3,
        2,
        2,
        2,
        1,
        1,
        3,
        2,
        3,
        3,
        2,
        3,
        3,
        3,
        2,
        0,
        1,
        1,
        0,
        0,
        2,
        3,
        3,
        2,
        0,
        3,
        0,
        3,
        3,
        3,
        3,
        3,
        2,
        1,
        3,
        0,
        1,
        2,
        3,
        2,
        1,
        1
    ],
    "rule0": [
        2
    ],
    "corKey0": [
        0,
        0,
        0,
        0,
        0,
        0,
        1,
        1,
        1,
        0,
        0,
        1,
        0,
        1,
        0,
        1,
        0,
        0,
        1,
        1,
        1,
        0,
        0,
        0,
        0,
        1,
        0,
        1,
        0,
        1,
        1,
        0,
        0,
        1,
        0,
        1,
        0,
        1,
        1,
        1,
        1,
        0,
        1,
        1,
        1,
        1,
        1,
        1,
        0,
        0,
        0,
        0,
        0,
        1,
        0,
        1,
        0,
        0,
        0,
        0,
        0,
        0,
        1,
        1,
        0,
        0,
        0,
        0,
        0,
        0,
        0,
        0,
        0,
        1,
        1,
        1,
        1,
        1,
        0,
        0,
        0,
        0,
        1,
        0,
        1,
        0,
        0,
        0,
        0,
        0,
        0,
        1,
        0,
        1,
        1,
        0,
        0,
        0,
        1,
        1
    ],
    "rule1": [
        2
    ],
    "corKey1": [
        0,
        0,
        0,
        0,
        0,
        0,
        1,
        1,
        1,
        0,
        0,
        1,
        0,
        1,
        0,
        1,
        0,
        0,
        1,
        1,
        1,
        0,
        0,
        0,
        0,
        1,
        0,
        1,
        0,
        1,
        1,
        0,
        0,
        1,
        0,
        1,
        0,
        1,
        1,
        1,
        1,
        0,
        1,
        1,
        1,
        1,
        1,
        1,
        0,
        0,
        0,
        0,
        0,
        1,
        0,
        1,
        0,
        0,
        0,
        0,
        0,
        0,
        1,
        1,
        0,
        0,
        0,
        0,
        0,
        0,
        0,
        0,
        0,
        1,
        1,
        1,
        1,
        1,
        0,
        0,
        0,
        0,
        1,
        0,
        1,
        0,
        0,
        0,
        0,
        0,
        0,
        1,
        0,
        1,
        1,
        0,
        0,
        0,
        1,
        1
    ],
    "rule2": [
        1
    ],