{
    "fbQuantBase": [
        3,
        5,
        3
    ],
    "fbQuantCrash": [
        1,
        2,
        2,
        1,
        2,
        1,
        2,
        1,
        1,
        1,
        1,
        2,
        1,
        2,
        1,
        1,
        1,
        2,
        2,
        2,
        1,
        2,
        1,
        1,
        1,
        1,
        2,
        2,
        2,
        1,
        1,
        1,
        2
    ],
    "goalProgCrashThreshold": [
        0.873844126106444,
        0.887919513786877,
        0.7832106144404716,
        0.282811907975809,
        0.8320221154853067,
        0.7747773418308745,
        0.4170991798486715,
        0.8965062440428109,
        0.6508796077404981,
        0.23078007034539016,
        0.2796235087104301,
        0.7056693123301649,
        0.23835508777760978,
        0.292187017193239,
        0.9798603391321012,
        0.28834933600697277,
        0.336400335423763,
        0.9649642603454136,
        0.7626895171938086,
        0.9513466774858295,
        0.8865505774934699,
        0.569313077278101,
        0.7111061333878375,
        0.26629338386364365,
        0.9447120849208419,
        0.46295969451525165,
        0.967808874677653,
        0.5316712679915347,
        0.7721066015316935,
        0.3360236182199794,
        0.6760765991214741,
        0.6751443095276156,
        0.9545123467922418
    ],
    "stim0": [
        2,
        1,
        3,
        3,
        1,
        3,
        1,
        2,
        2,
        2,
        1,
        3,
        0,
        1,
        2,
        2,
        3,
        0,
        0,
        2,
        0,
        1,
        1,
        2,
        2,
        1,
        3,
        2,
        0,
        2,
        1,
        3,
        2,
        1,
        3,
        0,
        2,
        3,
        0,
        0,
        3,
        0,
        0,
        2,
        2,
        1,
        0,
        2,
        3,
        0,
        0,
        2,
        3,
        3,
        3,
        0,
        3,
        3,
        3,
        1,
        1,
        1,
        1,
        3,
        0,
        0,
        0,
        0,
        1,
        3,
        0,
        1,
        1,
        2,
        2,
        3,
        3,
        0,
        3,
        0,
        1,
        0,
        3,
        2,
        2,
        0,
        3,
        3,
        0,
        1,
        1,
        1,
        0,
        1,
        1,
        1,
        0,
        2,
        3
    ],
    "size0": [
        14,
        17,
        19
    ],
    "rule0": [
        0
    ],
    "corKey0": [
        0,
        1,
        1,
        1,
        1,
        1,
        1,
        0,
        0,
        0,
        1,
        1,
        0,
        1,
        0,
        0,
        1,
        0,
        0,
        0,
        0,
        1,
        1,
        0,
        0,
        1,
        1,
        0,
        0,
        0,
        1,
        1,
        0,
        1,
        1,
        0,
        0,
        1,
        0,
        0,
        1,
        0,
        0,
        0,
        0,
        1,
        0,
        0,
        1,
        0,
        0,
        0,
        1,
        1,
        1,
        0,
        1,
        1,
        1,
        1,
        1,
        1,
        1,
        1,
        0,
        0,
        0,
        0,
        1,
        1,
        0,
        1,
        1,
        0,
        0,
        1,
        1,
        0,
        1,
        0,
        1,
        0,
        1,
        0,
        0,
        0,
        1,
        1,
        0,
        1,
        1,
        1,
        0,
        1,
        1,
        1,
        0,
        0,
        1
    ],
    "size1": [
        19,
        16,
        19
    ],
    "rule1": [
        2
    ],
    "corKey1": [
        0,
        1,
        0,
        0,
        1,
        0,
        1,
        0,
        0,
        0,
        1,
        0,
        1,
        1,
        0,
        0,
        0,
        1,
        1,
        0,
        1,
        1,
        1,
        0,
        0,
        1,
        0,
        0,
        1,
        0,
        1,
        0,
        0,
        1,
        0,
        1,
        0,
        0,
        1,
        1,
        0,
        1,
        1,
        0,
        0,
        1,
        1,
        0,
        0,
        1,
        1,
        0,
        0,
        0,
        0,
        1,
        0,
        0,
        0,
        1,
        1,
        1,
        1,
        0,
        1,
        1,
        1,
        1,
        1,
        0,
        1,
        1,
        1,
        0,
        0,
        0,
        0,
        1,
        0,
        1,
        1,
        1,
        0,
        0,
        0,
        1,
        0,
        0,
        1,
        1,
        1,
        1,
        1,
        1,
        1,
        1,
        1,
        0,
        0
    ],
    "size2": [
        16,
        12,
        15
    ],
    "rule2": [
        2
    ],
    "corKey2": [
        0,
        1,
        0,
        0,
        1,
        0,
        1,
        0,
        0,
        0,
        1,
        0,
        1,
        1,
        0,
        0,
        0,
        1,
        1,
        0,
        1,
        1,
        1,
        0,
        0,
        1,
        0,
        0,
        1,
        0,
        1,
        0,
        0,
        1,
        0,
        1,
        0,
        0,
        1,
        1,
        0,
        1,
        1,
        0,
        0,
        1,
        1,
        0,
        0,
        1,
        1,
        0,
        0,
        0,
        0,
        1,
        0,
        0,
        0,
        1,
        1,
        1,
        1,
        0,
        1,
        1,
        1,
        1,
        1,
        0,
        1,
        1,
        1,
        0,
        0,
        0,
        0,
        1,
        0,
        1,
        1,
        1,
        0,
        0,
        0,
        1,
        0,
        0,
        1,
        1,
        1,
        1,
        1,
        1,
        1,
        1,
        1,
        0,
        0
    ],
    "size3": [
        19,
        19,
        15
    ],
    "rule3": [
        0
    ],
    "corKey3": [
        0,
        1,
        1,
        1,
        1,
        1,
        1,
        0,
        0,
        0,
        1,
        1,
        0,
        1,
        0,
        0,
        1,
        0,
        0,
        0,
        0,
        1,
        1,
        0,
        0,
        1,
        1,
        0,
        0,
        0,
        1,
        1,
        0,
        1,
        1,
        0,
        0,
        1,
        0,
        0,
        1,
        0,
        0,
        0,
        0,
        1,
        0,
        0,
        1,
        0,
        0,
        0,
        1,
        1,
        1,
        0,
        1,
        1,
        1,
        1,
        1,
        1,
        1,
        1,
        0,
        0,
        0,
        0,
        1,
        1,
        0,
        1,
        1,
        0,
        0,
        1,
        1,
        0,
        1,
        0,
        1,
        0,
        1,
        0,
        0,
        0,
        1,
        1,
        0,
        1,
        1,
        1,
        0,
        1,
        1,
        1,
        0,
        0,
        1
    ],