{
    "fbQuantBase": [
        3,
        5,
        3
    ],
    "size0": [
        10,
        16,
        10
    ],
    "size1": [
        10,
        16,
        10
    ],
    "size2": [
        10,
        16,
        10
    ],
    "size3": [
        10,
        16,
        10
    ],
    "fbQuantCrash": [
        1,
        2,
        1,
        2,
        2,
        2,
        1,
        1,
        1,
        2,
        1,
        1,
        2,
        2,
        1,
        2,
        2,
        2,
        2,
        1,
        1,
        1,
        1,
        2,
        1,
        1,
        1,
        1,
        1,
        1,
        2,
        1,
        2,
        2,
        1,
        2,
        2,
        2,
        2,
        2,
        1,
        2,
        2,
        2,
        1,
        2,
        2,
        1,
        1,
        1,
        1,
        1,
        2,
        2,
        2,
        1,
        2,
        1,
        1,
        2,
        1,
        2,
        2,
        2,
        1,
        1,
        2,
        1,
        1,
        1,
        1,
        1,
        2,
        2,
        2,
        1,
        1,
        1,
        2,
        2,
        2,
        2,
        1,
        2,
        1,
        1,
        1,
        2,
        2,
        1,
        2,
        2,
        2,
        2,
        2,
        2,
        2,
        1,
        2,
        1
    ],
    "goalProgCrashThreshold": [
        0.30685964631398044,
        0.44146398883246535,
        0.3108880015713876,
        0.5401698326758373,
        0.5417047932926078,
        0.2754049127477237,
        0.970986648986286,
        0.9565400126258614,
        0.561972770158762,
        0.6714128681954568,
        0.8417035495244871,
        0.6350703089366085,
        0.9034592383860984,
        0.9525038735208295,
        0.919901961906338,
        0.3422978819059946,
        0.37895968307953587,
        0.8081813243855716,
        0.4987184910443704,
        0.5344237015681388,
        0.4818586756536422,
        0.5390972739738797,
        0.2324505584151666,
        0.3820491322779823,
        0.9847163393279448,
        0.20336681072760188,
        0.7952555106659294,
        0.4105100535916855,
        0.2656198478845502,
        0.7717388451793432,
        0.7437304321163507,
        0.6996282509826341,
        0.7043745627168092,
        0.6223310713700225,
        0.9168230327683375,
        0.5788793207528706,
        0.5961795486014397,
        0.26306931812345025,
        0.9806495161668305,
        0.5162384915310871,
        0.9972047573990255,
        0.7177666606837898,
        0.9139459310665066,
        0.8554275923748518,
        0.5795971621417095,
        0.3232757358969418,
        0.908038077927801,
        0.4267215039757195,
        0.24236140472868017,
        0.4543349691430873,
        0.22371173714340156,
        0.5193132182408107,
        0.521443432314681,
        0.46319378555270635,
        0.894375643706969,
        0.6414999892181079,
        0.9108917036072073,
        0.4390214666966119,
        0.4722050619710097,
        0.8989775985110524,
        0.42516378760959594,
        0.4168850617280573,
        0.6199314227104693,
        0.9794377033166577,
        0.7237481015646658,
        0.8156225866416276,
        0.4732203247481083,
        0.6634248719990842,
        0.24498723072743644,
        0.9152813254866883,
        0.8845238445574313,
        0.2649942979460829,
        0.8960978165512081,
        0.2622043679764965,
        0.9695784914658891,
        0.5793198270105726,
        0.3951290204427902,
        0.9424652436946777,
        0.7778407320398095,
        0.4432424528906843,
        0.5139871617829499,
        0.3245890140394835,
        0.5838372319330394,
        0.2459568117324163,
        0.7709881928049882,
        0.23082509382107094,
        0.3563329368152222,
        0.7841976770677153,
        0.26104756170967547,
        0.43750523913881856,
        0.8071395949424052,
        0.3890506936977537,
        0.9986033819885256,
        0.6584399464375712,
        0.23104067579366516,
        0.7159420921923061,
        0.49187850632501046,
        0.41629196008944896,
        0.9021045494861266,
        0.868078053990293
    ],
    "stim0": [
        2,
        2,
        3,
        2,
        3,
        0,
        0,
        3,
        2,
        3,
        2,
        1,
        3,
        2,
        2,
        1,
        1,
        2,
        0,
        0,
        1,
        3,
        3,
        2,
        0,
        3,
        1,
        2,
        1,
        0,
        3,
        3,
        2,
        1,
        0,
        2,
        3,
        0,
        3,
        1,
        1,
        2,
        1,
        3,
        3,
        1,
        3,
        1,
        0,
        3,
        3,
        0,
        2,
        1,
        0,
        1,
        2,
        1,
        2,
        1,
        1,
        2,
        0,
        0,
        2,
        2,
        3,
        2,
        0,
        3,
        3,
        1,
        2,
        2,
        3,
        3,
        2,
        0,
        0,
        1,
        3,
        2,
        0,
        2,
        1,
        3,
        0,
        2,
        2,
        1,
        2,
        2,
        1,
        1,
        2,
        2,
        1,
        0,
        3,
        3
    ],
    "rule0": [
        3
    ],
    "corKey0": [
        1,
        1,
        1,
        1,
        1,
        0,
        0,
        1,
        1,
        1,
        1,
        0,
        1,
        1,
        1,
        0,
        0,
        1,
        0,
        0,
        0,
        1,
        1,
        1,
        0,
        1,
        0,
        1,
        0,
        0,
        1,
        1,
        1,
        0,
        0,
        1,
        1,
        0,
        1,
        0,
        0,
        1,
        0,
        1,
        1,
        0,
        1,
        0,
        0,
        1,
        1,
        0,
        1,
        0,
        0,
        0,
        1,
        0,
        1,
        0,
        0,
        1,
        0,
        0,
        1,
        1,
        1,
        1,
        0,
        1,
        1,
        0,
        1,
        1,
        1,
        1,
        1,
        0,
        0,
        0,
        1,
        1,
        0,
        1,
        0,
        1,
        0,
        1,
        1,
        0,
        1,
        1,
        0,
        0,
        1,
        1,
        0,
        0,
        1,
        1
    ],
    "rule1": [
        3
    ],
    "corKey1": [
        1,
        1,
        1,
        1,
        1,
        0,
        0,
        1,
        1,
        1,
        1,
        0,
        1,
        1,
        1,
        0,
        0,
        1,
        0,
        0,
        0,
        1,
        1,
        1,
        0,
        1,
        0,
        1,
        0,
        0,
        1,
        1,
        1,
        0,
        0,
        1,
        1,
        0,
        1,
        0,
        0,
        1,
        0,
        1,
        1,
        0,
        1,
        0,
        0,
        1,
        1,
        0,
        1,
        0,
        0,
        0,
        1,
        0,
        1,
        0,
        0,
        1,
        0,
        0,
        1,
        1,
        1,
        1,
        0,
        1,
        1,
        0,
        1,
        1,
        1,
        1,
        1,
        0,
        0,
        0,
        1,
        1,
        0,
        1,
        0,
        1,
        0,
        1,
        1,
        0,
        1,
        1,
        0,
        0,
        1,
        1,
        0,
        0,
        1,
        1
    ],
    "rule2": [
        1
    ],