{
    "fbQuantBase": [
        3,
        5,
        3
    ],
    "size0": [
        10,
        16,
        10
    ],
    "size1": [
        10,
        16,
        10
    ],
    "size2": [
        10,
        16,
        10
    ],
    "size3": [
        10,
        16,
        10
    ],
    "fbQuantCrash": [
        1,
        2,
        1,
        1,
        2,
        2,
        1,
        1,
        2,
        2,
        2,
        1,
        2,
        2,
        2,
        2,
        1,
        2,
        1,
        2,
        1,
        1,
        1,
        1,
        1,
        1,
        1,
        2,
        2,
        2,
        2,
        1,
        1,
        1,
        2,
        1,
        2,
        2,
        2,
        2,
        2,
        2,
        1,
        2,
        2,
        2,
        2,
        2,
        1,
        1,
        1,
        2,
        2,
        1,
        2,
        1,
        1,
        1,
        2,
        1,
        1,
        2,
        1,
        2,
        2,
        1,
        1,
        2,
        2,
        1,
        1,
        1,
        1,
        1,
        2,
        1,
        2,
        1,
        2,
        1,
        1,
        2,
        1,
        1,
        1,
        2,
        2,
        1,
        2,
        1,
        1,
        2,
        1,
        2,
        1,
        2,
        2,
        1,
        2,
        2
    ],
    "goalProgCrashThreshold": [
        0.9719273682423342,
        0.8022764312438351,
        0.41462619315284066,
        0.43542463528321707,
        0.3482167449995277,
        0.808031405712152,
        0.6477748910711527,
        0.9675845710998807,
        0.39855050503161754,
        0.8036118634586089,
        0.8642482296519371,
        0.9774663115765716,
        0.8110784978270709,
        0.553466921305281,
        0.4362480056809306,
        0.6462309849663757,
        0.48017174351644104,
        0.8910956518681414,
        0.9883524589985728,
        0.2600901727843769,
        0.34646191756888767,
        0.3215167504670599,
        0.6174215566657205,
        0.8398309469349996,
        0.3695814141232896,
        0.4394913080110982,
        0.723979155223885,
        0.3035578850371403,
        0.5374690421905407,
        0.5392263919889326,
        0.7680408244212349,
        0.9472537446073364,
        0.8268178628459002,
        0.31092224510279814,
        0.9439965434055977,
        0.7367532173828553,
        0.5208081188162332,
        0.5416788505484518,
        0.8435381937873614,
        0.356735388756161,
        0.2900078750640339,
        0.6501487053658344,
        0.6186266161895153,
        0.475370703155025,
        0.5467543821420879,
        0.5706452855259241,
        0.9869522571884874,
        0.4447398296772302,
        0.6633753021821471,
        0.5788110350085542,
        0.6608587498691422,
        0.5971884938766108,
        0.5475436408374682,
        0.8230974586788609,
        0.5391192178561175,
        0.9305301825350754,
        0.6144425857920459,
        0.462868735950907,
        0.30221707567564016,
        0.6947365486145727,
        0.4067796758437474,
        0.9645309184351316,
        0.6211021834667132,
        0.731985600793434,
        0.5851157957109191,
        0.4991495371118589,
        0.6548874839008616,
        0.5228301464847582,
        0.9382732930898421,
        0.21677793549380153,
        0.5065531789874647,
        0.3371929208977821,
        0.24120325836930984,
        0.38988374057427033,
        0.8400489435197322,
        0.6787687642569005,
        0.3693579744276801,
        0.2273202184795725,
        0.42753719605501905,
        0.4638259820913881,
        0.23838639578673373,
        0.2962518622196173,
        0.6003824524372865,
        0.39257751642961475,
        0.9922682467025705,
        0.9984662255351808,
        0.5358751280461738,
        0.8060987833398128,
        0.21140476384307005,
        0.21941365224220882,
        0.37972489023000194,
        0.9347013503251123,
        0.5420421115952454,
        0.6371722172306713,
        0.3675719310053839,
        0.907677998368909,
        0.27965157925562123,
        0.7581852285689259,
        0.5689268590393486,
        0.3166785683588389
    ],
    "stim0": [
        1,
        1,
        3,
        3,
        3,
        1,
        2,
        0,
        0,
        1,
        0,
        3,
        1,
        0,
        2,
        0,
        1,
        1,
        2,
        1,
        2,
        3,
        3,
        1,
        0,
        1,
        1,
        3,
        1,
        0,
        2,
        3,
        3,
        2,
        2,
        1,
        1,
        2,
        1,
        0,
        3,
        2,
        1,
        0,
        3,
        2,
        1,
        2,
        2,
        1,
        0,
        3,
        0,
        2,
        3,
        3,
        2,
        3,
        0,
        2,
        1,
        1,
        2,
        3,
        1,
        3,
        1,
        1,
        1,
        0,
        3,
        1,
        3,
        3,
        3,
        0,
        3,
        0,
        0,
        1,
        1,
        3,
        2,
        3,
        3,
        0,
        2,
        3,
        2,
        1,
        2,
        0,
        2,
        3,
        1,
        0,
        2,
        2,
        2,
        3
    ],
    "rule0": [
        3
    ],
    "corKey0": [
        0,
        0,
        1,
        1,
        1,
        0,
        1,
        0,
        0,
        0,
        0,
        1,
        0,
        0,
        1,
        0,
        0,
        0,
        1,
        0,
        1,
        1,
        1,
        0,
        0,
        0,
        0,
        1,
        0,
        0,
        1,
        1,
        1,
        1,
        1,
        0,
        0,
        1,
        0,
        0,
        1,
        1,
        0,
        0,
        1,
        1,
        0,
        1,
        1,
        0,
        0,
        1,
        0,
        1,
        1,
        1,
        1,
        1,
        0,
        1,
        0,
        0,
        1,
        1,
        0,
        1,
        0,
        0,
        0,
        0,
        1,
        0,
        1,
        1,
        1,
        0,
        1,
        0,
        0,
        0,
        0,
        1,
        1,
        1,
        1,
        0,
        1,
        1,
        1,
        0,
        1,
        0,
        1,
        1,
        0,
        0,
        1,
        1,
        1,
        1
    ],
    "rule1": [
        1
    ],
    "corKey1": [
        0,
        0,
        0,
        0,
        0,
        0,
        1,
        1,
        1,
        0,
        1,
        0,
        0,
        1,
        1,
        1,
        0,
        0,
        1,
        0,
        1,
        0,
        0,
        0,
        1,
        0,
        0,
        0,
        0,
        1,
        1,
        0,
        0,
        1,
        1,
        0,
        0,
        1,
        0,
        1,
        0,
        1,
        0,
        1,
        0,
        1,
        0,
        1,
        1,
        0,
        1,
        0,
        1,
        1,
        0,
        0,
        1,
        0,
        1,
        1,
        0,
        0,
        1,
        0,
        0,
        0,
        0,
        0,
        0,
        1,
        0,
        0,
        0,
        0,
        0,
        1,
        0,
        1,
        1,
        0,
        0,
        0,
        1,
        0,
        0,
        1,
        1,
        0,
        1,
        0,
        1,
        1,
        1,
        0,
        0,
        1,
        1,
        1,
        1,
        0
    ],
    "rule2": [
        3
    ],