{
    "fbQuantBase": [
        3,
        5,
        3
    ],
    "size0": [
        10,
        16,
        10
    ],
    "size1": [
        10,
        16,
        10
    ],
    "size2": [
        10,
        16,
        10
    ],
    "size3": [
        10,
        16,
        10
    ],
    "fbQuantCrash": [
        1,
        1,
        1,
        2,
        2,
        1,
        1,
        2,
        2,
        2,
        1,
        1,
        2,
        1,
        1,
        2,
        1,
        2,
        1,
        2,
        2,
        2,
        1,
        1,
        2,
        2,
        1,
        1,
        2,
        2,
        1,
        2,
        1,
        2,
        2,
        1,
        1,
        1,
        1,
        1,
        1,
        1,
        2,
        2,
        2,
        2,
        2,
        1,
        1,
        1,
        2,
        1,
        2,
        1,
        1,
        1,
        1,
        1,
        2,
        2,
        1,
        2,
        1,
        2,
        2,
        2,
        2,
        2,
        2,
        2,
        2,
        1,
        1,
        1,
        2,
        1,
        1,
        1,
        2,
        1,
        2,
        2,
        1,
        2,
        2,
        1,
        2,
        2,
        1,
        2,
        2,
        1,
        1,
        1,
        2,
        2,
        1,
        1,
        2,
        2
    ],
    "goalProgCrashThreshold": [
        0.8428638114672113,
        0.4560765239454037,
        0.3492330856146915,
        0.339654648293329,
        0.6129640079037091,
        0.3223214816995416,
        0.48321296314144063,
        0.7069671329862841,
        0.4679375183035799,
        0.21570679695833725,
        0.35575968597606256,
        0.5934805908547756,
        0.9066123362130858,
        0.48028025065990293,
        0.9412305299008303,
        0.8182661106290103,
        0.5306670578533832,
        0.5089037246151644,
        0.49301475306476494,
        0.5152405329765273,
        0.44757608250661707,
        0.5811907168864614,
        0.37848830424205,
        0.4230518782414652,
        0.9647620663050871,
        0.7283762494423192,
        0.8834596432521578,
        0.9466714216343737,
        0.4855063996309597,
        0.741711336765799,
        0.7004645780602723,
        0.9841936298523541,
        0.5447128138118181,
        0.2788383359097636,
        0.20128429189001473,
        0.4243539308800114,
        0.9681381315745523,
        0.6811945608413037,
        0.36764912001489886,
        0.4948863535254793,
        0.6773789613029663,
        0.27652977448471827,
        0.9030695257598009,
        0.3005036973378699,
        0.3029975818750589,
        0.43747658220452634,
        0.4884947355943961,
        0.4904028020417526,
        0.2685750385562622,
        0.6407549578555278,
        0.8195142971992204,
        0.2570587971213895,
        0.8676042686762373,
        0.721392243447768,
        0.36339866971169643,
        0.6859507148776395,
        0.9292796154937588,
        0.4841996582038099,
        0.48717980197600985,
        0.6708209820509029,
        0.5682661581224486,
        0.25796476320995404,
        0.6543961610166306,
        0.48105518392642177,
        0.7244409072590434,
        0.953545107669125,
        0.3221072438396091,
        0.5736523051302833,
        0.2946833348011696,
        0.7143682365924799,
        0.5602273688758901,
        0.7238936512636396,
        0.6504533579816242,
        0.677617365496742,
        0.8876321685032835,
        0.8661321262503614,
        0.46449351418266094,
        0.604582947543453,
        0.7525299869378219,
        0.5817713866995964,
        0.266094111416051,
        0.26598465112233804,
        0.4003011624424712,
        0.9707007103128598,
        0.38595888267042106,
        0.39204308936572574,
        0.31725213128328034,
        0.20710222221705862,
        0.9935138805974517,
        0.4455762186320998,
        0.6250087187059443,
        0.7165141042130017,
        0.2688295348903421,
        0.20557008086263748,
        0.4051526798664573,
        0.7631944219419606,
        0.2582436679572923,
        0.44369972951278414,
        0.2731836907719092,
        0.8937111706707936
    ],
    "stim0": [
        0,
        3,
        1,
        2,
        3,
        0,
        0,
        2,
        2,
        3,
        1,
        1,
        3,
        3,
        3,
        0,
        0,
        3,
        0,
        3,
        1,
        2,
        1,
        0,
        1,
        0,
        2,
        2,
        1,
        1,
        2,
        0,
        3,
        3,
        3,
        1,
        2,
        1,
        1,
        1,
        0,
        3,
        0,
        0,
        3,
        2,
        3,
        2,
        3,
        3,
        0,
        2,
        3,
        2,
        1,
        1,
        2,
        0,
        3,
        2,
        0,
        0,
        2,
        2,
        3,
        3,
        2,
        2,
        3,
        1,
        2,
        2,
        1,
        0,
        2,
        3,
        3,
        3,
        3,
        1,
        2,
        0,
        0,
        2,
        2,
        3,
        3,
        2,
        3,
        3,
        3,
        2,
        3,
        0,
        0,
        1,
        0,
        2,
        1,
        1
    ],
    "rule0": [
        1
    ],
    "corKey0": [
        1,
        0,
        0,
        1,
        0,
        1,
        1,
        1,
        1,
        0,
        0,
        0,
        0,
        0,
        0,
        1,
        1,
        0,
        1,
        0,
        0,
        1,
        0,
        1,
        0,
        1,
        1,
        1,
        0,
        0,
        1,
        1,
        0,
        0,
        0,
        0,
        1,
        0,
        0,
        0,
        1,
        0,
        1,
        1,
        0,
        1,
        0,
        1,
        0,
        0,
        1,
        1,
        0,
        1,
        0,
        0,
        1,
        1,
        0,
        1,
        1,
        1,
        1,
        1,
        0,
        0,
        1,
        1,
        0,
        0,
        1,
        1,
        0,
        1,
        1,
        0,
        0,
        0,
        0,
        0,
        1,
        1,
        1,
        1,
        1,
        0,
        0,
        1,
        0,
        0,
        0,
        1,
        0,
        1,
        1,
        0,
        1,
        1,
        0,
        0
    ],
    "rule1": [
        1
    ],
    "corKey1": [
        1,
        0,
        0,
        1,
        0,
        1,
        1,
        1,
        1,
        0,
        0,
        0,
        0,
        0,
        0,
        1,
        1,
        0,
        1,
        0,
        0,
        1,
        0,
        1,
        0,
        1,
        1,
        1,
        0,
        0,
        1,
        1,
        0,
        0,
        0,
        0,
        1,
        0,
        0,
        0,
        1,
        0,
        1,
        1,
        0,
        1,
        0,
        1,
        0,
        0,
        1,
        1,
        0,
        1,
        0,
        0,
        1,
        1,
        0,
        1,
        1,
        1,
        1,
        1,
        0,
        0,
        1,
        1,
        0,
        0,
        1,
        1,
        0,
        1,
        1,
        0,
        0,
        0,
        0,
        0,
        1,
        1,
        1,
        1,
        1,
        0,
        0,
        1,
        0,
        0,
        0,
        1,
        0,
        1,
        1,
        0,
        1,
        1,
        0,
        0
    ],
    "rule2": [
        3
    ],