{
    "fbQuantBase": [
        3,
        5,
        3
    ],
    "fbQuantCrash": [
        2,
        2,
        1,
        2,
        1,
        1,
        1,
        2,
        2,
        2,
        1,
        1,
        1,
        1,
        2,
        2,
        2,
        2,
        2,
        2,
        1,
        1,
        1,
        1,
        2,
        2,
        1,
        2,
        1,
        2,
        2,
        2,
        1
    ],
    "goalProgCrashThreshold": [
        0.6986322548415116,
        0.5226641735596935,
        0.5305524409691192,
        0.6759556915132452,
        0.22108187387952807,
        0.558184160641072,
        0.46505161651353544,
        0.33839127504223687,
        0.9349653805584033,
        0.9755512981880448,
        0.576804969503673,
        0.44193334226300096,
        0.49846358759132503,
        0.4678612809025771,
        0.7057333326135193,
        0.8355946791111424,
        0.2973035394643977,
        0.6642471935864889,
        0.8809041694637798,
        0.2905677918585295,
        0.40071433980845045,
        0.5943675916777511,
        0.716500188558292,
        0.4037164057343879,
        0.48571783344182934,
        0.8591742872502202,
        0.2412754115537702,
        0.49154826382907046,
        0.4404664460820386,
        0.7560993724465381,
        0.44985648869003686,
        0.940942832999526,
        0.23568379543556653
    ],
    "stim0": [
        1,
        0,
        3,
        2,
        1,
        2,
        0,
        3,
        1,
        0,
        1,
        0,
        0,
        1,
        0,
        0,
        3,
        0,
        1,
        3,
        0,
        0,
        0,
        2,
        2,
        2,
        2,
        3,
        3,
        2,
        0,
        1,
        2,
        3,
        3,
        3,
        1,
        2,
        0,
        2,
        0,
        3,
        3,
        0,
        3,
        2,
        2,
        2,
        2,
        0,
        0,
        1,
        2,
        1,
        1,
        0,
        3,
        2,
        3,
        0,
        2,
        0,
        3,
        1,
        0,
        3,
        0,
        0,
        0,
        3,
        3,
        2,
        0,
        2,
        1,
        0,
        0,
        1,
        1,
        3,
        0,
        2,
        0,
        1,
        2,
        3,
        2,
        3,
        1,
        0,
        2,
        0,
        3,
        1,
        3,
        2,
        1,
        3,
        0
    ],
    "size0": [
        18,
        17,
        20
    ],
    "rule0": [
        2
    ],
    "corKey0": [
        1,
        1,
        0,
        0,
        1,
        0,
        1,
        0,
        1,
        1,
        1,
        1,
        1,
        1,
        1,
        1,
        0,
        1,
        1,
        0,
        1,
        1,
        1,
        0,
        0,
        0,
        0,
        0,
        0,
        0,
        1,
        1,
        0,
        0,
        0,
        0,
        1,
        0,
        1,
        0,
        1,
        0,
        0,
        1,
        0,
        0,
        0,
        0,
        0,
        1,
        1,
        1,
        0,
        1,
        1,
        1,
        0,
        0,
        0,
        1,
        0,
        1,
        0,
        1,
        1,
        0,
        1,
        1,
        1,
        0,
        0,
        0,
        1,
        0,
        1,
        1,
        1,
        1,
        1,
        0,
        1,
        0,
        1,
        1,
        0,
        0,
        0,
        0,
        1,
        1,
        0,
        1,
        0,
        1,
        0,
        0,
        1,
        0,
        1
    ],
    "size1": [
        20,
        16,
        13
    ],
    "rule1": [
        1
    ],
    "corKey1": [
        0,
        1,
        0,
        1,
        0,
        1,
        1,
        0,
        0,
        1,
        0,
        1,
        1,
        0,
        1,
        1,
        0,
        1,
        0,
        0,
        1,
        1,
        1,
        1,
        1,
        1,
        1,
        0,
        0,
        1,
        1,
        0,
        1,
        0,
        0,
        0,
        0,
        1,
        1,
        1,
        1,
        0,
        0,
        1,
        0,
        1,
        1,
        1,
        1,
        1,
        1,
        0,
        1,
        0,
        0,
        1,
        0,
        1,
        0,
        1,
        1,
        1,
        0,
        0,
        1,
        0,
        1,
        1,
        1,
        0,
        0,
        1,
        1,
        1,
        0,
        1,
        1,
        0,
        0,
        0,
        1,
        1,
        1,
        0,
        1,
        0,
        1,
        0,
        0,
        1,
        1,
        1,
        0,
        0,
        0,
        1,
        0,
        0,
        1
    ],
    "size2": [
        16,
        10,
        18
    ],
    "rule2": [
        2
    ],
    "corKey2": [
        1,
        1,
        0,
        0,
        1,
        0,
        1,
        0,
        1,
        1,
        1,
        1,
        1,
        1,
        1,
        1,
        0,
        1,
        1,
        0,
        1,
        1,
        1,
        0,
        0,
        0,
        0,
        0,
        0,
        0,
        1,
        1,
        0,
        0,
        0,
        0,
        1,
        0,
        1,
        0,
        1,
        0,
        0,
        1,
        0,
        0,
        0,
        0,
        0,
        1,
        1,
        1,
        0,
        1,
        1,
        1,
        0,
        0,
        0,
        1,
        0,
        1,
        0,
        1,
        1,
        0,
        1,
        1,
        1,
        0,
        0,
        0,
        1,
        0,
        1,
        1,
        1,
        1,
        1,
        0,
        1,
        0,
        1,
        1,
        0,
        0,
        0,
        0,
        1,
        1,
        0,
        1,
        0,
        1,
        0,
        0,
        1,
        0,
        1
    ],
    "size3": [
        18,
        11,
        17
    ],
    "rule3": [
        1
    ],
    "corKey3": [
        0,
        1,
        0,
        1,
        0,
        1,
        1,
        0,
        0,
        1,
        0,
        1,
        1,
        0,
        1,
        1,
        0,
        1,
        0,
        0,
        1,
        1,
        1,
        1,
        1,
        1,
        1,
        0,
        0,
        1,
        1,
        0,
        1,
        0,
        0,
        0,
        0,
        1,
        1,
        1,
        1,
        0,
        0,
        1,
        0,
        1,
        1,
        1,
        1,
        1,
        1,
        0,
        1,
        0,
        0,
        1,
        0,
        1,
        0,
        1,
        1,
        1,
        0,
        0,
        1,
        0,
        1,
        1,
        1,
        0,
        0,
        1,
        1,
        1,
        0,
        1,
        1,
        0,
        0,
        0,
        1,
        1,
        1,
        0,
        1,
        0,
        1,
        0,
        0,
        1,
        1,
        1,
        0,
        0,
        0,
        1,
        0,
        0,
        1
    ],