{
    "fbQuantBase": [
        3,
        5,
        3
    ],
    "fbQuantCrash": [
        1,
        2,
        2,
        1,
        1,
        2,
        1,
        1,
        1,
        2,
        2,
        1,
        1,
        1,
        1,
        2,
        2,
        1,
        2,
        1,
        2,
        1,
        2,
        1,
        1,
        2,
        1,
        2,
        2,
        2,
        1,
        1,
        1,
        1,
        1,
        1,
        1,
        1,
        2,
        2,
        2,
        2,
        2,
        2,
        1,
        1,
        1,
        2,
        1,
        1,
        1,
        1,
        1,
        1,
        2,
        1,
        1,
        2,
        2,
        2,
        2,
        2,
        2,
        1,
        2,
        2,
        2,
        1,
        1,
        1,
        2,
        2,
        2,
        2,
        2,
        1,
        2,
        2,
        2,
        2
    ],
    "goalProgCrashThreshold": [
        0.4004286638962893,
        0.4036641439239234,
        0.42880086314281335,
        0.7813241620866886,
        0.9031276484633277,
        0.5412793887186527,
        0.8073146304947587,
        0.4201555868585242,
        0.6782848614382719,
        0.3534358260437036,
        0.8171039061397816,
        0.6791558510939797,
        0.8849813638129966,
        0.5985900181992576,
        0.5844095912794902,
        0.5930031614768181,
        0.9091482177746115,
        0.6202684709976609,
        0.25471765578638217,
        0.2127587327433564,
        0.4495265292643298,
        0.9022373089167717,
        0.8136774723661744,
        0.5873252579283258,
        0.3152751409095953,
        0.7798601320446947,
        0.6583495872261511,
        0.7375338387178638,
        0.8729995420523686,
        0.4914371882735692,
        0.6676832096542198,
        0.20043390938042657,
        0.7476732758363465,
        0.9652485772647501,
        0.28356569130372683,
        0.25225613847199657,
        0.3236366966324482,
        0.4947869248443896,
        0.6018410998614858,
        0.7846922105235372,
        0.8120804634114089,
        0.8239157725661457,
        0.8286414323150364,
        0.7094573761670213,
        0.8320528038629667,
        0.7022507549956001,
        0.9217131816323543,
        0.2653949792940393,
        0.668938607535694,
        0.863483154288798,
        0.6211638725386113,
        0.4697164138720391,
        0.3769883501171137,
        0.44327980555087737,
        0.4688394528259423,
        0.6688457594752206,
        0.6719345491588171,
        0.38236921452753325,
        0.5618490548992827,
        0.5648344823981787,
        0.2369110285767631,
        0.7104857568077032,
        0.7866666219785978,
        0.6778979399010303,
        0.3994842017098568,
        0.6851302698015842,
        0.7464059649400061,
        0.5805709182733622,
        0.5378323315345007,
        0.4802011279606953,
        0.6259314141576323,
        0.6894049654324659,
        0.3120970999482968,
        0.8062685092512645,
        0.49905419630259695,
        0.43432197595939864,
        0.8304374960257859,
        0.9088827725484876,
        0.7434598276847655,
        0.9850243582906764
    ],
    "stim0": [
        2,
        2,
        0,
        3,
        3,
        0,
        0,
        0,
        3,
        1,
        0,
        1,
        1,
        2,
        0,
        1,
        1,
        3,
        1,
        0,
        2,
        3,
        1,
        0,
        1,
        1,
        1,
        1,
        3,
        2,
        0,
        1,
        3,
        0,
        3,
        3,
        3,
        1,
        0,
        3,
        3,
        1,
        3,
        1,
        1,
        1,
        3,
        2,
        2,
        1,
        3,
        2,
        1,
        0,
        2,
        0,
        0,
        1,
        0,
        1,
        1,
        1,
        0,
        2,
        1,
        0,
        2,
        1,
        2,
        0,
        0,
        1,
        2,
        2,
        2,
        0,
        3,
        2,
        3,
        3,
        1,
        3,
        1,
        1,
        3,
        0,
        3,
        0,
        3,
        0,
        1,
        1,
        2,
        1,
        0,
        1,
        2,
        1,
        0,
        3,
        0,
        2,
        0,
        2,
        1,
        3,
        1,
        1,
        0,
        2,
        0,
        3,
        1,
        2,
        3,
        1,
        0,
        3,
        3,
        1,
        0,
        1,
        0,
        3,
        3,
        2,
        2,
        2,
        0,
        0,
        3,
        1,
        0,
        1,
        3,
        1,
        3,
        3,
        0,
        2,
        0,
        1,
        3,
        1,
        2,
        2,
        2,
        0,
        3,
        1,
        0,
        1,
        3,
        1,
        1,
        3,
        1,
        2,
        2,
        1,
        3,
        2,
        0,
        1,
        2,
        3,
        3,
        3,
        3,
        0,
        0,
        3,
        3,
        3,
        1,
        1,
        1,
        0,
        2,
        2,
        3,
        2,
        0,
        0,
        3,
        2,
        2,
        2,
        0,
        1,
        2,
        0,
        0,
        0,
        1,
        3,
        2,
        3,
        3,
        0,
        0,
        0,
        3,
        0,
        1,
        0,
        1,
        3,
        1,
        3,
        0,
        0,
        2,
        1,
        3,
        2,
        1,
        0,
        2,
        1,
        3,
        0,
        1,
        3,
        0,
        3,
        0,
        2,
        2,
        0,
        2,
        1,
        3,
        3,
        0,
        2,
        3,
        2,
        0,
        1
    ],
    "size0": [
        12,
        18,
        16
    ],
    "rule0": [
        0
    ],