{
    "fbQuantBase": [
        3,
        5,
        3
    ],
    "size0": [
        10,
        16,
        10
    ],
    "size1": [
        10,
        16,
        10
    ],
    "size2": [
        10,
        16,
        10
    ],
    "size3": [
        10,
        16,
        10
    ],
    "fbQuantCrash": [
        1,
        2,
        1,
        2,
        1,
        1,
        1,
        1,
        1,
        2,
        2,
        1,
        1,
        1,
        1,
        1,
        2,
        2,
        2,
        1,
        1,
        2,
        1,
        2,
        2,
        1,
        1,
        1,
        1,
        1,
        2,
        2,
        2,
        1,
        1,
        1,
        1,
        1,
        1,
        2,
        2,
        1,
        1,
        2,
        2,
        2,
        2,
        1,
        2,
        1,
        1,
        2,
        1,
        1,
        2,
        1,
        1,
        2,
        2,
        2,
        1,
        2,
        2,
        2,
        2,
        2,
        1,
        1,
        2,
        2,
        1,
        2,
        2,
        1,
        1,
        2,
        1,
        2,
        2,
        2,
        2,
        1,
        2,
        2,
        2,
        1,
        2,
        1,
        2,
        2,
        1,
        1,
        2,
        1,
        1,
        2,
        1,
        1,
        2,
        2
    ],
    "goalProgCrashThreshold": [
        0.6058583960796697,
        0.7640807465643087,
        0.41006162557988796,
        0.9677315304940639,
        0.5879629317299564,
        0.5043730779518898,
        0.969179340249035,
        0.3109597789035681,
        0.6954693251617777,
        0.2912876638256088,
        0.7610048680510089,
        0.6158561162003564,
        0.7916568603631386,
        0.7614839642655982,
        0.6124490680166395,
        0.9314265390905347,
        0.9120761911974613,
        0.32488799919789024,
        0.24606967185597714,
        0.9247709302322193,
        0.9573156040278776,
        0.22291198595049622,
        0.9027551741462647,
        0.9491119440682014,
        0.23634242996155586,
        0.9263950199258415,
        0.7907224896586957,
        0.8167773824755609,
        0.2710101487075151,
        0.8957374112586083,
        0.5089398464101469,
        0.9850856125102758,
        0.8524729409612182,
        0.6058874940250855,
        0.8524828723953595,
        0.8845037045525803,
        0.7182493604064268,
        0.993227225857862,
        0.9200610952427444,
        0.5771763686537901,
        0.4273947859979223,
        0.32312530473651047,
        0.3677225331977968,
        0.932822995895765,
        0.26200567620437376,
        0.2100772580366031,
        0.9362582264846548,
        0.7241597300775378,
        0.3451246008073662,
        0.6244002217468669,
        0.5755568705878744,
        0.23608059005051604,
        0.5992075621450443,
        0.7940888154996055,
        0.8419808146187517,
        0.8723466194587914,
        0.988811609699501,
        0.20242629504309734,
        0.8650994173988373,
        0.5757811644797767,
        0.8641998754308142,
        0.4365548478904237,
        0.7993856791102976,
        0.48082525059647196,
        0.5880388142888485,
        0.2852325622761669,
        0.3878474213171276,
        0.36952412138990004,
        0.21860688884546342,
        0.7127957049309395,
        0.6646818008179611,
        0.5750878475189007,
        0.5647872032992125,
        0.31819366645911185,
        0.6273477918449888,
        0.6884462452439746,
        0.6084078564060122,
        0.5228301217040288,
        0.29346871188500656,
        0.4822330314414829,
        0.5180997806289895,
        0.4558684064784421,
        0.7827424269360477,
        0.2657761979740112,
        0.9279351984152862,
        0.2562967227539084,
        0.8346044887831512,
        0.33722982500229604,
        0.553296386815723,
        0.6881043378692585,
        0.854855437520798,
        0.7981321592685546,
        0.5191329496452763,
        0.6073188159584586,
        0.7378121758025524,
        0.5498918889141935,
        0.9563978637298849,
        0.6979165134015137,
        0.5010151209241461,
        0.8233171103284251
    ],
    "stim0": [
        3,
        0,
        0,
        2,
        2,
        1,
        3,
        1,
        3,
        2,
        2,
        2,
        2,
        3,
        0,
        3,
        2,
        0,
        0,
        3,
        0,
        3,
        3,
        0,
        2,
        3,
        3,
        0,
        1,
        0,
        3,
        1,
        0,
        1,
        1,
        2,
        1,
        1,
        0,
        0,
        3,
        1,
        0,
        3,
        2,
        3,
        3,
        3,
        3,
        1,
        3,
        1,
        1,
        0,
        3,
        2,
        1,
        3,
        2,
        2,
        3,
        2,
        1,
        2,
        3,
        3,
        2,
        3,
        2,
        1,
        1,
        0,
        2,
        0,
        1,
        2,
        1,
        2,
        1,
        1,
        2,
        1,
        0,
        0,
        0,
        3,
        3,
        3,
        2,
        0,
        1,
        3,
        3,
        3,
        3,
        2,
        0,
        1,
        2,
        2
    ],
    "rule0": [
        1
    ],
    "corKey0": [
        0,
        1,
        1,
        1,
        1,
        0,
        0,
        0,
        0,
        1,
        1,
        1,
        1,
        0,
        1,
        0,
        1,
        1,
        1,
        0,
        1,
        0,
        0,
        1,
        1,
        0,
        0,
        1,
        0,
        1,
        0,
        0,
        1,
        0,
        0,
        1,
        0,
        0,
        1,
        1,
        0,
        0,
        1,
        0,
        1,
        0,
        0,
        0,
        0,
        0,
        0,
        0,
        0,
        1,
        0,
        1,
        0,
        0,
        1,
        1,
        0,
        1,
        0,
        1,
        0,
        0,
        1,
        0,
        1,
        0,
        0,
        1,
        1,
        1,
        0,
        1,
        0,
        1,
        0,
        0,
        1,
        0,
        1,
        1,
        1,
        0,
        0,
        0,
        1,
        1,
        0,
        0,
        0,
        0,
        0,
        1,
        1,
        0,
        1,
        1
    ],
    "rule1": [
        2
    ],
    "corKey1": [
        0,
        1,
        1,
        0,
        0,
        1,
        0,
        1,
        0,
        0,
        0,
        0,
        0,
        0,
        1,
        0,
        0,
        1,
        1,
        0,
        1,
        0,
        0,
        1,
        0,
        0,
        0,
        1,
        1,
        1,
        0,
        1,
        1,
        1,
        1,
        0,
        1,
        1,
        1,
        1,
        0,
        1,
        1,
        0,
        0,
        0,
        0,
        0,
        0,
        1,
        0,
        1,
        1,
        1,
        0,
        0,
        1,
        0,
        0,
        0,
        0,
        0,
        1,
        0,
        0,
        0,
        0,
        0,
        0,
        1,
        1,
        1,
        0,
        1,
        1,
        0,
        1,
        0,
        1,
        1,
        0,
        1,
        1,
        1,
        1,
        0,
        0,
        0,
        0,
        1,
        1,
        0,
        0,
        0,
        0,
        0,
        1,
        1,
        0,
        0
    ],
    "rule2": [
        2
    ],