{
    "fbQuantBase": [
        3,
        5,
        3
    ],
    "fbQuantCrash": [
        1,
        1,
        1,
        2,
        2,
        2,
        2,
        1,
        1,
        1,
        1,
        1,
        2,
        1,
        2,
        1,
        1,
        1,
        1,
        1,
        1,
        1,
        2,
        2,
        2,
        1,
        1,
        1,
        2,
        1,
        2,
        2,
        2
    ],
    "goalProgCrashThreshold": [
        0.6421381208579782,
        0.5534267606300103,
        0.8800672533537286,
        0.8378894652834015,
        0.5375282442357396,
        0.2624168639991374,
        0.6544973168049972,
        0.9211888872434024,
        0.27428343049801057,
        0.9297129986831327,
        0.2601808371812262,
        0.948425042036382,
        0.7425504925527415,
        0.3015986577655819,
        0.5615485536421196,
        0.4225963801236586,
        0.392805549208499,
        0.510347784654833,
        0.9956157723208501,
        0.5726057018781489,
        0.739769924907298,
        0.47779122695980125,
        0.9138254727807704,
        0.407185453205102,
        0.8846431554251424,
        0.5459804595440372,
        0.5741759683987704,
        0.8104160599302019,
        0.322739945907923,
        0.29108845374518166,
        0.3630073885318897,
        0.9261110655976579,
        0.885269098631712
    ],
    "stim0": [
        3,
        1,
        3,
        0,
        3,
        0,
        0,
        3,
        0,
        1,
        1,
        0,
        2,
        1,
        3,
        3,
        3,
        1,
        3,
        1,
        1,
        1,
        3,
        1,
        0,
        2,
        2,
        2,
        3,
        3,
        2,
        3,
        2,
        1,
        2,
        2,
        1,
        2,
        0,
        2,
        3,
        1,
        2,
        2,
        2,
        3,
        0,
        1,
        2,
        2,
        0,
        3,
        1,
        0,
        1,
        0,
        1,
        1,
        2,
        1,
        2,
        2,
        2,
        1,
        3,
        3,
        0,
        2,
        2,
        0,
        1,
        0,
        2,
        3,
        0,
        2,
        1,
        1,
        0,
        2,
        2,
        0,
        0,
        0,
        3,
        0,
        0,
        2,
        3,
        1,
        2,
        2,
        1,
        3,
        0,
        1,
        1,
        1,
        1
    ],
    "size0": [
        14,
        17,
        19
    ],
    "rule0": [
        0
    ],
    "corKey0": [
        1,
        1,
        1,
        0,
        1,
        0,
        0,
        1,
        0,
        1,
        1,
        0,
        0,
        1,
        1,
        1,
        1,
        1,
        1,
        1,
        1,
        1,
        1,
        1,
        0,
        0,
        0,
        0,
        1,
        1,
        0,
        1,
        0,
        1,
        0,
        0,
        1,
        0,
        0,
        0,
        1,
        1,
        0,
        0,
        0,
        1,
        0,
        1,
        0,
        0,
        0,
        1,
        1,
        0,
        1,
        0,
        1,
        1,
        0,
        1,
        0,
        0,
        0,
        1,
        1,
        1,
        0,
        0,
        0,
        0,
        1,
        0,
        0,
        1,
        0,
        0,
        1,
        1,
        0,
        0,
        0,
        0,
        0,
        0,
        1,
        0,
        0,
        0,
        1,
        1,
        0,
        0,
        1,
        1,
        0,
        1,
        1,
        1,
        1
    ],
    "size1": [
        12,
        11,
        15
    ],
    "rule1": [
        2
    ],
    "corKey1": [
        0,
        1,
        0,
        1,
        0,
        1,
        1,
        0,
        1,
        1,
        1,
        1,
        0,
        1,
        0,
        0,
        0,
        1,
        0,
        1,
        1,
        1,
        0,
        1,
        1,
        0,
        0,
        0,
        0,
        0,
        0,
        0,
        0,
        1,
        0,
        0,
        1,
        0,
        1,
        0,
        0,
        1,
        0,
        0,
        0,
        0,
        1,
        1,
        0,
        0,
        1,
        0,
        1,
        1,
        1,
        1,
        1,
        1,
        0,
        1,
        0,
        0,
        0,
        1,
        0,
        0,
        1,
        0,
        0,
        1,
        1,
        1,
        0,
        0,
        1,
        0,
        1,
        1,
        1,
        0,
        0,
        1,
        1,
        1,
        0,
        1,
        1,
        0,
        0,
        1,
        0,
        0,
        1,
        0,
        1,
        1,
        1,
        1,
        1
    ],
    "size2": [
        18,
        10,
        13
    ],
    "rule2": [
        0
    ],
    "corKey2": [
        1,
        1,
        1,
        0,
        1,
        0,
        0,
        1,
        0,
        1,
        1,
        0,
        0,
        1,
        1,
        1,
        1,
        1,
        1,
        1,
        1,
        1,
        1,
        1,
        0,
        0,
        0,
        0,
        1,
        1,
        0,
        1,
        0,
        1,
        0,
        0,
        1,
        0,
        0,
        0,
        1,
        1,
        0,
        0,
        0,
        1,
        0,
        1,
        0,
        0,
        0,
        1,
        1,
        0,
        1,
        0,
        1,
        1,
        0,
        1,
        0,
        0,
        0,
        1,
        1,
        1,
        0,
        0,
        0,
        0,
        1,
        0,
        0,
        1,
        0,
        0,
        1,
        1,
        0,
        0,
        0,
        0,
        0,
        0,
        1,
        0,
        0,
        0,
        1,
        1,
        0,
        0,
        1,
        1,
        0,
        1,
        1,
        1,
        1
    ],
    "size3": [
        12,
        14,
        10
    ],
    "rule3": [
        2
    ],
    "corKey3": [
        0,
        1,
        0,
        1,
        0,
        1,
        1,
        0,
        1,
        1,
        1,
        1,
        0,
        1,
        0,
        0,
        0,
        1,
        0,
        1,
        1,
        1,
        0,
        1,
        1,
        0,
        0,
        0,
        0,
        0,
        0,
        0,
        0,
        1,
        0,
        0,
        1,
        0,
        1,
        0,
        0,
        1,
        0,
        0,
        0,
        0,
        1,
        1,
        0,
        0,
        1,
        0,
        1,
        1,
        1,
        1,
        1,
        1,
        0,
        1,
        0,
        0,
        0,
        1,
        0,
        0,
        1,
        0,
        0,
        1,
        1,
        1,
        0,
        0,
        1,
        0,
        1,
        1,
        1,
        0,
        0,
        1,
        1,
        1,
        0,
        1,
        1,
        0,
        0,
        1,
        0,
        0,
        1,
        0,
        1,
        1,
        1,
        1,
        1
    ],