{
    "fbQuantBase": [
        3,
        5,
        3
    ],
    "size0": [
        10,
        16,
        10
    ],
    "size1": [
        10,
        16,
        10
    ],
    "size2": [
        10,
        16,
        10
    ],
    "size3": [
        10,
        16,
        10
    ],
    "fbQuantCrash": [
        1,
        1,
        2,
        2,
        2,
        1,
        1,
        1,
        2,
        2,
        1,
        2,
        1,
        1,
        2,
        1,
        1,
        1,
        2,
        1,
        1,
        2,
        1,
        1,
        2,
        2,
        1,
        2,
        2,
        2,
        2,
        1,
        2,
        2,
        2,
        2,
        2,
        2,
        2,
        2,
        2,
        2,
        1,
        2,
        1,
        1,
        2,
        1,
        1,
        2,
        2,
        1,
        2,
        1,
        1,
        1,
        1,
        1,
        1,
        1,
        1,
        1,
        2,
        1,
        2,
        2,
        1,
        2,
        1,
        2,
        1,
        1,
        2,
        2,
        2,
        2,
        1,
        2,
        2,
        1,
        1,
        2,
        1,
        2,
        2,
        1,
        1,
        1,
        2,
        1,
        2,
        1,
        2,
        1,
        1,
        1,
        1,
        2,
        1,
        2
    ],
    "goalProgCrashThreshold": [
        0.4243429073506859,
        0.39680480142025537,
        0.7920068021419284,
        0.36433709461272773,
        0.6335336790650965,
        0.574996081872627,
        0.5224567690388642,
        0.5437498426880973,
        0.9950131006480989,
        0.32236582273419573,
        0.29857410573889753,
        0.6305068975972044,
        0.9232108930705318,
        0.35192769011797476,
        0.5797024459496563,
        0.7737484646917718,
        0.6440807335255818,
        0.8442597135991847,
        0.20758260342819304,
        0.4176177004710466,
        0.6230602528195188,
        0.6430280934384772,
        0.44709367330776284,
        0.4711320836918443,
        0.8040987573138547,
        0.8019614549800322,
        0.7674384402050431,
        0.2744706267049877,
        0.2251489005948515,
        0.697727635176711,
        0.4143042180602743,
        0.38840130840176423,
        0.9129717317170101,
        0.7676168246495068,
        0.765546437499111,
        0.29797693881488796,
        0.917720444022593,
        0.41448283059796953,
        0.3145617258341184,
        0.49535698296681707,
        0.6135152961873704,
        0.3178253519745802,
        0.29395017875953217,
        0.2825486579795988,
        0.23283448236719978,
        0.5996692354109643,
        0.5096153813703581,
        0.9380439826961431,
        0.3399882022855779,
        0.3291173206929525,
        0.6037663706178678,
        0.7397024013662237,
        0.5321755692701242,
        0.5386569258121332,
        0.3707379003649474,
        0.9034619830027575,
        0.8636521909632071,
        0.7587113958738523,
        0.8096748548178232,
        0.8868078409019231,
        0.3888685144679361,
        0.550224090244664,
        0.4381264924907058,
        0.39756716789164265,
        0.49540469931416153,
        0.9416152536086833,
        0.4795941146645946,
        0.27183955021448547,
        0.22271349000821639,
        0.5064251742767134,
        0.8892211463887569,
        0.934847615606822,
        0.3542741253605821,
        0.6718466328951029,
        0.6144877725476834,
        0.5021434765429746,
        0.27695715611938393,
        0.23958669801500534,
        0.5815761296316417,
        0.8620041968587369,
        0.6217782032267358,
        0.9378053876386698,
        0.7963252933603611,
        0.7516477788111209,
        0.9501671453597968,
        0.8512064212526687,
        0.41282059734970106,
        0.22023586870271147,
        0.6031458245978087,
        0.6564135297601564,
        0.6789153873784737,
        0.2668922006661954,
        0.5171534133006338,
        0.591419446624867,
        0.5288480598039855,
        0.4537191897232032,
        0.9805039653314642,
        0.3949744422663309,
        0.5974373269185027,
        0.6600650172203857
    ],
    "stim0": [
        2,
        0,
        2,
        2,
        1,
        2,
        3,
        2,
        0,
        3,
        3,
        0,
        1,
        1,
        0,
        1,
        0,
        3,
        1,
        1,
        2,
        2,
        1,
        1,
        0,
        1,
        0,
        2,
        1,
        3,
        1,
        2,
        1,
        2,
        0,
        2,
        3,
        3,
        3,
        0,
        1,
        2,
        3,
        3,
        1,
        3,
        0,
        3,
        2,
        1,
        1,
        3,
        3,
        3,
        0,
        0,
        2,
        0,
        1,
        0,
        1,
        0,
        0,
        1,
        2,
        0,
        0,
        3,
        1,
        3,
        2,
        3,
        1,
        1,
        3,
        3,
        3,
        1,
        2,
        1,
        0,
        1,
        3,
        0,
        0,
        1,
        0,
        1,
        3,
        2,
        1,
        2,
        1,
        0,
        3,
        2,
        1,
        1,
        0,
        1
    ],
    "rule0": [
        0
    ],
    "corKey0": [
        0,
        0,
        0,
        0,
        1,
        0,
        1,
        0,
        0,
        1,
        1,
        0,
        1,
        1,
        0,
        1,
        0,
        1,
        1,
        1,
        0,
        0,
        1,
        1,
        0,
        1,
        0,
        0,
        1,
        1,
        1,
        0,
        1,
        0,
        0,
        0,
        1,
        1,
        1,
        0,
        1,
        0,
        1,
        1,
        1,
        1,
        0,
        1,
        0,
        1,
        1,
        1,
        1,
        1,
        0,
        0,
        0,
        0,
        1,
        0,
        1,
        0,
        0,
        1,
        0,
        0,
        0,
        1,
        1,
        1,
        0,
        1,
        1,
        1,
        1,
        1,
        1,
        1,
        0,
        1,
        0,
        1,
        1,
        0,
        0,
        1,
        0,
        1,
        1,
        0,
        1,
        0,
        1,
        0,
        1,
        0,
        1,
        1,
        0,
        1
    ],
    "rule1": [
        2
    ],
    "corKey1": [
        0,
        1,
        0,
        0,
        1,
        0,
        0,
        0,
        1,
        0,
        0,
        1,
        1,
        1,
        1,
        1,
        1,
        0,
        1,
        1,
        0,
        0,
        1,
        1,
        1,
        1,
        1,
        0,
        1,
        0,
        1,
        0,
        1,
        0,
        1,
        0,
        0,
        0,
        0,
        1,
        1,
        0,
        0,
        0,
        1,
        0,
        1,
        0,
        0,
        1,
        1,
        0,
        0,
        0,
        1,
        1,
        0,
        1,
        1,
        1,
        1,
        1,
        1,
        1,
        0,
        1,
        1,
        0,
        1,
        0,
        0,
        0,
        1,
        1,
        0,
        0,
        0,
        1,
        0,
        1,
        1,
        1,
        0,
        1,
        1,
        1,
        1,
        1,
        0,
        0,
        1,
        0,
        1,
        1,
        0,
        0,
        1,
        1,
        1,
        1
    ],
    "rule2": [
        0
    ],