{
    "fbQuantBase": [
        3,
        5,
        3
    ],
    "fbQuantCrash": [
        2,
        2,
        1,
        1,
        1,
        2,
        1,
        2,
        1,
        2,
        1,
        2,
        1,
        2,
        2,
        2,
        1,
        1,
        2,
        1,
        2,
        1,
        2,
        2,
        1,
        2,
        1,
        1,
        2,
        2,
        2,
        1,
        1,
        1,
        1,
        2,
        2,
        1,
        2,
        2,
        2,
        1,
        2,
        2,
        1,
        1,
        2,
        2,
        2,
        2,
        1,
        2,
        2,
        1,
        2,
        2,
        2,
        1,
        2,
        1,
        2,
        2,
        1,
        1,
        2,
        2,
        1,
        1,
        2,
        1,
        2,
        1,
        1,
        1,
        1,
        1,
        2,
        1,
        2,
        2
    ],
    "goalProgCrashThreshold": [
        0.32529938892879234,
        0.483327502243242,
        0.7809351932643998,
        0.6901418277397469,
        0.7683429147320733,
        0.3068485085600423,
        0.5453524108062606,
        0.6599761205667465,
        0.9365360582108568,
        0.960531765911669,
        0.7133930842032692,
        0.8042740314039369,
        0.4680546543848607,
        0.8699392152249101,
        0.9906636976222702,
        0.7777369654387691,
        0.3059659785010922,
        0.6498937604947848,
        0.25112710865133797,
        0.609599160854116,
        0.8481675199027943,
        0.29732806000065004,
        0.6323294911258797,
        0.5450317672709942,
        0.4558280318296684,
        0.7520349082700293,
        0.7115455497767627,
        0.6492158172844671,
        0.49272687938095755,
        0.28030712608661235,
        0.24618486168783785,
        0.7754975139704152,
        0.6766184326683222,
        0.35722526327614484,
        0.7545666844957677,
        0.4577505006272031,
        0.36424173462512344,
        0.24880972720087177,
        0.8974788161213845,
        0.36807333547645815,
        0.8246311969138562,
        0.8511897917559039,
        0.4296911562065798,
        0.38043279525286605,
        0.6702727734048413,
        0.4894737457964102,
        0.4112230119766884,
        0.9135697220866847,
        0.7394574248791812,
        0.9630998734456082,
        0.5508992739085208,
        0.9091609232325792,
        0.8362637025451707,
        0.4953100342343012,
        0.9808928260023742,
        0.8347603103802104,
        0.6906971135104862,
        0.5081685080022786,
        0.3967773047027775,
        0.5056222452971235,
        0.7712540634098792,
        0.38480786575936304,
        0.3901558194793734,
        0.6087327186390784,
        0.944974692778509,
        0.23792639170043622,
        0.2914521315355243,
        0.3667069583428796,
        0.7153561732648681,
        0.22586400654092903,
        0.9106883814859774,
        0.8893292506688624,
        0.7932070234619721,
        0.27252128898049,
        0.5967403896103203,
        0.9640221673871177,
        0.29809523830294876,
        0.9917071628470149,
        0.5170627625098212,
        0.9968967986494357
    ],
    "stim0": [
        2,
        2,
        0,
        3,
        1,
        0,
        1,
        3,
        3,
        3,
        1,
        3,
        0,
        3,
        2,
        1,
        1,
        1,
        1,
        0,
        1,
        2,
        3,
        2,
        1,
        2,
        3,
        3,
        0,
        1,
        2,
        0,
        2,
        1,
        3,
        2,
        3,
        1,
        3,
        3,
        3,
        0,
        0,
        0,
        1,
        2,
        3,
        1,
        0,
        0,
        1,
        3,
        3,
        2,
        1,
        3,
        2,
        0,
        0,
        1,
        0,
        1,
        1,
        1,
        3,
        1,
        1,
        2,
        3,
        3,
        3,
        3,
        3,
        1,
        0,
        1,
        1,
        1,
        0,
        3,
        0,
        2,
        0,
        0,
        1,
        2,
        0,
        0,
        2,
        0,
        0,
        3,
        2,
        0,
        2,
        3,
        3,
        0,
        0,
        2,
        3,
        3,
        2,
        2,
        3,
        1,
        2,
        1,
        3,
        0,
        2,
        0,
        2,
        1,
        0,
        2,
        0,
        2,
        2,
        0,
        1,
        1,
        3,
        1,
        1,
        0,
        0,
        3,
        2,
        1,
        1,
        1,
        2,
        3,
        1,
        1,
        1,
        0,
        3,
        3,
        3,
        1,
        1,
        3,
        3,
        2,
        3,
        3,
        1,
        0,
        1,
        1,
        1,
        2,
        3,
        0,
        2,
        0,
        1,
        1,
        0,
        3,
        0,
        1,
        3,
        2,
        0,
        1,
        1,
        2,
        0,
        2,
        1,
        1,
        0,
        1,
        1,
        2,
        3,
        0,
        3,
        0,
        0,
        1,
        2,
        1,
        2,
        1,
        1,
        1,
        3,
        2,
        0,
        2,
        0,
        0,
        1,
        0,
        0,
        2,
        0,
        0,
        3,
        3,
        0,
        0,
        3,
        0,
        1,
        0,
        2,
        1,
        0,
        0,
        3,
        0,
        0,
        3,
        1,
        2,
        3,
        1,
        2,
        3,
        0,
        3,
        0,
        1,
        1,
        2,
        2,
        1,
        0,
        2,
        2,
        0,
        2,
        0,
        3,
        0
    ],
    "size0": [
        18,
        14,
        13
    ],
    "rule0": [
        2
    ],