{
    "fbQuantBase": [
        3,
        5,
        3
    ],
    "size0": [
        10,
        16,
        10
    ],
    "size1": [
        10,
        16,
        10
    ],
    "size2": [
        10,
        16,
        10
    ],
    "size3": [
        10,
        16,
        10
    ],
    "fbQuantCrash": [
        2,
        1,
        1,
        1,
        1,
        2,
        1,
        1,
        1,
        1,
        2,
        1,
        1,
        1,
        1,
        1,
        1,
        2,
        1,
        1,
        1,
        1,
        1,
        1,
        1,
        1,
        1,
        1,
        2,
        1,
        1,
        1,
        2,
        1,
        2,
        2,
        2,
        2,
        1,
        1,
        1,
        1,
        2,
        2,
        2,
        1,
        2,
        1,
        1,
        2,
        2,
        1,
        2,
        2,
        2,
        1,
        1,
        2,
        2,
        2,
        2,
        1,
        1,
        2,
        2,
        1,
        2,
        1,
        2,
        1,
        1,
        2,
        2,
        1,
        1,
        1,
        1,
        2,
        2,
        1,
        2,
        1,
        2,
        2,
        2,
        2,
        2,
        2,
        2,
        2,
        1,
        2,
        1,
        2,
        2,
        1,
        1,
        1,
        1,
        1
    ],
    "goalProgCrashThreshold": [
        0.7993842768532302,
        0.8097666233816754,
        0.40912334748901497,
        0.4221836718302637,
        0.7470411000548196,
        0.8154223039122965,
        0.8808729630212515,
        0.5075487225415336,
        0.813996329898943,
        0.2628656638389153,
        0.8043677160520784,
        0.5410705758088821,
        0.5504370056242343,
        0.98233957974397,
        0.4253440729349167,
        0.2166447115149552,
        0.3940030656788034,
        0.7419839225104721,
        0.7286286299945435,
        0.9289433420467657,
        0.8926885701651037,
        0.5268625775802405,
        0.5465832448996981,
        0.9965255309195309,
        0.8355743037699577,
        0.5968930880623701,
        0.21696445726850017,
        0.6292223293103297,
        0.9763933858806255,
        0.9934074457751936,
        0.7394626512786602,
        0.4925771100472893,
        0.9828167773146808,
        0.8405011102893432,
        0.5193238626300759,
        0.9554709267882167,
        0.4297248364683525,
        0.7285857970846059,
        0.827376351647358,
        0.6545070412399766,
        0.6727907413144646,
        0.3677038613632608,
        0.40099468876789096,
        0.6320281995345127,
        0.21696407071376145,
        0.28161581708010897,
        0.6232688509633442,
        0.7235927240143212,
        0.6517992727999081,
        0.9290331971179355,
        0.20220694444636234,
        0.8497393560566713,
        0.624922023462303,
        0.22593285256965123,
        0.8966454113153202,
        0.8149373482583739,
        0.7380638054825266,
        0.3288205701755862,
        0.8061607020336112,
        0.9734446665472491,
        0.25085154152836325,
        0.2742785230783409,
        0.647764620920583,
        0.2171475593956177,
        0.604186123585171,
        0.8102647542222672,
        0.7625433979926246,
        0.5642451203702339,
        0.972779900559178,
        0.5199108269484785,
        0.23475725048744975,
        0.8469768059227707,
        0.8719746761740212,
        0.5423030462169487,
        0.6334929613229194,
        0.36495973827485834,
        0.2475534320362116,
        0.802079803546035,
        0.9138212112982498,
        0.26060526302531284,
        0.9213671356080784,
        0.49367273624175667,
        0.8806638301635437,
        0.530280723053957,
        0.3215448616479239,
        0.9253778918461355,
        0.8301326575354209,
        0.25236210999675973,
        0.5424908008373692,
        0.9416563254340169,
        0.9459886438911371,
        0.5836025385439274,
        0.29039451227460744,
        0.9306340389288208,
        0.5091419782879943,
        0.47408308764520424,
        0.30306415549035653,
        0.20476522092692628,
        0.878946021850441,
        0.9825190737312788
    ],
    "stim0": [
        2,
        1,
        3,
        1,
        3,
        1,
        1,
        0,
        3,
        3,
        2,
        1,
        2,
        0,
        1,
        0,
        3,
        2,
        2,
        0,
        2,
        0,
        3,
        0,
        0,
        2,
        2,
        1,
        3,
        1,
        2,
        2,
        1,
        0,
        0,
        1,
        3,
        2,
        0,
        3,
        3,
        2,
        1,
        2,
        0,
        0,
        2,
        3,
        0,
        2,
        2,
        2,
        1,
        3,
        0,
        0,
        2,
        0,
        1,
        0,
        0,
        3,
        3,
        0,
        0,
        2,
        2,
        2,
        2,
        1,
        0,
        3,
        3,
        2,
        2,
        2,
        2,
        1,
        3,
        2,
        3,
        3,
        0,
        3,
        2,
        0,
        0,
        2,
        3,
        3,
        3,
        0,
        1,
        1,
        3,
        2,
        3,
        1,
        0,
        2
    ],
    "rule0": [
        2
    ],
    "corKey0": [
        0,
        1,
        0,
        1,
        0,
        1,
        1,
        1,
        0,
        0,
        0,
        1,
        0,
        1,
        1,
        1,
        0,
        0,
        0,
        1,
        0,
        1,
        0,
        1,
        1,
        0,
        0,
        1,
        0,
        1,
        0,
        0,
        1,
        1,
        1,
        1,
        0,
        0,
        1,
        0,
        0,
        0,
        1,
        0,
        1,
        1,
        0,
        0,
        1,
        0,
        0,
        0,
        1,
        0,
        1,
        1,
        0,
        1,
        1,
        1,
        1,
        0,
        0,
        1,
        1,
        0,
        0,
        0,
        0,
        1,
        1,
        0,
        0,
        0,
        0,
        0,
        0,
        1,
        0,
        0,
        0,
        0,
        1,
        0,
        0,
        1,
        1,
        0,
        0,
        0,
        0,
        1,
        1,
        1,
        0,
        0,
        0,
        1,
        1,
        0
    ],
    "rule1": [
        2
    ],
    "corKey1": [
        0,
        1,
        0,
        1,
        0,
        1,
        1,
        1,
        0,
        0,
        0,
        1,
        0,
        1,
        1,
        1,
        0,
        0,
        0,
        1,
        0,
        1,
        0,
        1,
        1,
        0,
        0,
        1,
        0,
        1,
        0,
        0,
        1,
        1,
        1,
        1,
        0,
        0,
        1,
        0,
        0,
        0,
        1,
        0,
        1,
        1,
        0,
        0,
        1,
        0,
        0,
        0,
        1,
        0,
        1,
        1,
        0,
        1,
        1,
        1,
        1,
        0,
        0,
        1,
        1,
        0,
        0,
        0,
        0,
        1,
        1,
        0,
        0,
        0,
        0,
        0,
        0,
        1,
        0,
        0,
        0,
        0,
        1,
        0,
        0,
        1,
        1,
        0,
        0,
        0,
        0,
        1,
        1,
        1,
        0,
        0,
        0,
        1,
        1,
        0
    ],
    "rule2": [
        1
    ],