{
    "fbQuantBase": [
        3,
        5,
        3
    ],
    "size0": [
        10,
        16,
        10
    ],
    "size1": [
        10,
        16,
        10
    ],
    "size2": [
        10,
        16,
        10
    ],
    "size3": [
        10,
        16,
        10
    ],
    "fbQuantCrash": [
        2,
        2,
        2,
        2,
        1,
        2,
        2,
        1,
        1,
        1,
        2,
        2,
        2,
        1,
        2,
        2,
        1,
        2,
        1,
        2,
        1,
        2,
        2,
        1,
        1,
        2,
        1,
        2,
        2,
        2,
        1,
        1,
        1,
        1,
        1,
        2,
        2,
        1,
        2,
        1,
        2,
        1,
        2,
        2,
        1,
        2,
        2,
        1,
        1,
        1,
        1,
        2,
        2,
        1,
        1,
        2,
        2,
        1,
        2,
        2,
        1,
        2,
        1,
        2,
        2,
        1,
        1,
        2,
        1,
        1,
        2,
        1,
        2,
        2,
        1,
        2,
        1,
        1,
        1,
        1,
        2,
        1,
        1,
        1,
        2,
        1,
        2,
        2,
        2,
        2,
        2,
        1,
        1,
        2,
        2,
        1,
        1,
        2,
        1,
        2
    ],
    "goalProgCrashThreshold": [
        0.25591233730813406,
        0.6636158523768669,
        0.8457804621335072,
        0.9188269644891711,
        0.24917536233937831,
        0.8433451057861976,
        0.24946827472907682,
        0.9634070967046999,
        0.21055830318904062,
        0.6301798674104055,
        0.5117062290399363,
        0.4324625300798725,
        0.3285441574992729,
        0.9631283873154004,
        0.514892503900256,
        0.3983859978644486,
        0.3951032042414133,
        0.47461902797228134,
        0.9788448393089191,
        0.7319515943506372,
        0.8803689227321501,
        0.7944374786102968,
        0.2702229065821995,
        0.5588922196398902,
        0.24726445448970563,
        0.5703557880803181,
        0.5571397472100239,
        0.2118478776961169,
        0.44680895769786605,
        0.44729689588063315,
        0.5439725930486997,
        0.9501777744398985,
        0.25588023951987293,
        0.30907533121498665,
        0.6868719861474604,
        0.24048884565418877,
        0.41783317763257743,
        0.5562629168861262,
        0.6138676353375281,
        0.25693213715728125,
        0.4649265610298636,
        0.9867002047517821,
        0.38678487709592047,
        0.24345651010109437,
        0.3181646738636292,
        0.4222884772863913,
        0.5758825902830036,
        0.49522724601787005,
        0.8450681973903105,
        0.7706590177330586,
        0.807809788413143,
        0.44361090971050354,
        0.4995432143988108,
        0.6011680721620392,
        0.8816184895942987,
        0.5154258533539238,
        0.8672213784418346,
        0.9241284252235473,
        0.8761710147114348,
        0.49330727040086625,
        0.3704236078537436,
        0.37573910411644573,
        0.9865562398173153,
        0.969225873661492,
        0.35960564270803586,
        0.40426487438823844,
        0.4432670039022556,
        0.31965033512057817,
        0.6954135188751687,
        0.22851008588256674,
        0.9527745497471674,
        0.6590113286488584,
        0.6981689388968878,
        0.6985009682915349,
        0.7077833234220818,
        0.7955899938575344,
        0.9997545490739566,
        0.26044066864003224,
        0.8683993005787631,
        0.8605567117069952,
        0.6811071427100238,
        0.23737960500971964,
        0.4956970657186481,
        0.7057722220017555,
        0.7477317734648308,
        0.49659302489060625,
        0.314246233548394,
        0.5604362149788291,
        0.5507141823815461,
        0.5661809311054161,
        0.6661654225206906,
        0.48642712896867163,
        0.28711379994878694,
        0.6979100565919746,
        0.3230739431323637,
        0.7364282321733391,
        0.4515572099316649,
        0.28393379650446415,
        0.7675894199128728,
        0.48923193981758084
    ],
    "stim0": [
        1,
        0,
        1,
        3,
        1,
        3,
        0,
        0,
        1,
        1,
        3,
        0,
        0,
        3,
        1,
        3,
        1,
        0,
        3,
        2,
        3,
        3,
        3,
        0,
        2,
        0,
        1,
        3,
        0,
        3,
        0,
        1,
        3,
        3,
        2,
        0,
        2,
        3,
        1,
        1,
        3,
        3,
        2,
        1,
        3,
        1,
        1,
        3,
        3,
        3,
        1,
        1,
        3,
        2,
        2,
        2,
        0,
        0,
        3,
        1,
        2,
        2,
        0,
        2,
        2,
        2,
        2,
        2,
        0,
        1,
        0,
        1,
        1,
        2,
        2,
        3,
        1,
        2,
        2,
        3,
        1,
        0,
        2,
        0,
        2,
        2,
        1,
        1,
        2,
        1,
        0,
        1,
        3,
        2,
        0,
        3,
        0,
        0,
        1,
        2
    ],
    "rule0": [
        3
    ],
    "corKey0": [
        0,
        0,
        0,
        1,
        0,
        1,
        0,
        0,
        0,
        0,
        1,
        0,
        0,
        1,
        0,
        1,
        0,
        0,
        1,
        1,
        1,
        1,
        1,
        0,
        1,
        0,
        0,
        1,
        0,
        1,
        0,
        0,
        1,
        1,
        1,
        0,
        1,
        1,
        0,
        0,
        1,
        1,
        1,
        0,
        1,
        0,
        0,
        1,
        1,
        1,
        0,
        0,
        1,
        1,
        1,
        1,
        0,
        0,
        1,
        0,
        1,
        1,
        0,
        1,
        1,
        1,
        1,
        1,
        0,
        0,
        0,
        0,
        0,
        1,
        1,
        1,
        0,
        1,
        1,
        1,
        0,
        0,
        1,
        0,
        1,
        1,
        0,
        0,
        1,
        0,
        0,
        0,
        1,
        1,
        0,
        1,
        0,
        0,
        0,
        1
    ],
    "rule1": [
        1
    ],
    "corKey1": [
        0,
        1,
        0,
        0,
        0,
        0,
        1,
        1,
        0,
        0,
        0,
        1,
        1,
        0,
        0,
        0,
        0,
        1,
        0,
        1,
        0,
        0,
        0,
        1,
        1,
        1,
        0,
        0,
        1,
        0,
        1,
        0,
        0,
        0,
        1,
        1,
        1,
        0,
        0,
        0,
        0,
        0,
        1,
        0,
        0,
        0,
        0,
        0,
        0,
        0,
        0,
        0,
        0,
        1,
        1,
        1,
        1,
        1,
        0,
        0,
        1,
        1,
        1,
        1,
        1,
        1,
        1,
        1,
        1,
        0,
        1,
        0,
        0,
        1,
        1,
        0,
        0,
        1,
        1,
        0,
        0,
        1,
        1,
        1,
        1,
        1,
        0,
        0,
        1,
        0,
        1,
        0,
        0,
        1,
        1,
        0,
        1,
        1,
        0,
        1
    ],
    "rule2": [
        3
    ],