{
    "fbQuantBase": [
        3,
        5,
        3
    ],
    "fbQuantCrash": [
        2,
        2,
        1,
        1,
        1,
        1,
        1,
        2,
        1,
        2,
        1,
        1,
        2,
        1,
        2,
        2,
        1,
        1,
        2,
        2,
        1,
        1,
        1,
        2,
        2,
        2,
        2,
        1,
        2,
        2,
        1,
        1,
        1
    ],
    "goalProgCrashThreshold": [
        0.45024159703634076,
        0.7770516309677185,
        0.557984405838075,
        0.5470491516548641,
        0.8764934819318326,
        0.2704416784136836,
        0.45913369286134825,
        0.9080643732514782,
        0.3520076396303975,
        0.9323144692773844,
        0.28420568740023094,
        0.9079759572040749,
        0.5700164876440341,
        0.8016830616962205,
        0.8457598080689912,
        0.7621104221356882,
        0.24353447492576832,
        0.2809281411111629,
        0.322066131850822,
        0.5326674862937275,
        0.5626019434890621,
        0.7529657613473086,
        0.3771236039907848,
        0.9622705766764257,
        0.678264595378615,
        0.9565159856500809,
        0.5738827899409904,
        0.26225737997038157,
        0.4745019482050361,
        0.981008002992485,
        0.20433303889125407,
        0.939303475600147,
        0.8781931284997044
    ],
    "stim0": [
        3,
        2,
        1,
        3,
        2,
        1,
        1,
        3,
        0,
        3,
        3,
        2,
        0,
        0,
        2,
        0,
        1,
        2,
        1,
        1,
        0,
        1,
        2,
        1,
        2,
        0,
        2,
        2,
        2,
        3,
        3,
        0,
        3,
        3,
        0,
        3,
        0,
        1,
        2,
        0,
        3,
        1,
        2,
        0,
        0,
        2,
        1,
        3,
        0,
        1,
        2,
        3,
        1,
        1,
        2,
        3,
        0,
        1,
        0,
        0,
        2,
        1,
        1,
        3,
        2,
        3,
        3,
        3,
        3,
        3,
        1,
        3,
        0,
        1,
        2,
        0,
        3,
        0,
        0,
        2,
        1,
        2,
        0,
        1,
        3,
        2,
        1,
        0,
        1,
        2,
        2,
        3,
        2,
        3,
        1,
        3,
        0,
        2,
        0
    ],
    "size0": [
        15,
        16,
        16
    ],
    "rule0": [
        0
    ],
    "corKey0": [
        1,
        0,
        1,
        1,
        0,
        1,
        1,
        1,
        0,
        1,
        1,
        0,
        0,
        0,
        0,
        0,
        1,
        0,
        1,
        1,
        0,
        1,
        0,
        1,
        0,
        0,
        0,
        0,
        0,
        1,
        1,
        0,
        1,
        1,
        0,
        1,
        0,
        1,
        0,
        0,
        1,
        1,
        0,
        0,
        0,
        0,
        1,
        1,
        0,
        1,
        0,
        1,
        1,
        1,
        0,
        1,
        0,
        1,
        0,
        0,
        0,
        1,
        1,
        1,
        0,
        1,
        1,
        1,
        1,
        1,
        1,
        1,
        0,
        1,
        0,
        0,
        1,
        0,
        0,
        0,
        1,
        0,
        0,
        1,
        1,
        0,
        1,
        0,
        1,
        0,
        0,
        1,
        0,
        1,
        1,
        1,
        0,
        0,
        0
    ],
    "size1": [
        13,
        10,
        18
    ],
    "rule1": [
        0
    ],
    "corKey1": [
        1,
        0,
        1,
        1,
        0,
        1,
        1,
        1,
        0,
        1,
        1,
        0,
        0,
        0,
        0,
        0,
        1,
        0,
        1,
        1,
        0,
        1,
        0,
        1,
        0,
        0,
        0,
        0,
        0,
        1,
        1,
        0,
        1,
        1,
        0,
        1,
        0,
        1,
        0,
        0,
        1,
        1,
        0,
        0,
        0,
        0,
        1,
        1,
        0,
        1,
        0,
        1,
        1,
        1,
        0,
        1,
        0,
        1,
        0,
        0,
        0,
        1,
        1,
        1,
        0,
        1,
        1,
        1,
        1,
        1,
        1,
        1,
        0,
        1,
        0,
        0,
        1,
        0,
        0,
        0,
        1,
        0,
        0,
        1,
        1,
        0,
        1,
        0,
        1,
        0,
        0,
        1,
        0,
        1,
        1,
        1,
        0,
        0,
        0
    ],
    "size2": [
        10,
        15,
        16
    ],
    "rule2": [
        2
    ],
    "corKey2": [
        0,
        0,
        1,
        0,
        0,
        1,
        1,
        0,
        1,
        0,
        0,
        0,
        1,
        1,
        0,
        1,
        1,
        0,
        1,
        1,
        1,
        1,
        0,
        1,
        0,
        1,
        0,
        0,
        0,
        0,
        0,
        1,
        0,
        0,
        1,
        0,
        1,
        1,
        0,
        1,
        0,
        1,
        0,
        1,
        1,
        0,
        1,
        0,
        1,
        1,
        0,
        0,
        1,
        1,
        0,
        0,
        1,
        1,
        1,
        1,
        0,
        1,
        1,
        0,
        0,
        0,
        0,
        0,
        0,
        0,
        1,
        0,
        1,
        1,
        0,
        1,
        0,
        1,
        1,
        0,
        1,
        0,
        1,
        1,
        0,
        0,
        1,
        1,
        1,
        0,
        0,
        0,
        0,
        0,
        1,
        0,
        1,
        0,
        1
    ],
    "size3": [
        13,
        11,
        16
    ],
    "rule3": [
        2
    ],
    "corKey3": [
        0,
        0,
        1,
        0,
        0,
        1,
        1,
        0,
        1,
        0,
        0,
        0,
        1,
        1,
        0,
        1,
        1,
        0,
        1,
        1,
        1,
        1,
        0,
        1,
        0,
        1,
        0,
        0,
        0,
        0,
        0,
        1,
        0,
        0,
        1,
        0,
        1,
        1,
        0,
        1,
        0,
        1,
        0,
        1,
        1,
        0,
        1,
        0,
        1,
        1,
        0,
        0,
        1,
        1,
        0,
        0,
        1,
        1,
        1,
        1,
        0,
        1,
        1,
        0,
        0,
        0,
        0,
        0,
        0,
        0,
        1,
        0,
        1,
        1,
        0,
        1,
        0,
        1,
        1,
        0,
        1,
        0,
        1,
        1,
        0,
        0,
        1,
        1,
        1,
        0,
        0,
        0,
        0,
        0,
        1,
        0,
        1,
        0,
        1
    ],