{
    "fbQuantBase": [
        3,
        5,
        3
    ],
    "size0": [
        10,
        16,
        10
    ],
    "size1": [
        10,
        16,
        10
    ],
    "size2": [
        10,
        16,
        10
    ],
    "size3": [
        10,
        16,
        10
    ],
    "fbQuantCrash": [
        2,
        1,
        1,
        1,
        2,
        1,
        1,
        2,
        1,
        2,
        2,
        1,
        1,
        2,
        2,
        1,
        2,
        1,
        2,
        1,
        2,
        2,
        2,
        2,
        1,
        2,
        1,
        1,
        2,
        1,
        2,
        1,
        2,
        1,
        2,
        1,
        2,
        2,
        2,
        2,
        1,
        1,
        1,
        1,
        2,
        1,
        2,
        2,
        1,
        1,
        2,
        1,
        2,
        2,
        1,
        2,
        2,
        1,
        1,
        2,
        1,
        2,
        1,
        2,
        1,
        2,
        1,
        2,
        1,
        1,
        2,
        1,
        2,
        1,
        2,
        2,
        1,
        1,
        1,
        2,
        1,
        1,
        2,
        1,
        2,
        2,
        1,
        1,
        2,
        1,
        2,
        1,
        2,
        2,
        2,
        2,
        2,
        2,
        1,
        1
    ],
    "goalProgCrashThreshold": [
        0.655747841925333,
        0.5934488382823162,
        0.7821934350665436,
        0.7629967012394021,
        0.39120898309460944,
        0.7291222753724684,
        0.595251186888442,
        0.925555247080297,
        0.5650107925292744,
        0.5213714496560511,
        0.5340514713497769,
        0.8814761343371529,
        0.9522857245107168,
        0.48613957948910747,
        0.2948018262905621,
        0.7956896688164057,
        0.9223484215646656,
        0.36468768984219796,
        0.616952612254839,
        0.3433971875372593,
        0.3264060468260034,
        0.4060695262269234,
        0.5144769089500212,
        0.5360802492838976,
        0.6261880152432675,
        0.7905313354298915,
        0.807746953166087,
        0.658178977639257,
        0.2305635300025026,
        0.8978876855009761,
        0.7107557560627582,
        0.7357124552880301,
        0.7215778083003765,
        0.9829117460947727,
        0.9184242041128321,
        0.6010912728816914,
        0.9583417828348788,
        0.7426253952539132,
        0.20054322618389284,
        0.6337347923467417,
        0.2553210606706915,
        0.5748246251906727,
        0.9850997183703158,
        0.5020438110263215,
        0.29414167174096084,
        0.3285575317533821,
        0.5125006785523958,
        0.25074600784359763,
        0.3100502243915395,
        0.35888927900506595,
        0.6411391481003488,
        0.608496690010051,
        0.6229932202056911,
        0.8941303062522288,
        0.8753177295802133,
        0.8014716745272621,
        0.5363846800593723,
        0.6831016646943895,
        0.28254536332790314,
        0.9576612617710696,
        0.3743549085700926,
        0.9476717161229287,
        0.7701684680596819,
        0.7141160357617276,
        0.44718383633132125,
        0.37400685927417393,
        0.5642159621415805,
        0.7997609148543847,
        0.6541498151571721,
        0.8185392940829244,
        0.39628730291493597,
        0.8049351128445179,
        0.9506066916477298,
        0.5104337463857587,
        0.8932480760838233,
        0.46250094242743023,
        0.6934608818371975,
        0.3455273469945153,
        0.7348776605932965,
        0.2500666254917759,
        0.4173351026011949,
        0.46790767674570977,
        0.9107002935196489,
        0.9796340328970059,
        0.4034429885143033,
        0.21226938545708932,
        0.5669937343711486,
        0.43438659971379706,
        0.6746322388070407,
        0.6250278227093771,
        0.911488203710769,
        0.9533596784604297,
        0.28176073330571816,
        0.5360577881018338,
        0.6785409481828444,
        0.3315600919599695,
        0.2688738324871738,
        0.9714541978514268,
        0.5840432978364158,
        0.4913879579132657
    ],
    "stim0": [
        0,
        2,
        2,
        1,
        0,
        1,
        3,
        3,
        0,
        2,
        3,
        2,
        2,
        0,
        2,
        1,
        0,
        0,
        2,
        1,
        3,
        0,
        2,
        0,
        2,
        1,
        2,
        3,
        2,
        2,
        3,
        1,
        3,
        3,
        1,
        2,
        0,
        2,
        0,
        2,
        1,
        1,
        2,
        2,
        2,
        3,
        0,
        3,
        2,
        1,
        3,
        2,
        2,
        3,
        1,
        1,
        2,
        3,
        3,
        1,
        3,
        1,
        1,
        0,
        1,
        2,
        1,
        3,
        3,
        0,
        3,
        2,
        0,
        0,
        2,
        0,
        0,
        3,
        2,
        3,
        1,
        0,
        0,
        1,
        3,
        2,
        0,
        2,
        2,
        1,
        2,
        3,
        1,
        0,
        3,
        3,
        3,
        0,
        1,
        1
    ],
    "rule0": [
        0
    ],
    "corKey0": [
        0,
        0,
        0,
        1,
        0,
        1,
        1,
        1,
        0,
        0,
        1,
        0,
        0,
        0,
        0,
        1,
        0,
        0,
        0,
        1,
        1,
        0,
        0,
        0,
        0,
        1,
        0,
        1,
        0,
        0,
        1,
        1,
        1,
        1,
        1,
        0,
        0,
        0,
        0,
        0,
        1,
        1,
        0,
        0,
        0,
        1,
        0,
        1,
        0,
        1,
        1,
        0,
        0,
        1,
        1,
        1,
        0,
        1,
        1,
        1,
        1,
        1,
        1,
        0,
        1,
        0,
        1,
        1,
        1,
        0,
        1,
        0,
        0,
        0,
        0,
        0,
        0,
        1,
        0,
        1,
        1,
        0,
        0,
        1,
        1,
        0,
        0,
        0,
        0,
        1,
        0,
        1,
        1,
        0,
        1,
        1,
        1,
        0,
        1,
        1
    ],
    "rule1": [
        2
    ],
    "corKey1": [
        1,
        0,
        0,
        1,
        1,
        1,
        0,
        0,
        1,
        0,
        0,
        0,
        0,
        1,
        0,
        1,
        1,
        1,
        0,
        1,
        0,
        1,
        0,
        1,
        0,
        1,
        0,
        0,
        0,
        0,
        0,
        1,
        0,
        0,
        1,
        0,
        1,
        0,
        1,
        0,
        1,
        1,
        0,
        0,
        0,
        0,
        1,
        0,
        0,
        1,
        0,
        0,
        0,
        0,
        1,
        1,
        0,
        0,
        0,
        1,
        0,
        1,
        1,
        1,
        1,
        0,
        1,
        0,
        0,
        1,
        0,
        0,
        1,
        1,
        0,
        1,
        1,
        0,
        0,
        0,
        1,
        1,
        1,
        1,
        0,
        0,
        1,
        0,
        0,
        1,
        0,
        0,
        1,
        1,
        0,
        0,
        0,
        1,
        1,
        1
    ],
    "rule2": [
        2
    ],