{
    "fbQuantBase": [
        3,
        5,
        3
    ],
    "fbQuantCrash": [
        2,
        1,
        1,
        2,
        1,
        1,
        2,
        1,
        2,
        1,
        2,
        2,
        2,
        1,
        2,
        1,
        1,
        1,
        2,
        1,
        2,
        1,
        1,
        1,
        2,
        1,
        1,
        1,
        2,
        1,
        1,
        1,
        2,
        2,
        2,
        1,
        2,
        2,
        2,
        1,
        1,
        2,
        1,
        1,
        2,
        2,
        1,
        2,
        1,
        2,
        2,
        2,
        2,
        2,
        1,
        2,
        1,
        1,
        1,
        2,
        1,
        1,
        1,
        1,
        1,
        2,
        2,
        1,
        2,
        1,
        1,
        2,
        2,
        1,
        1,
        1,
        1,
        1,
        1,
        2
    ],
    "goalProgCrashThreshold": [
        0.9643269637443546,
        0.45437224579250635,
        0.5846087190286708,
        0.5246931403609199,
        0.22201944981977634,
        0.2358910889005924,
        0.3684141749264924,
        0.8027196302113975,
        0.516908465908348,
        0.9315702873102323,
        0.7226578559221877,
        0.6099073027040159,
        0.4320146349123686,
        0.2674710955607621,
        0.4908158738261227,
        0.7542961154079799,
        0.6372690342562765,
        0.6781142713182213,
        0.9400675416015627,
        0.7717417687914183,
        0.20415465570415467,
        0.6520616215262597,
        0.5317312794538545,
        0.4272452228770154,
        0.3776351333389123,
        0.4565062661721162,
        0.9243782315869216,
        0.7363624001521245,
        0.2581461432737028,
        0.4693403175006348,
        0.7878923572716929,
        0.2620562089111955,
        0.9080555291040844,
        0.21075061042604182,
        0.30262068765580885,
        0.3247155100108927,
        0.7272865381700293,
        0.8529600568685725,
        0.2281928185996588,
        0.5258518998121323,
        0.9633085200140321,
        0.3789546809743165,
        0.8544557704559639,
        0.7962372272018234,
        0.7579108277853783,
        0.5167253002540646,
        0.9541224872304357,
        0.33495774000791356,
        0.21173730008172972,
        0.583373624646816,
        0.7372891100714911,
        0.2729010388197442,
        0.7911034329327997,
        0.7440064856740418,
        0.425200189092453,
        0.838754602373307,
        0.970429456583342,
        0.934957771209594,
        0.3945860537703434,
        0.5854062565484888,
        0.9380995131417538,
        0.752538091162072,
        0.6269683576754763,
        0.6892105092314422,
        0.689256270377516,
        0.516902513690882,
        0.6578948439514198,
        0.9011840830378819,
        0.7913962688419027,
        0.6257110069382676,
        0.5210292326266526,
        0.573966351327464,
        0.6632789224283153,
        0.26555123631935174,
        0.2971723068628146,
        0.7921391865569218,
        0.8225128577786369,
        0.6324929343146786,
        0.4030858295119972,
        0.6402156495911562
    ],
    "stim0": [
        0,
        3,
        0,
        2,
        1,
        2,
        0,
        0,
        3,
        1,
        2,
        3,
        3,
        1,
        3,
        3,
        2,
        1,
        0,
        0,
        0,
        1,
        3,
        2,
        3,
        3,
        2,
        2,
        2,
        0,
        2,
        3,
        0,
        1,
        1,
        3,
        0,
        0,
        2,
        3,
        3,
        2,
        3,
        1,
        0,
        3,
        0,
        2,
        2,
        3,
        3,
        3,
        0,
        1,
        3,
        3,
        1,
        1,
        0,
        0,
        1,
        3,
        0,
        0,
        3,
        2,
        2,
        3,
        3,
        2,
        0,
        3,
        1,
        2,
        2,
        1,
        2,
        2,
        3,
        2,
        1,
        3,
        2,
        1,
        2,
        2,
        3,
        1,
        3,
        2,
        0,
        1,
        1,
        3,
        3,
        1,
        2,
        0,
        2,
        3,
        2,
        2,
        3,
        0,
        3,
        2,
        0,
        3,
        0,
        2,
        3,
        1,
        1,
        3,
        1,
        1,
        0,
        3,
        1,
        0,
        2,
        0,
        3,
        0,
        3,
        1,
        3,
        0,
        1,
        1,
        1,
        0,
        0,
        2,
        3,
        0,
        1,
        2,
        0,
        0,
        1,
        3,
        0,
        2,
        0,
        3,
        0,
        0,
        2,
        2,
        3,
        0,
        3,
        3,
        2,
        0,
        2,
        0,
        3,
        2,
        3,
        3,
        1,
        3,
        2,
        3,
        1,
        1,
        1,
        1,
        1,
        0,
        2,
        2,
        0,
        1,
        3,
        2,
        1,
        2,
        1,
        3,
        1,
        0,
        3,
        1,
        0,
        0,
        1,
        2,
        3,
        3,
        0,
        1,
        2,
        0,
        3,
        2,
        2,
        1,
        3,
        2,
        1,
        1,
        0,
        0,
        0,
        3,
        2,
        1,
        2,
        0,
        3,
        2,
        2,
        0,
        2,
        2,
        3,
        3,
        3,
        2,
        1,
        1,
        1,
        1,
        2,
        0,
        2,
        3,
        2,
        3,
        0,
        0,
        0,
        0,
        3,
        3,
        3,
        1
    ],
    "size0": [
        20,
        20,
        11
    ],
    "rule0": [
        0
    ],