{
    "fbQuantBase": [
        3,
        5,
        3
    ],
    "size0": [
        10,
        16,
        10
    ],
    "size1": [
        10,
        16,
        10
    ],
    "size2": [
        10,
        16,
        10
    ],
    "size3": [
        10,
        16,
        10
    ],
    "fbQuantCrash": [
        2,
        1,
        2,
        2,
        1,
        2,
        1,
        1,
        2,
        1,
        2,
        1,
        2,
        2,
        2,
        1,
        2,
        2,
        2,
        1,
        2,
        2,
        2,
        1,
        1,
        1,
        2,
        2,
        1,
        2,
        1,
        1,
        2,
        2,
        1,
        2,
        1,
        2,
        2,
        2,
        2,
        1,
        1,
        2,
        2,
        1,
        1,
        2,
        2,
        2,
        2,
        2,
        1,
        2,
        1,
        1,
        1,
        1,
        1,
        2,
        2,
        1,
        2,
        2,
        2,
        1,
        2,
        1,
        1,
        2,
        1,
        2,
        2,
        2,
        2,
        2,
        1,
        2,
        1,
        1,
        1,
        2,
        2,
        2,
        2,
        1,
        1,
        2,
        2,
        1,
        2,
        2,
        1,
        1,
        1,
        1,
        1,
        2,
        1,
        1
    ],
    "goalProgCrashThreshold": [
        0.6000546833407674,
        0.7375237581882808,
        0.9818064538742035,
        0.3435624426402959,
        0.8425229652339237,
        0.4730124346663739,
        0.3792094981756818,
        0.7139200824728964,
        0.4415221599847118,
        0.6587234692462967,
        0.40447850111976513,
        0.6745157718057033,
        0.44283609343368185,
        0.600648264215442,
        0.43662094033996895,
        0.37529556461076663,
        0.7478679942434703,
        0.42098940552463565,
        0.3374426830630419,
        0.3315649140352983,
        0.28082903268229464,
        0.8849215864819298,
        0.9624324134303412,
        0.8031096405350266,
        0.7095442487984183,
        0.6569670536577004,
        0.8427188533690464,
        0.36567081865438955,
        0.85371970433839,
        0.3127881672659629,
        0.8809132108253415,
        0.5149963681746754,
        0.7922165661987652,
        0.6927507329470073,
        0.20989861481311653,
        0.22159668381404105,
        0.37236348247553414,
        0.2936544102939281,
        0.9017075120475935,
        0.4614331572109735,
        0.2898239194258735,
        0.635803990373315,
        0.7555455732987666,
        0.36318345238580857,
        0.5256386393871121,
        0.9987777461372114,
        0.9418360748380039,
        0.31897039949665573,
        0.5756958693006407,
        0.3484144674346797,
        0.31871799107674637,
        0.3538304734981515,
        0.3923605060855973,
        0.6305958140305195,
        0.20154404149012778,
        0.350303635942453,
        0.6717236740762369,
        0.6203167013599828,
        0.5027402562857288,
        0.5732067291844462,
        0.6836792154386099,
        0.749899151455854,
        0.6364099220704867,
        0.8591522517623804,
        0.22651183967120866,
        0.7642969987848769,
        0.4470770310291422,
        0.6582185046724172,
        0.9265782152042976,
        0.20958614853076007,
        0.7162946542292621,
        0.8991790022899717,
        0.6926136320040517,
        0.5491667162860823,
        0.43059299232858844,
        0.9838303314582786,
        0.6886120945790892,
        0.5692254700295925,
        0.3457114894578617,
        0.9194315733907568,
        0.3931811591928067,
        0.36092166906284806,
        0.5066636191137035,
        0.2729992259002265,
        0.6383080932610825,
        0.22019062495704597,
        0.5264465234641597,
        0.548706213487194,
        0.6431678973993394,
        0.5279390299545207,
        0.8704950891115513,
        0.9440944745441224,
        0.6975842232596121,
        0.46209043885933626,
        0.5818603753546308,
        0.7394018055819376,
        0.7831581227521527,
        0.4325781798007704,
        0.4695288336256318,
        0.3244885165126985
    ],
    "stim0": [
        0,
        0,
        3,
        0,
        1,
        3,
        0,
        2,
        1,
        1,
        1,
        2,
        0,
        2,
        0,
        1,
        3,
        1,
        3,
        1,
        0,
        3,
        3,
        3,
        3,
        3,
        0,
        2,
        1,
        1,
        1,
        0,
        0,
        3,
        2,
        3,
        3,
        2,
        2,
        0,
        3,
        3,
        2,
        3,
        3,
        0,
        3,
        2,
        1,
        1,
        1,
        1,
        3,
        0,
        1,
        1,
        2,
        0,
        3,
        2,
        3,
        2,
        3,
        1,
        3,
        2,
        1,
        1,
        3,
        3,
        1,
        1,
        2,
        3,
        0,
        1,
        1,
        1,
        3,
        2,
        1,
        1,
        3,
        2,
        0,
        1,
        1,
        1,
        1,
        0,
        2,
        1,
        0,
        1,
        3,
        1,
        3,
        0,
        1,
        1
    ],
    "rule0": [
        2
    ],
    "corKey0": [
        1,
        1,
        0,
        1,
        1,
        0,
        1,
        0,
        1,
        1,
        1,
        0,
        1,
        0,
        1,
        1,
        0,
        1,
        0,
        1,
        1,
        0,
        0,
        0,
        0,
        0,
        1,
        0,
        1,
        1,
        1,
        1,
        1,
        0,
        0,
        0,
        0,
        0,
        0,
        1,
        0,
        0,
        0,
        0,
        0,
        1,
        0,
        0,
        1,
        1,
        1,
        1,
        0,
        1,
        1,
        1,
        0,
        1,
        0,
        0,
        0,
        0,
        0,
        1,
        0,
        0,
        1,
        1,
        0,
        0,
        1,
        1,
        0,
        0,
        1,
        1,
        1,
        1,
        0,
        0,
        1,
        1,
        0,
        0,
        1,
        1,
        1,
        1,
        1,
        1,
        0,
        1,
        1,
        1,
        0,
        1,
        0,
        1,
        1,
        1
    ],
    "rule1": [
        0
    ],
    "corKey1": [
        0,
        0,
        1,
        0,
        1,
        1,
        0,
        0,
        1,
        1,
        1,
        0,
        0,
        0,
        0,
        1,
        1,
        1,
        1,
        1,
        0,
        1,
        1,
        1,
        1,
        1,
        0,
        0,
        1,
        1,
        1,
        0,
        0,
        1,
        0,
        1,
        1,
        0,
        0,
        0,
        1,
        1,
        0,
        1,
        1,
        0,
        1,
        0,
        1,
        1,
        1,
        1,
        1,
        0,
        1,
        1,
        0,
        0,
        1,
        0,
        1,
        0,
        1,
        1,
        1,
        0,
        1,
        1,
        1,
        1,
        1,
        1,
        0,
        1,
        0,
        1,
        1,
        1,
        1,
        0,
        1,
        1,
        1,
        0,
        0,
        1,
        1,
        1,
        1,
        0,
        0,
        1,
        0,
        1,
        1,
        1,
        1,
        0,
        1,
        1
    ],
    "rule2": [
        0
    ],