{
    "fbQuantBase": [
        3,
        5,
        3
    ],
    "size0": [
        10,
        16,
        10
    ],
    "size1": [
        10,
        16,
        10
    ],
    "size2": [
        10,
        16,
        10
    ],
    "size3": [
        10,
        16,
        10
    ],
    "fbQuantCrash": [
        2,
        1,
        1,
        1,
        1,
        1,
        2,
        2,
        1,
        2,
        1,
        2,
        2,
        1,
        1,
        1,
        1,
        1,
        2,
        1,
        2,
        1,
        2,
        2,
        2,
        2,
        1,
        1,
        1,
        2,
        2,
        2,
        1,
        1,
        1,
        2,
        2,
        2,
        1,
        2,
        2,
        2,
        2,
        2,
        1,
        1,
        1,
        2,
        2,
        2,
        2,
        1,
        2,
        2,
        2,
        2,
        2,
        1,
        1,
        2,
        2,
        2,
        1,
        1,
        1,
        1,
        2,
        1,
        2,
        1,
        1,
        1,
        1,
        2,
        1,
        2,
        1,
        1,
        1,
        1,
        2,
        2,
        2,
        1,
        2,
        2,
        1,
        2,
        1,
        1,
        2,
        2,
        1,
        1,
        2,
        2,
        2,
        2,
        1,
        2
    ],
    "goalProgCrashThreshold": [
        0.5610982044010427,
        0.5661902860261823,
        0.5136556469986902,
        0.6502280841184109,
        0.27585098472679803,
        0.28218923742704205,
        0.6022995091464406,
        0.6101433562774754,
        0.29746210389372885,
        0.9805516128899059,
        0.6450857187857865,
        0.7388707512938948,
        0.38311204599341453,
        0.3968165647406773,
        0.6781443501268827,
        0.7555110542480439,
        0.9700367910578729,
        0.9576775273403708,
        0.49707942159371843,
        0.9757193833242419,
        0.38692019112331777,
        0.7941951671047911,
        0.2273819675316333,
        0.285963345043128,
        0.32624838094791964,
        0.46229608434962116,
        0.6219342058446817,
        0.7184611776379111,
        0.7883778180218095,
        0.7515332769538692,
        0.3762939678902226,
        0.36735946014229737,
        0.6699040540053132,
        0.623038389236483,
        0.6554452420907539,
        0.9995864932338436,
        0.7644273657282723,
        0.2174091245747216,
        0.21323966445317988,
        0.7755322539739051,
        0.42694489982999984,
        0.6871634191917602,
        0.8796873128783183,
        0.29263166224158826,
        0.6402232655523776,
        0.23388327200340608,
        0.8918843264235801,
        0.7645737927655676,
        0.834387100095078,
        0.29103431117598966,
        0.2809405587184219,
        0.5702627205716144,
        0.5895677688038652,
        0.25037687168384465,
        0.5958325503565896,
        0.7200562624619564,
        0.9541191289335875,
        0.7661753324599356,
        0.404561238245229,
        0.6269099546235198,
        0.9329727958266609,
        0.990330693653718,
        0.6997956704797512,
        0.9391129107771141,
        0.38616220310797406,
        0.3535338316941359,
        0.37871690165513283,
        0.5708539342095152,
        0.737739259446315,
        0.6235455106798258,
        0.4981307879838431,
        0.8032374748965847,
        0.43457786120062053,
        0.3739825517792918,
        0.3694860536512741,
        0.8044210995647365,
        0.6317970227843659,
        0.6401568496663808,
        0.3680672836706047,
        0.7523061569783476,
        0.5393583790062442,
        0.7016332395537299,
        0.9003703776087522,
        0.25514619118477855,
        0.4407537169322384,
        0.37202520500973696,
        0.8739300266621481,
        0.46361050384653435,
        0.30041562730603855,
        0.7894331481126582,
        0.5003046121893049,
        0.6952136510205502,
        0.21958325998855469,
        0.911121241626766,
        0.25039270893662896,
        0.5972679403816957,
        0.8802158704363197,
        0.9101085727254523,
        0.48757562269674093,
        0.23357154335760255
    ],
    "stim0": [
        0,
        0,
        1,
        2,
        1,
        3,
        2,
        2,
        0,
        1,
        0,
        3,
        0,
        3,
        2,
        0,
        2,
        3,
        2,
        1,
        1,
        3,
        1,
        0,
        1,
        2,
        0,
        3,
        0,
        0,
        1,
        1,
        1,
        1,
        1,
        3,
        0,
        1,
        1,
        1,
        0,
        0,
        0,
        1,
        1,
        1,
        2,
        3,
        1,
        1,
        3,
        1,
        0,
        1,
        1,
        2,
        2,
        2,
        2,
        2,
        0,
        1,
        0,
        0,
        1,
        3,
        2,
        0,
        3,
        1,
        0,
        2,
        0,
        0,
        0,
        1,
        0,
        3,
        2,
        2,
        1,
        1,
        0,
        0,
        0,
        1,
        1,
        3,
        2,
        3,
        0,
        0,
        3,
        3,
        1,
        0,
        2,
        0,
        0,
        3
    ],
    "rule0": [
        2
    ],
    "corKey0": [
        1,
        1,
        1,
        0,
        1,
        0,
        0,
        0,
        1,
        1,
        1,
        0,
        1,
        0,
        0,
        1,
        0,
        0,
        0,
        1,
        1,
        0,
        1,
        1,
        1,
        0,
        1,
        0,
        1,
        1,
        1,
        1,
        1,
        1,
        1,
        0,
        1,
        1,
        1,
        1,
        1,
        1,
        1,
        1,
        1,
        1,
        0,
        0,
        1,
        1,
        0,
        1,
        1,
        1,
        1,
        0,
        0,
        0,
        0,
        0,
        1,
        1,
        1,
        1,
        1,
        0,
        0,
        1,
        0,
        1,
        1,
        0,
        1,
        1,
        1,
        1,
        1,
        0,
        0,
        0,
        1,
        1,
        1,
        1,
        1,
        1,
        1,
        0,
        0,
        0,
        1,
        1,
        0,
        0,
        1,
        1,
        0,
        1,
        1,
        0
    ],
    "rule1": [
        0
    ],
    "corKey1": [
        0,
        0,
        1,
        0,
        1,
        1,
        0,
        0,
        0,
        1,
        0,
        1,
        0,
        1,
        0,
        0,
        0,
        1,
        0,
        1,
        1,
        1,
        1,
        0,
        1,
        0,
        0,
        1,
        0,
        0,
        1,
        1,
        1,
        1,
        1,
        1,
        0,
        1,
        1,
        1,
        0,
        0,
        0,
        1,
        1,
        1,
        0,
        1,
        1,
        1,
        1,
        1,
        0,
        1,
        1,
        0,
        0,
        0,
        0,
        0,
        0,
        1,
        0,
        0,
        1,
        1,
        0,
        0,
        1,
        1,
        0,
        0,
        0,
        0,
        0,
        1,
        0,
        1,
        0,
        0,
        1,
        1,
        0,
        0,
        0,
        1,
        1,
        1,
        0,
        1,
        0,
        0,
        1,
        1,
        1,
        0,
        0,
        0,
        0,
        1
    ],
    "rule2": [
        2
    ],