{
    "fbQuantBase": [
        3,
        5,
        3
    ],
    "fbQuantCrash": [
        1,
        1,
        2,
        2,
        2,
        2,
        1,
        1,
        2,
        2,
        2,
        2,
        2,
        2,
        1,
        1,
        1,
        1,
        2,
        1,
        1,
        2,
        2,
        2,
        2,
        2,
        2,
        1,
        1,
        1,
        1,
        2,
        1
    ],
    "goalProgCrashThreshold": [
        0.6419324489657641,
        0.3705689301504542,
        0.6177094870961155,
        0.9619287800224938,
        0.5500197083930001,
        0.935166660636199,
        0.33421740994301463,
        0.8518600939084366,
        0.2690113348555708,
        0.32915149020281464,
        0.803121558082815,
        0.9325993943718967,
        0.2876186925878497,
        0.5031522600770373,
        0.45070178652164633,
        0.990674406062003,
        0.763695129998702,
        0.7051647767235942,
        0.7057587981630065,
        0.5420531462336924,
        0.377586592962027,
        0.4037217759532308,
        0.891432954663562,
        0.5331836687305405,
        0.22436313038880418,
        0.41606035630901356,
        0.7726526527802766,
        0.7749034134210719,
        0.9849194888704678,
        0.8351945679123352,
        0.2719825318610014,
        0.5773553844614041,
        0.9800530550387434
    ],
    "stim0": [
        0,
        2,
        2,
        1,
        0,
        2,
        1,
        1,
        3,
        3,
        0,
        0,
        1,
        1,
        1,
        0,
        0,
        1,
        3,
        1,
        3,
        0,
        1,
        3,
        3,
        2,
        1,
        2,
        0,
        0,
        3,
        0,
        3,
        3,
        2,
        0,
        1,
        1,
        0,
        3,
        1,
        0,
        2,
        3,
        2,
        2,
        1,
        0,
        1,
        2,
        0,
        1,
        0,
        3,
        1,
        3,
        0,
        2,
        2,
        0,
        1,
        3,
        3,
        0,
        0,
        1,
        3,
        3,
        2,
        0,
        2,
        1,
        2,
        0,
        2,
        2,
        1,
        1,
        0,
        2,
        2,
        3,
        0,
        1,
        3,
        0,
        3,
        0,
        2,
        2,
        0,
        0,
        0,
        2,
        2,
        3,
        3,
        3,
        2
    ],
    "size0": [
        13,
        17,
        17
    ],
    "rule0": [
        1
    ],
    "corKey0": [
        1,
        1,
        1,
        0,
        1,
        1,
        0,
        0,
        0,
        0,
        1,
        1,
        0,
        0,
        0,
        1,
        1,
        0,
        0,
        0,
        0,
        1,
        0,
        0,
        0,
        1,
        0,
        1,
        1,
        1,
        0,
        1,
        0,
        0,
        1,
        1,
        0,
        0,
        1,
        0,
        0,
        1,
        1,
        0,
        1,
        1,
        0,
        1,
        0,
        1,
        1,
        0,
        1,
        0,
        0,
        0,
        1,
        1,
        1,
        1,
        0,
        0,
        0,
        1,
        1,
        0,
        0,
        0,
        1,
        1,
        1,
        0,
        1,
        1,
        1,
        1,
        0,
        0,
        1,
        1,
        1,
        0,
        1,
        0,
        0,
        1,
        0,
        1,
        1,
        1,
        1,
        1,
        1,
        1,
        1,
        0,
        0,
        0,
        1
    ],
    "size1": [
        16,
        15,
        14
    ],
    "rule1": [
        1
    ],
    "corKey1": [
        1,
        1,
        1,
        0,
        1,
        1,
        0,
        0,
        0,
        0,
        1,
        1,
        0,
        0,
        0,
        1,
        1,
        0,
        0,
        0,
        0,
        1,
        0,
        0,
        0,
        1,
        0,
        1,
        1,
        1,
        0,
        1,
        0,
        0,
        1,
        1,
        0,
        0,
        1,
        0,
        0,
        1,
        1,
        0,
        1,
        1,
        0,
        1,
        0,
        1,
        1,
        0,
        1,
        0,
        0,
        0,
        1,
        1,
        1,
        1,
        0,
        0,
        0,
        1,
        1,
        0,
        0,
        0,
        1,
        1,
        1,
        0,
        1,
        1,
        1,
        1,
        0,
        0,
        1,
        1,
        1,
        0,
        1,
        0,
        0,
        1,
        0,
        1,
        1,
        1,
        1,
        1,
        1,
        1,
        1,
        0,
        0,
        0,
        1
    ],
    "size2": [
        12,
        16,
        20
    ],
    "rule2": [
        2
    ],
    "corKey2": [
        1,
        0,
        0,
        1,
        1,
        0,
        1,
        1,
        0,
        0,
        1,
        1,
        1,
        1,
        1,
        1,
        1,
        1,
        0,
        1,
        0,
        1,
        1,
        0,
        0,
        0,
        1,
        0,
        1,
        1,
        0,
        1,
        0,
        0,
        0,
        1,
        1,
        1,
        1,
        0,
        1,
        1,
        0,
        0,
        0,
        0,
        1,
        1,
        1,
        0,
        1,
        1,
        1,
        0,
        1,
        0,
        1,
        0,
        0,
        1,
        1,
        0,
        0,
        1,
        1,
        1,
        0,
        0,
        0,
        1,
        0,
        1,
        0,
        1,
        0,
        0,
        1,
        1,
        1,
        0,
        0,
        0,
        1,
        1,
        0,
        1,
        0,
        1,
        0,
        0,
        1,
        1,
        1,
        0,
        0,
        0,
        0,
        0,
        0
    ],
    "size3": [
        11,
        11,
        13
    ],
    "rule3": [
        2
    ],
    "corKey3": [
        1,
        0,
        0,
        1,
        1,
        0,
        1,
        1,
        0,
        0,
        1,
        1,
        1,
        1,
        1,
        1,
        1,
        1,
        0,
        1,
        0,
        1,
        1,
        0,
        0,
        0,
        1,
        0,
        1,
        1,
        0,
        1,
        0,
        0,
        0,
        1,
        1,
        1,
        1,
        0,
        1,
        1,
        0,
        0,
        0,
        0,
        1,
        1,
        1,
        0,
        1,
        1,
        1,
        0,
        1,
        0,
        1,
        0,
        0,
        1,
        1,
        0,
        0,
        1,
        1,
        1,
        0,
        0,
        0,
        1,
        0,
        1,
        0,
        1,
        0,
        0,
        1,
        1,
        1,
        0,
        0,
        0,
        1,
        1,
        0,
        1,
        0,
        1,
        0,
        0,
        1,
        1,
        1,
        0,
        0,
        0,
        0,
        0,
        0
    ],