{
    "fbQuantBase": [
        3,
        5,
        3
    ],
    "fbQuantCrash": [
        2,
        1,
        1,
        2,
        2,
        1,
        1,
        1,
        2,
        1,
        1,
        1,
        2,
        1,
        1,
        2,
        2,
        1,
        1,
        2,
        1,
        1,
        2,
        2,
        1,
        1,
        1,
        1,
        1,
        2,
        1,
        2,
        2,
        2,
        1,
        2,
        2,
        2,
        1,
        2,
        2,
        2,
        1,
        2,
        1,
        2,
        2,
        1,
        1,
        2,
        2,
        1,
        2,
        2,
        1,
        2,
        1,
        2,
        2,
        1,
        2,
        1,
        1,
        2,
        1,
        1,
        2,
        1,
        1,
        1,
        2,
        1,
        2,
        2,
        2,
        1,
        2,
        1,
        1,
        1
    ],
    "goalProgCrashThreshold": [
        0.6789775334400835,
        0.433642636525428,
        0.6186713115414404,
        0.3407414767974151,
        0.4584130556865195,
        0.5967762564021302,
        0.6239099095964853,
        0.7319929919894195,
        0.3185518765370877,
        0.9431588592519562,
        0.5756016698519861,
        0.994882056638789,
        0.6335336496772541,
        0.22819468675752638,
        0.5147107910154199,
        0.20012345851789004,
        0.6675295557887948,
        0.7087941577703005,
        0.35956899251256336,
        0.986515737452492,
        0.44783008637026145,
        0.49711837004223264,
        0.8261137773609095,
        0.4751482046537784,
        0.7578645135631368,
        0.27730996431659155,
        0.5955160956904422,
        0.2683051768014175,
        0.2326533703708229,
        0.5444491226539894,
        0.23831383794889824,
        0.5271805819778042,
        0.7092856961952283,
        0.8158806390533537,
        0.7854536611716456,
        0.8351713635374651,
        0.9479253697281325,
        0.7985876576587894,
        0.6185503411550584,
        0.4521459951509731,
        0.9728422450255532,
        0.3412411052344203,
        0.42816331129322444,
        0.6795000807799504,
        0.20015626045624846,
        0.4908970271182767,
        0.524841723140878,
        0.845547337396668,
        0.2995360430516567,
        0.7982891345576821,
        0.9114460579215298,
        0.41003531446363467,
        0.6945228834489099,
        0.38613116619553733,
        0.6234956411751424,
        0.6260195404080325,
        0.897361809111832,
        0.9096241134609284,
        0.374024770286339,
        0.28246652394924365,
        0.36055677483327386,
        0.6251206026524792,
        0.7045225310428029,
        0.643513152983906,
        0.3266780279478952,
        0.7379120455312649,
        0.6637394860276276,
        0.5441759347408476,
        0.39285349215896787,
        0.7678062862276245,
        0.9647645297370351,
        0.3897402810766808,
        0.7155750137913384,
        0.6849498304994701,
        0.8079709829061377,
        0.590670011607479,
        0.9152285085568532,
        0.539693715829417,
        0.988388071314108,
        0.7449467971156489
    ],
    "stim0": [
        3,
        2,
        1,
        2,
        3,
        3,
        3,
        3,
        2,
        3,
        3,
        1,
        3,
        3,
        3,
        2,
        0,
        1,
        0,
        2,
        0,
        1,
        2,
        2,
        2,
        3,
        2,
        1,
        2,
        0,
        2,
        2,
        2,
        2,
        2,
        0,
        3,
        2,
        0,
        0,
        0,
        3,
        3,
        3,
        3,
        2,
        0,
        0,
        0,
        1,
        0,
        1,
        2,
        2,
        3,
        0,
        0,
        3,
        1,
        3,
        1,
        2,
        0,
        3,
        3,
        2,
        0,
        2,
        0,
        0,
        1,
        3,
        0,
        2,
        0,
        2,
        1,
        3,
        0,
        3,
        2,
        3,
        1,
        3,
        2,
        3,
        1,
        3,
        1,
        2,
        1,
        0,
        3,
        0,
        0,
        2,
        3,
        0,
        0,
        3,
        0,
        0,
        2,
        1,
        2,
        2,
        0,
        1,
        2,
        1,
        0,
        1,
        2,
        1,
        1,
        3,
        2,
        3,
        2,
        1,
        0,
        3,
        0,
        2,
        2,
        1,
        1,
        0,
        3,
        0,
        2,
        0,
        2,
        2,
        0,
        0,
        2,
        0,
        0,
        1,
        0,
        1,
        3,
        3,
        2,
        1,
        2,
        0,
        1,
        0,
        2,
        0,
        1,
        1,
        2,
        1,
        2,
        3,
        0,
        2,
        0,
        0,
        3,
        2,
        1,
        2,
        2,
        3,
        2,
        2,
        3,
        2,
        0,
        1,
        1,
        2,
        2,
        3,
        0,
        3,
        1,
        1,
        1,
        1,
        0,
        1,
        1,
        1,
        0,
        2,
        0,
        1,
        2,
        1,
        3,
        2,
        1,
        1,
        2,
        1,
        0,
        3,
        0,
        2,
        0,
        2,
        1,
        1,
        1,
        3,
        1,
        1,
        0,
        0,
        2,
        0,
        1,
        3,
        2,
        1,
        2,
        0,
        2,
        2,
        1,
        1,
        2,
        1,
        2,
        0,
        3,
        3,
        1,
        0,
        0,
        2,
        0,
        2,
        1,
        0
    ],
    "size0": [
        12,
        10,
        11
    ],
    "rule0": [
        3
    ],