{
    "fbQuantBase": [
        3,
        5,
        3
    ],
    "size0": [
        10,
        16,
        10
    ],
    "size1": [
        10,
        16,
        10
    ],
    "size2": [
        10,
        16,
        10
    ],
    "size3": [
        10,
        16,
        10
    ],
    "fbQuantCrash": [
        2,
        2,
        1,
        1,
        2,
        1,
        1,
        2,
        2,
        1,
        1,
        2,
        1,
        1,
        1,
        2,
        2,
        1,
        2,
        1,
        2,
        1,
        1,
        1,
        2,
        1,
        1,
        1,
        1,
        1,
        1,
        2,
        2,
        1,
        1,
        2,
        2,
        1,
        2,
        2,
        1,
        1,
        2,
        2,
        2,
        2,
        1,
        1,
        2,
        2,
        1,
        2,
        1,
        2,
        2,
        1,
        2,
        1,
        2,
        1,
        2,
        1,
        2,
        2,
        2,
        1,
        1,
        1,
        1,
        1,
        2,
        1,
        1,
        2,
        2,
        1,
        2,
        1,
        1,
        1,
        2,
        2,
        2,
        1,
        2,
        1,
        1,
        2,
        2,
        2,
        1,
        1,
        1,
        1,
        2,
        1,
        1,
        2,
        1,
        2
    ],
    "goalProgCrashThreshold": [
        0.8628898605187221,
        0.28419338414586603,
        0.9414316807639429,
        0.6867314163993989,
        0.752821659789118,
        0.6482947002826989,
        0.6548605523383013,
        0.313545648925824,
        0.586301921953539,
        0.8251809421012195,
        0.6319470645255951,
        0.29859895593486513,
        0.9267290857009545,
        0.5487963507839085,
        0.9285615418487054,
        0.9077023194499727,
        0.4753683788283888,
        0.43773812868787787,
        0.497693013747032,
        0.9622018467211271,
        0.24202176337625814,
        0.21005947732955282,
        0.7398558556489379,
        0.6277473448451021,
        0.442839454195462,
        0.3276639033275689,
        0.30828177495792863,
        0.8770390358548943,
        0.4866299040533239,
        0.6608591356794814,
        0.27782048540440774,
        0.6803587736650518,
        0.3042989138228414,
        0.8868246395788872,
        0.4110597305001445,
        0.34045519395665,
        0.38353122957447144,
        0.8335602921742813,
        0.523975728498681,
        0.24690798251037294,
        0.7834405931332942,
        0.30124307561471,
        0.8638938772757656,
        0.9169397634456808,
        0.3455664222502629,
        0.28318941844201034,
        0.5924509456662788,
        0.8764253247367408,
        0.6255944491325163,
        0.20647519777105208,
        0.887905441017695,
        0.6041223663861169,
        0.921483834778636,
        0.8693914501508346,
        0.7612307002651899,
        0.8887669202949444,
        0.8010176491043555,
        0.20174379717631094,
        0.6236224469801522,
        0.3831290244517341,
        0.9853184050903383,
        0.5021824066225339,
        0.5912765442365968,
        0.49994328321461795,
        0.4185392723645766,
        0.6080220386486307,
        0.395562652986687,
        0.5497736937739879,
        0.7519884196731674,
        0.4676054219924628,
        0.6368405030060363,
        0.4296811411649885,
        0.427852140371318,
        0.9116179993529152,
        0.9751211596608547,
        0.6971221243855276,
        0.6299565897159733,
        0.3752988466832179,
        0.3070997682786928,
        0.3881695064928403,
        0.4296403896300891,
        0.25382235352697696,
        0.4447488339625628,
        0.6122475715196527,
        0.9668462283235775,
        0.2577828155111898,
        0.4412040931386833,
        0.4383529028020669,
        0.8768889015587784,
        0.5691579612588138,
        0.905999321485101,
        0.7443939995555613,
        0.26830036732754314,
        0.5472613685045579,
        0.5098423316724846,
        0.3102584903174177,
        0.9171169431184605,
        0.43442809659231774,
        0.8629003446707955,
        0.2432700131978492
    ],
    "stim0": [
        3,
        2,
        0,
        0,
        1,
        2,
        3,
        3,
        0,
        2,
        2,
        1,
        3,
        0,
        1,
        1,
        0,
        2,
        3,
        0,
        2,
        2,
        2,
        2,
        1,
        0,
        3,
        1,
        1,
        3,
        2,
        0,
        1,
        1,
        1,
        2,
        2,
        0,
        2,
        3,
        2,
        2,
        3,
        3,
        2,
        1,
        3,
        1,
        0,
        2,
        1,
        1,
        1,
        2,
        1,
        1,
        2,
        1,
        1,
        0,
        2,
        1,
        0,
        2,
        3,
        1,
        2,
        3,
        0,
        3,
        3,
        0,
        1,
        2,
        0,
        2,
        3,
        3,
        2,
        3,
        2,
        0,
        1,
        0,
        2,
        0,
        3,
        2,
        2,
        2,
        1,
        0,
        0,
        0,
        0,
        0,
        3,
        1,
        1,
        0
    ],
    "rule0": [
        1
    ],
    "corKey0": [
        0,
        1,
        1,
        1,
        0,
        1,
        0,
        0,
        1,
        1,
        1,
        0,
        0,
        1,
        0,
        0,
        1,
        1,
        0,
        1,
        1,
        1,
        1,
        1,
        0,
        1,
        0,
        0,
        0,
        0,
        1,
        1,
        0,
        0,
        0,
        1,
        1,
        1,
        1,
        0,
        1,
        1,
        0,
        0,
        1,
        0,
        0,
        0,
        1,
        1,
        0,
        0,
        0,
        1,
        0,
        0,
        1,
        0,
        0,
        1,
        1,
        0,
        1,
        1,
        0,
        0,
        1,
        0,
        1,
        0,
        0,
        1,
        0,
        1,
        1,
        1,
        0,
        0,
        1,
        0,
        1,
        1,
        0,
        1,
        1,
        1,
        0,
        1,
        1,
        1,
        0,
        1,
        1,
        1,
        1,
        1,
        0,
        0,
        0,
        1
    ],
    "rule1": [
        1
    ],
    "corKey1": [
        0,
        1,
        1,
        1,
        0,
        1,
        0,
        0,
        1,
        1,
        1,
        0,
        0,
        1,
        0,
        0,
        1,
        1,
        0,
        1,
        1,
        1,
        1,
        1,
        0,
        1,
        0,
        0,
        0,
        0,
        1,
        1,
        0,
        0,
        0,
        1,
        1,
        1,
        1,
        0,
        1,
        1,
        0,
        0,
        1,
        0,
        0,
        0,
        1,
        1,
        0,
        0,
        0,
        1,
        0,
        0,
        1,
        0,
        0,
        1,
        1,
        0,
        1,
        1,
        0,
        0,
        1,
        0,
        1,
        0,
        0,
        1,
        0,
        1,
        1,
        1,
        0,
        0,
        1,
        0,
        1,
        1,
        0,
        1,
        1,
        1,
        0,
        1,
        1,
        1,
        0,
        1,
        1,
        1,
        1,
        1,
        0,
        0,
        0,
        1
    ],
    "rule2": [
        3
    ],