{
    "fbQuantBase": [
        3,
        5,
        3
    ],
    "size0": [
        10,
        16,
        10
    ],
    "size1": [
        10,
        16,
        10
    ],
    "size2": [
        10,
        16,
        10
    ],
    "size3": [
        10,
        16,
        10
    ],
    "fbQuantCrash": [
        1,
        2,
        1,
        1,
        2,
        1,
        1,
        1,
        2,
        1,
        2,
        1,
        2,
        1,
        1,
        2,
        2,
        1,
        2,
        1,
        1,
        1,
        1,
        1,
        2,
        2,
        1,
        2,
        1,
        2,
        2,
        2,
        1,
        2,
        1,
        1,
        1,
        2,
        1,
        1,
        2,
        1,
        2,
        2,
        2,
        1,
        2,
        2,
        1,
        1,
        1,
        1,
        2,
        2,
        1,
        2,
        2,
        1,
        2,
        1,
        1,
        2,
        2,
        2,
        1,
        1,
        1,
        1,
        1,
        1,
        2,
        2,
        1,
        1,
        2,
        1,
        1,
        2,
        2,
        1,
        1,
        1,
        2,
        2,
        2,
        2,
        1,
        2,
        2,
        1,
        2,
        2,
        1,
        2,
        1,
        1,
        2,
        1,
        2,
        2
    ],
    "goalProgCrashThreshold": [
        0.4734820332890314,
        0.2833030194833387,
        0.9066165292925967,
        0.4063113847074342,
        0.43071141306534283,
        0.7715242764103689,
        0.38584177163936295,
        0.24864584371570136,
        0.9942417212337897,
        0.34031993167242885,
        0.7144721117017574,
        0.2322263121089419,
        0.7321849410052863,
        0.9829750143727471,
        0.8337026039350415,
        0.4802633803124722,
        0.593331243883195,
        0.2697821853368659,
        0.8676301887496309,
        0.28951368837148,
        0.9565390575157882,
        0.5320341310078067,
        0.2911102051157407,
        0.6519175203096341,
        0.954722053092474,
        0.5412137635770495,
        0.3256690355640852,
        0.8358006710539752,
        0.5067592409441162,
        0.48159127967799553,
        0.44465703298410886,
        0.4495860398472089,
        0.4511457721225302,
        0.5467612280497166,
        0.7792166590063765,
        0.519253806269691,
        0.9011344867521014,
        0.7921269268058462,
        0.6507959416076942,
        0.4196494994317781,
        0.4334650008364248,
        0.8568256880367966,
        0.49923267595774545,
        0.7631441309327263,
        0.38810366229335297,
        0.705874178301386,
        0.5796175461178145,
        0.9201253889024275,
        0.9957600690951562,
        0.7837862309610772,
        0.7232257258485655,
        0.8726336228130982,
        0.7376664001354878,
        0.21719400131656325,
        0.9754753418480446,
        0.7019791734210183,
        0.8436911483109537,
        0.8124940216942462,
        0.22470910413238043,
        0.3199763326328857,
        0.6568403941162293,
        0.2869630241401173,
        0.6208476250907473,
        0.9236064996222115,
        0.3376627857125377,
        0.4092602325896393,
        0.9980300462730718,
        0.9645977427016574,
        0.5628387496920169,
        0.8271517980440368,
        0.42600941004045545,
        0.5717506289646634,
        0.39383096365637754,
        0.8323961032289977,
        0.6450854251559734,
        0.6390784129813865,
        0.9654026230499733,
        0.8859859638571013,
        0.5323438774044629,
        0.4203325653340386,
        0.23254969889024313,
        0.9651081666074439,
        0.7508692214789168,
        0.7001490370261769,
        0.6469616291349558,
        0.8820292992225245,
        0.7708992159714116,
        0.9950791368786542,
        0.9345723385025428,
        0.6720641723192398,
        0.24099159352235378,
        0.21248099831871858,
        0.40141139977605644,
        0.48682531920887134,
        0.8024542595948223,
        0.8690963190415346,
        0.6985614196056106,
        0.3961038895683977,
        0.8268036986593483,
        0.7110590781563679
    ],
    "stim0": [
        3,
        0,
        2,
        1,
        1,
        1,
        1,
        2,
        1,
        0,
        3,
        2,
        1,
        2,
        3,
        1,
        3,
        0,
        0,
        1,
        1,
        2,
        1,
        1,
        0,
        0,
        0,
        2,
        3,
        1,
        3,
        0,
        2,
        0,
        1,
        3,
        2,
        3,
        2,
        0,
        0,
        0,
        1,
        2,
        0,
        1,
        1,
        1,
        3,
        2,
        1,
        0,
        2,
        3,
        3,
        3,
        3,
        1,
        1,
        0,
        3,
        0,
        0,
        2,
        1,
        3,
        3,
        1,
        1,
        2,
        0,
        2,
        0,
        0,
        2,
        0,
        2,
        3,
        1,
        2,
        0,
        3,
        1,
        0,
        3,
        2,
        3,
        3,
        2,
        0,
        2,
        2,
        2,
        0,
        2,
        1,
        2,
        1,
        2,
        0
    ],
    "rule0": [
        2
    ],
    "corKey0": [
        0,
        1,
        0,
        1,
        1,
        1,
        1,
        0,
        1,
        1,
        0,
        0,
        1,
        0,
        0,
        1,
        0,
        1,
        1,
        1,
        1,
        0,
        1,
        1,
        1,
        1,
        1,
        0,
        0,
        1,
        0,
        1,
        0,
        1,
        1,
        0,
        0,
        0,
        0,
        1,
        1,
        1,
        1,
        0,
        1,
        1,
        1,
        1,
        0,
        0,
        1,
        1,
        0,
        0,
        0,
        0,
        0,
        1,
        1,
        1,
        0,
        1,
        1,
        0,
        1,
        0,
        0,
        1,
        1,
        0,
        1,
        0,
        1,
        1,
        0,
        1,
        0,
        0,
        1,
        0,
        1,
        0,
        1,
        1,
        0,
        0,
        0,
        0,
        0,
        1,
        0,
        0,
        0,
        1,
        0,
        1,
        0,
        1,
        0,
        1
    ],
    "rule1": [
        1
    ],
    "corKey1": [
        0,
        1,
        1,
        0,
        0,
        0,
        0,
        1,
        0,
        1,
        0,
        1,
        0,
        1,
        0,
        0,
        0,
        1,
        1,
        0,
        0,
        1,
        0,
        0,
        1,
        1,
        1,
        1,
        0,
        0,
        0,
        1,
        1,
        1,
        0,
        0,
        1,
        0,
        1,
        1,
        1,
        1,
        0,
        1,
        1,
        0,
        0,
        0,
        0,
        1,
        0,
        1,
        1,
        0,
        0,
        0,
        0,
        0,
        0,
        1,
        0,
        1,
        1,
        1,
        0,
        0,
        0,
        0,
        0,
        1,
        1,
        1,
        1,
        1,
        1,
        1,
        1,
        0,
        0,
        1,
        1,
        0,
        0,
        1,
        0,
        1,
        0,
        0,
        1,
        1,
        1,
        1,
        1,
        1,
        1,
        0,
        1,
        0,
        1,
        1
    ],
    "rule2": [
        1
    ],