{
    "fbQuantBase": [
        3,
        5,
        3
    ],
    "fbQuantCrash": [
        1,
        1,
        2,
        1,
        2,
        2,
        2,
        2,
        1,
        1,
        1,
        1,
        2,
        1,
        2,
        2,
        1,
        2,
        1,
        2,
        2,
        1,
        1,
        2,
        1,
        1,
        1,
        2,
        2,
        1,
        2,
        2,
        1
    ],
    "goalProgCrashThreshold": [
        0.2237123813352766,
        0.7474131750687258,
        0.6060170798826926,
        0.9430342247395818,
        0.6244021672101316,
        0.5534853219118177,
        0.6786599175517223,
        0.5978831332976188,
        0.3927915590288058,
        0.37596008443808915,
        0.6945287117944865,
        0.5437674045386927,
        0.5751901744639862,
        0.8784392010737239,
        0.2049127989311443,
        0.9972918156460941,
        0.7828800189657021,
        0.840651421506422,
        0.42099485533957975,
        0.9710142722750474,
        0.29925255279165985,
        0.7540134365694606,
        0.3491530620824055,
        0.954035278008406,
        0.7264414924106593,
        0.20612533292364957,
        0.20517250012344626,
        0.8448245623962325,
        0.7658506052959348,
        0.9358679187245142,
        0.393362528913947,
        0.33063193132037194,
        0.9608962218689368
    ],
    "stim0": [
        3,
        1,
        2,
        1,
        0,
        2,
        1,
        0,
        2,
        0,
        3,
        1,
        1,
        1,
        1,
        2,
        3,
        0,
        2,
        1,
        1,
        2,
        2,
        3,
        1,
        1,
        1,
        0,
        1,
        3,
        2,
        3,
        0,
        0,
        1,
        3,
        1,
        3,
        0,
        3,
        0,
        0,
        1,
        3,
        2,
        1,
        0,
        2,
        2,
        2,
        0,
        0,
        1,
        3,
        1,
        0,
        3,
        1,
        2,
        3,
        0,
        3,
        1,
        2,
        3,
        1,
        2,
        1,
        3,
        0,
        1,
        0,
        0,
        0,
        3,
        1,
        1,
        0,
        0,
        1,
        1,
        2,
        0,
        3,
        0,
        1,
        1,
        3,
        1,
        3,
        0,
        1,
        3,
        0,
        2,
        2,
        3,
        1,
        2
    ],
    "size0": [
        11,
        10,
        11
    ],
    "rule0": [
        0
    ],
    "corKey0": [
        1,
        1,
        0,
        1,
        0,
        0,
        1,
        0,
        0,
        0,
        1,
        1,
        1,
        1,
        1,
        0,
        1,
        0,
        0,
        1,
        1,
        0,
        0,
        1,
        1,
        1,
        1,
        0,
        1,
        1,
        0,
        1,
        0,
        0,
        1,
        1,
        1,
        1,
        0,
        1,
        0,
        0,
        1,
        1,
        0,
        1,
        0,
        0,
        0,
        0,
        0,
        0,
        1,
        1,
        1,
        0,
        1,
        1,
        0,
        1,
        0,
        1,
        1,
        0,
        1,
        1,
        0,
        1,
        1,
        0,
        1,
        0,
        0,
        0,
        1,
        1,
        1,
        0,
        0,
        1,
        1,
        0,
        0,
        1,
        0,
        1,
        1,
        1,
        1,
        1,
        0,
        1,
        1,
        0,
        0,
        0,
        1,
        1,
        0
    ],
    "size1": [
        10,
        14,
        19
    ],
    "rule1": [
        0
    ],
    "corKey1": [
        1,
        1,
        0,
        1,
        0,
        0,
        1,
        0,
        0,
        0,
        1,
        1,
        1,
        1,
        1,
        0,
        1,
        0,
        0,
        1,
        1,
        0,
        0,
        1,
        1,
        1,
        1,
        0,
        1,
        1,
        0,
        1,
        0,
        0,
        1,
        1,
        1,
        1,
        0,
        1,
        0,
        0,
        1,
        1,
        0,
        1,
        0,
        0,
        0,
        0,
        0,
        0,
        1,
        1,
        1,
        0,
        1,
        1,
        0,
        1,
        0,
        1,
        1,
        0,
        1,
        1,
        0,
        1,
        1,
        0,
        1,
        0,
        0,
        0,
        1,
        1,
        1,
        0,
        0,
        1,
        1,
        0,
        0,
        1,
        0,
        1,
        1,
        1,
        1,
        1,
        0,
        1,
        1,
        0,
        0,
        0,
        1,
        1,
        0
    ],
    "size2": [
        14,
        14,
        10
    ],
    "rule2": [
        3
    ],
    "corKey2": [
        1,
        0,
        1,
        0,
        0,
        1,
        0,
        0,
        1,
        0,
        1,
        0,
        0,
        0,
        0,
        1,
        1,
        0,
        1,
        0,
        0,
        1,
        1,
        1,
        0,
        0,
        0,
        0,
        0,
        1,
        1,
        1,
        0,
        0,
        0,
        1,
        0,
        1,
        0,
        1,
        0,
        0,
        0,
        1,
        1,
        0,
        0,
        1,
        1,
        1,
        0,
        0,
        0,
        1,
        0,
        0,
        1,
        0,
        1,
        1,
        0,
        1,
        0,
        1,
        1,
        0,
        1,
        0,
        1,
        0,
        0,
        0,
        0,
        0,
        1,
        0,
        0,
        0,
        0,
        0,
        0,
        1,
        0,
        1,
        0,
        0,
        0,
        1,
        0,
        1,
        0,
        0,
        1,
        0,
        1,
        1,
        1,
        0,
        1
    ],
    "size3": [
        10,
        13,
        17
    ],
    "rule3": [
        3
    ],
    "corKey3": [
        1,
        0,
        1,
        0,
        0,
        1,
        0,
        0,
        1,
        0,
        1,
        0,
        0,
        0,
        0,
        1,
        1,
        0,
        1,
        0,
        0,
        1,
        1,
        1,
        0,
        0,
        0,
        0,
        0,
        1,
        1,
        1,
        0,
        0,
        0,
        1,
        0,
        1,
        0,
        1,
        0,
        0,
        0,
        1,
        1,
        0,
        0,
        1,
        1,
        1,
        0,
        0,
        0,
        1,
        0,
        0,
        1,
        0,
        1,
        1,
        0,
        1,
        0,
        1,
        1,
        0,
        1,
        0,
        1,
        0,
        0,
        0,
        0,
        0,
        1,
        0,
        0,
        0,
        0,
        0,
        0,
        1,
        0,
        1,
        0,
        0,
        0,
        1,
        0,
        1,
        0,
        0,
        1,
        0,
        1,
        1,
        1,
        0,
        1
    ],