{
    "fbQuantBase": [
        3,
        5,
        3
    ],
    "fbQuantCrash": [
        1,
        2,
        2,
        1,
        1,
        2,
        1,
        2,
        2,
        1,
        2,
        1,
        2,
        2,
        2,
        2,
        1,
        1,
        2,
        2,
        2,
        1,
        1,
        2,
        1,
        2,
        1,
        1,
        1,
        1,
        1,
        1,
        1,
        1,
        1,
        1,
        1,
        2,
        2,
        2,
        1,
        1,
        1,
        1,
        1,
        1,
        1,
        1,
        1,
        1,
        2,
        2,
        1,
        2,
        2,
        1,
        2,
        2,
        1,
        2,
        2,
        1,
        1,
        2,
        1,
        2,
        1,
        1,
        2,
        1,
        1,
        1,
        2,
        2,
        2,
        1,
        1,
        1,
        2,
        1
    ],
    "goalProgCrashThreshold": [
        0.8202086478136195,
        0.5954096498940262,
        0.6188880203859559,
        0.9152240908145675,
        0.5794590252156253,
        0.4817265778603239,
        0.3235376374488036,
        0.2784138301151276,
        0.30019734265201103,
        0.36876399803160687,
        0.43769512427513757,
        0.3196989368903358,
        0.2784040436823483,
        0.6204602568253078,
        0.43638715158058156,
        0.3695568563600194,
        0.8529889756971072,
        0.6676867034780494,
        0.6825361712227604,
        0.6885341247569461,
        0.6247505364058619,
        0.25593668169337414,
        0.3088471233298193,
        0.9985514697230176,
        0.2721367024524189,
        0.9676498458519913,
        0.4200265168643158,
        0.9599032534392036,
        0.3571007820175111,
        0.39726442250123406,
        0.8507734568589336,
        0.6404581658080752,
        0.8207551606885395,
        0.5274042679765919,
        0.6745238088409053,
        0.32355843072957385,
        0.3605028074593548,
        0.4892585777273419,
        0.2020274324983686,
        0.43266109865930347,
        0.3949969540657405,
        0.2727536450987773,
        0.6671330860127078,
        0.9948066681186398,
        0.6680668876144149,
        0.8792047668316731,
        0.5747239035544784,
        0.8473957286426776,
        0.8660971834632545,
        0.9861896141083293,
        0.21578699855231476,
        0.9275960546302018,
        0.7776630589838363,
        0.6817681619811382,
        0.5797740387341555,
        0.9851392808723416,
        0.7891245653965815,
        0.6267904845201977,
        0.29114207854230234,
        0.26800871874096893,
        0.7597292383259129,
        0.9978328098731721,
        0.3963300400801541,
        0.9780952496304232,
        0.34035317682075067,
        0.20203330291917984,
        0.5386331914556772,
        0.5300969576877737,
        0.644693494514291,
        0.3898662587718663,
        0.36797555637906654,
        0.4451397535440658,
        0.9507924040507538,
        0.5284116923179658,
        0.825602512831207,
        0.24016828241988525,
        0.5805213917315092,
        0.982241087271841,
        0.551126265896298,
        0.8002684501408077
    ],
    "stim0": [
        3,
        1,
        0,
        1,
        0,
        0,
        0,
        2,
        0,
        1,
        3,
        0,
        0,
        0,
        2,
        1,
        3,
        1,
        1,
        2,
        2,
        0,
        0,
        3,
        3,
        1,
        2,
        0,
        2,
        3,
        0,
        3,
        3,
        1,
        1,
        1,
        0,
        1,
        0,
        0,
        3,
        2,
        3,
        0,
        1,
        1,
        0,
        2,
        1,
        2,
        2,
        3,
        2,
        3,
        1,
        0,
        2,
        1,
        0,
        0,
        2,
        2,
        3,
        3,
        0,
        2,
        0,
        1,
        2,
        0,
        3,
        1,
        1,
        3,
        0,
        2,
        0,
        1,
        2,
        2,
        2,
        3,
        0,
        3,
        0,
        3,
        2,
        3,
        1,
        0,
        3,
        1,
        2,
        0,
        0,
        2,
        0,
        2,
        3,
        2,
        1,
        0,
        1,
        0,
        2,
        1,
        2,
        2,
        1,
        2,
        1,
        1,
        0,
        2,
        2,
        2,
        0,
        0,
        3,
        2,
        3,
        2,
        0,
        3,
        3,
        2,
        2,
        1,
        0,
        0,
        1,
        2,
        3,
        1,
        3,
        3,
        1,
        1,
        0,
        2,
        0,
        2,
        2,
        1,
        1,
        3,
        1,
        2,
        0,
        0,
        1,
        0,
        3,
        2,
        0,
        0,
        2,
        2,
        0,
        3,
        3,
        3,
        3,
        0,
        1,
        2,
        3,
        2,
        1,
        3,
        0,
        1,
        3,
        2,
        1,
        3,
        0,
        2,
        1,
        1,
        2,
        1,
        0,
        3,
        0,
        2,
        1,
        0,
        2,
        3,
        2,
        3,
        1,
        3,
        2,
        1,
        0,
        2,
        2,
        0,
        0,
        1,
        1,
        2,
        0,
        2,
        3,
        0,
        0,
        1,
        2,
        3,
        3,
        0,
        3,
        3,
        2,
        1,
        1,
        2,
        3,
        0,
        1,
        2,
        1,
        2,
        1,
        2,
        2,
        0,
        0,
        2,
        1,
        3,
        2,
        2,
        0,
        0,
        3,
        0
    ],
    "size0": [
        15,
        17,
        10
    ],
    "rule0": [
        1
    ],