{
    "fbQuantBase": [
        3,
        5,
        3
    ],
    "size0": [
        10,
        16,
        10
    ],
    "size1": [
        10,
        16,
        10
    ],
    "size2": [
        10,
        16,
        10
    ],
    "size3": [
        10,
        16,
        10
    ],
    "fbQuantCrash": [
        1,
        1,
        2,
        2,
        1,
        1,
        1,
        1,
        2,
        2,
        1,
        2,
        2,
        2,
        2,
        2,
        1,
        2,
        1,
        1,
        2,
        1,
        1,
        1,
        1,
        1,
        2,
        1,
        1,
        2,
        2,
        2,
        1,
        1,
        2,
        1,
        2,
        1,
        2,
        2,
        2,
        1,
        2,
        2,
        2,
        2,
        1,
        2,
        2,
        1,
        2,
        2,
        1,
        1,
        1,
        1,
        1,
        1,
        1,
        1,
        1,
        2,
        1,
        2,
        2,
        1,
        1,
        1,
        1,
        2,
        1,
        2,
        2,
        1,
        2,
        1,
        2,
        1,
        2,
        1,
        1,
        2,
        1,
        1,
        2,
        2,
        1,
        2,
        1,
        2,
        2,
        1,
        2,
        2,
        2,
        2,
        2,
        2,
        1,
        2
    ],
    "goalProgCrashThreshold": [
        0.3778168811983255,
        0.793471132140845,
        0.5253661161289849,
        0.2775522915547226,
        0.5965834157558311,
        0.9761918715045919,
        0.8806995303389029,
        0.3127261483473703,
        0.8720749202509819,
        0.713967831166753,
        0.6211709166583967,
        0.9628969676602217,
        0.8803827535639712,
        0.9725081050577729,
        0.34803153575508994,
        0.34618815162336586,
        0.7834874911457397,
        0.2195858939809278,
        0.374365333981759,
        0.9577223007913591,
        0.24794632449301607,
        0.27311499837333875,
        0.24763932692714363,
        0.6313121750945605,
        0.7121282966730969,
        0.5811917919801475,
        0.47859354614779326,
        0.984797843755773,
        0.6167607999049127,
        0.9156171438959109,
        0.9027662134159096,
        0.33012977652621456,
        0.692982932017297,
        0.4107219463117924,
        0.22311482934530452,
        0.5089642997376844,
        0.6471799615929836,
        0.3103844168927252,
        0.7657087229728443,
        0.7903880592386481,
        0.5700084793028402,
        0.9593586984095404,
        0.6352978172942949,
        0.4276905495756337,
        0.559979730847489,
        0.6063275646457816,
        0.3113582682074869,
        0.4593825843523468,
        0.7971654273416469,
        0.30135167084100134,
        0.28470927619706565,
        0.7276069013054365,
        0.40154920056715576,
        0.47505697178819273,
        0.32019109746033464,
        0.5916587990518002,
        0.3446301268112806,
        0.6276699927590337,
        0.3801306846065967,
        0.6210077206115654,
        0.6590237573742348,
        0.20411482065411432,
        0.8335710614676612,
        0.919466198356045,
        0.4791001030529472,
        0.862165412270421,
        0.23228295352976158,
        0.37425134029021145,
        0.539593815375238,
        0.8255034960428678,
        0.6462368215517438,
        0.8468244924479507,
        0.4048930832417452,
        0.8646371150759109,
        0.5356355953283687,
        0.3542651911275021,
        0.6736652267519307,
        0.9579939935828365,
        0.8055404906792325,
        0.5230266109933288,
        0.28998914761761513,
        0.6352806148905015,
        0.8581618164013478,
        0.22158215744984888,
        0.39009096762252204,
        0.9743282554482497,
        0.43709971943598797,
        0.20087784402550773,
        0.6912783560334845,
        0.8283573855129538,
        0.6756937920073074,
        0.7869203894228745,
        0.5423943179503549,
        0.470349306660225,
        0.8620669972624131,
        0.6936871742103015,
        0.2836977206722165,
        0.743579267742638,
        0.4629291521112765,
        0.8672984267250321
    ],
    "stim0": [
        2,
        2,
        1,
        1,
        1,
        2,
        2,
        2,
        1,
        2,
        0,
        2,
        3,
        0,
        1,
        0,
        0,
        1,
        3,
        1,
        0,
        2,
        2,
        0,
        3,
        3,
        2,
        0,
        3,
        1,
        1,
        0,
        1,
        0,
        3,
        2,
        2,
        3,
        0,
        1,
        2,
        1,
        1,
        0,
        2,
        0,
        2,
        3,
        0,
        1,
        0,
        2,
        2,
        0,
        2,
        1,
        3,
        0,
        0,
        2,
        2,
        1,
        2,
        1,
        1,
        3,
        1,
        3,
        2,
        0,
        0,
        3,
        2,
        2,
        3,
        0,
        0,
        2,
        1,
        2,
        1,
        2,
        3,
        2,
        1,
        3,
        1,
        2,
        0,
        0,
        1,
        1,
        0,
        3,
        1,
        1,
        3,
        1,
        2,
        1
    ],
    "rule0": [
        1
    ],
    "corKey0": [
        1,
        1,
        0,
        0,
        0,
        1,
        1,
        1,
        0,
        1,
        1,
        1,
        0,
        1,
        0,
        1,
        1,
        0,
        0,
        0,
        1,
        1,
        1,
        1,
        0,
        0,
        1,
        1,
        0,
        0,
        0,
        1,
        0,
        1,
        0,
        1,
        1,
        0,
        1,
        0,
        1,
        0,
        0,
        1,
        1,
        1,
        1,
        0,
        1,
        0,
        1,
        1,
        1,
        1,
        1,
        0,
        0,
        1,
        1,
        1,
        1,
        0,
        1,
        0,
        0,
        0,
        0,
        0,
        1,
        1,
        1,
        0,
        1,
        1,
        0,
        1,
        1,
        1,
        0,
        1,
        0,
        1,
        0,
        1,
        0,
        0,
        0,
        1,
        1,
        1,
        0,
        0,
        1,
        0,
        0,
        0,
        0,
        0,
        1,
        0
    ],
    "rule1": [
        1
    ],
    "corKey1": [
        1,
        1,
        0,
        0,
        0,
        1,
        1,
        1,
        0,
        1,
        1,
        1,
        0,
        1,
        0,
        1,
        1,
        0,
        0,
        0,
        1,
        1,
        1,
        1,
        0,
        0,
        1,
        1,
        0,
        0,
        0,
        1,
        0,
        1,
        0,
        1,
        1,
        0,
        1,
        0,
        1,
        0,
        0,
        1,
        1,
        1,
        1,
        0,
        1,
        0,
        1,
        1,
        1,
        1,
        1,
        0,
        0,
        1,
        1,
        1,
        1,
        0,
        1,
        0,
        0,
        0,
        0,
        0,
        1,
        1,
        1,
        0,
        1,
        1,
        0,
        1,
        1,
        1,
        0,
        1,
        0,
        1,
        0,
        1,
        0,
        0,
        0,
        1,
        1,
        1,
        0,
        0,
        1,
        0,
        0,
        0,
        0,
        0,
        1,
        0
    ],
    "rule2": [
        3
    ],