{
    "fbQuantBase": [
        3,
        5,
        3
    ],
    "fbQuantCrash": [
        1,
        2,
        2,
        1,
        1,
        2,
        2,
        2,
        2,
        2,
        2,
        2,
        1,
        2,
        1,
        1,
        2,
        2,
        2,
        1,
        2,
        2,
        1,
        2,
        1,
        2,
        2,
        1,
        1,
        2,
        1,
        1,
        2
    ],
    "goalProgCrashThreshold": [
        0.31920596008459107,
        0.5970840656859926,
        0.6922426157317723,
        0.9672335881870275,
        0.26252707647233475,
        0.8605617469488129,
        0.21978304609658147,
        0.6949691769541363,
        0.24372168394043836,
        0.5313337161368732,
        0.26862964750650165,
        0.8542767663299868,
        0.9041169172959258,
        0.6845551840683652,
        0.873836972502408,
        0.8903526072572463,
        0.6777720844953101,
        0.6626483820035147,
        0.6236621209674906,
        0.5370136322987147,
        0.5718339935565102,
        0.777706918134448,
        0.5206424033156902,
        0.9392150062800728,
        0.7011490376687399,
        0.8016242138832943,
        0.5189544053190909,
        0.2998919726893915,
        0.6774759220619853,
        0.7967336527528455,
        0.657067766286251,
        0.4212171972011211,
        0.8844112157458794
    ],
    "stim0": [
        0,
        0,
        0,
        2,
        2,
        2,
        2,
        3,
        2,
        1,
        3,
        2,
        0,
        0,
        2,
        3,
        2,
        1,
        0,
        2,
        0,
        3,
        0,
        1,
        0,
        2,
        1,
        3,
        3,
        3,
        1,
        0,
        3,
        1,
        3,
        3,
        0,
        3,
        1,
        3,
        1,
        2,
        1,
        0,
        0,
        3,
        3,
        3,
        2,
        3,
        0,
        0,
        0,
        0,
        0,
        0,
        3,
        3,
        0,
        1,
        1,
        3,
        1,
        1,
        2,
        1,
        1,
        3,
        0,
        3,
        1,
        2,
        2,
        0,
        2,
        3,
        1,
        2,
        3,
        1,
        3,
        3,
        2,
        1,
        2,
        1,
        0,
        1,
        2,
        1,
        3,
        3,
        2,
        1,
        1,
        1,
        3,
        3,
        1
    ],
    "size0": [
        12,
        10,
        19
    ],
    "rule0": [
        3
    ],
    "corKey0": [
        0,
        0,
        0,
        1,
        1,
        1,
        1,
        1,
        1,
        0,
        1,
        1,
        0,
        0,
        1,
        1,
        1,
        0,
        0,
        1,
        0,
        1,
        0,
        0,
        0,
        1,
        0,
        1,
        1,
        1,
        0,
        0,
        1,
        0,
        1,
        1,
        0,
        1,
        0,
        1,
        0,
        1,
        0,
        0,
        0,
        1,
        1,
        1,
        1,
        1,
        0,
        0,
        0,
        0,
        0,
        0,
        1,
        1,
        0,
        0,
        0,
        1,
        0,
        0,
        1,
        0,
        0,
        1,
        0,
        1,
        0,
        1,
        1,
        0,
        1,
        1,
        0,
        1,
        1,
        0,
        1,
        1,
        1,
        0,
        1,
        0,
        0,
        0,
        1,
        0,
        1,
        1,
        1,
        0,
        0,
        0,
        1,
        1,
        0
    ],
    "size1": [
        15,
        17,
        15
    ],
    "rule1": [
        0
    ],
    "corKey1": [
        0,
        0,
        0,
        0,
        0,
        0,
        0,
        1,
        0,
        1,
        1,
        0,
        0,
        0,
        0,
        1,
        0,
        1,
        0,
        0,
        0,
        1,
        0,
        1,
        0,
        0,
        1,
        1,
        1,
        1,
        1,
        0,
        1,
        1,
        1,
        1,
        0,
        1,
        1,
        1,
        1,
        0,
        1,
        0,
        0,
        1,
        1,
        1,
        0,
        1,
        0,
        0,
        0,
        0,
        0,
        0,
        1,
        1,
        0,
        1,
        1,
        1,
        1,
        1,
        0,
        1,
        1,
        1,
        0,
        1,
        1,
        0,
        0,
        0,
        0,
        1,
        1,
        0,
        1,
        1,
        1,
        1,
        0,
        1,
        0,
        1,
        0,
        1,
        0,
        1,
        1,
        1,
        0,
        1,
        1,
        1,
        1,
        1,
        1
    ],
    "size2": [
        18,
        19,
        18
    ],
    "rule2": [
        3
    ],
    "corKey2": [
        0,
        0,
        0,
        1,
        1,
        1,
        1,
        1,
        1,
        0,
        1,
        1,
        0,
        0,
        1,
        1,
        1,
        0,
        0,
        1,
        0,
        1,
        0,
        0,
        0,
        1,
        0,
        1,
        1,
        1,
        0,
        0,
        1,
        0,
        1,
        1,
        0,
        1,
        0,
        1,
        0,
        1,
        0,
        0,
        0,
        1,
        1,
        1,
        1,
        1,
        0,
        0,
        0,
        0,
        0,
        0,
        1,
        1,
        0,
        0,
        0,
        1,
        0,
        0,
        1,
        0,
        0,
        1,
        0,
        1,
        0,
        1,
        1,
        0,
        1,
        1,
        0,
        1,
        1,
        0,
        1,
        1,
        1,
        0,
        1,
        0,
        0,
        0,
        1,
        0,
        1,
        1,
        1,
        0,
        0,
        0,
        1,
        1,
        0
    ],
    "size3": [
        12,
        14,
        10
    ],
    "rule3": [
        0
    ],
    "corKey3": [
        0,
        0,
        0,
        0,
        0,
        0,
        0,
        1,
        0,
        1,
        1,
        0,
        0,
        0,
        0,
        1,
        0,
        1,
        0,
        0,
        0,
        1,
        0,
        1,
        0,
        0,
        1,
        1,
        1,
        1,
        1,
        0,
        1,
        1,
        1,
        1,
        0,
        1,
        1,
        1,
        1,
        0,
        1,
        0,
        0,
        1,
        1,
        1,
        0,
        1,
        0,
        0,
        0,
        0,
        0,
        0,
        1,
        1,
        0,
        1,
        1,
        1,
        1,
        1,
        0,
        1,
        1,
        1,
        0,
        1,
        1,
        0,
        0,
        0,
        0,
        1,
        1,
        0,
        1,
        1,
        1,
        1,
        0,
        1,
        0,
        1,
        0,
        1,
        0,
        1,
        1,
        1,
        0,
        1,
        1,
        1,
        1,
        1,
        1
    ],