{
    "fbQuantBase": [
        3,
        5,
        3
    ],
    "fbQuantCrash": [
        1,
        1,
        1,
        2,
        2,
        2,
        1,
        1,
        2,
        2,
        2,
        1,
        2,
        1,
        1,
        1,
        2,
        1,
        2,
        1,
        2,
        1,
        2,
        2,
        1,
        1,
        2,
        2,
        2,
        2,
        1,
        2,
        2,
        2,
        2,
        2,
        2,
        1,
        1,
        2,
        1,
        2,
        1,
        2,
        2,
        1,
        2,
        2,
        2,
        1,
        1,
        2,
        1,
        2,
        1,
        2,
        2,
        1,
        2,
        2,
        1,
        2,
        2,
        2,
        2,
        1,
        1,
        1,
        1,
        2,
        2,
        2,
        2,
        1,
        1,
        1,
        2,
        1,
        2,
        1
    ],
    "goalProgCrashThreshold": [
        0.49224629746395343,
        0.8709373814815111,
        0.4739244805857918,
        0.6405014891314106,
        0.45064565376736154,
        0.6874121947737084,
        0.69188434340319,
        0.7321992925622407,
        0.27939965816354245,
        0.23008124102184901,
        0.20574305246913457,
        0.40912558738212507,
        0.9187261731271605,
        0.4478620012235259,
        0.8468607724254857,
        0.6341927729716456,
        0.4294377130674761,
        0.961226874173613,
        0.9886075025884364,
        0.7984796603426376,
        0.7883580505609642,
        0.37626693875695,
        0.7402611648749735,
        0.8884195228966323,
        0.8496636487219487,
        0.8817282823259547,
        0.6497803914955882,
        0.8864203917078062,
        0.8150814287984087,
        0.8185053745719915,
        0.7653548771255221,
        0.7406502793675769,
        0.6315250910736304,
        0.49765546324594745,
        0.6151996563986624,
        0.9162495869510334,
        0.8175907798024882,
        0.2936447858429059,
        0.8000799551880391,
        0.5680152456658997,
        0.42654118703894395,
        0.5004399498825458,
        0.4142960672474235,
        0.5573994997839324,
        0.5609476693802335,
        0.21613121322233564,
        0.26351317902240795,
        0.7938933774828771,
        0.4315748655374866,
        0.6954843357399698,
        0.47063311012143844,
        0.37598971341827536,
        0.3579303504414795,
        0.9000401589014786,
        0.7293332596839619,
        0.2094372679069478,
        0.7385826253867025,
        0.9913264771181263,
        0.7736792007814159,
        0.3604092297956344,
        0.260168743888342,
        0.9630212291428422,
        0.973786526415211,
        0.6328600203511419,
        0.5341089145899705,
        0.9887474302063823,
        0.5991307237144758,
        0.6638411896821915,
        0.2628842909315259,
        0.667030321204881,
        0.5635829115923239,
        0.250111460708356,
        0.7126656169364571,
        0.9346806870830455,
        0.22710613707706298,
        0.6357580176964746,
        0.3731004491880411,
        0.6911255071783249,
        0.20698100788391172,
        0.9407270058205015
    ],
    "stim0": [
        2,
        3,
        0,
        3,
        1,
        3,
        2,
        2,
        3,
        1,
        3,
        0,
        1,
        2,
        1,
        2,
        1,
        1,
        3,
        3,
        2,
        2,
        2,
        3,
        1,
        2,
        3,
        1,
        0,
        1,
        0,
        2,
        1,
        2,
        3,
        0,
        1,
        0,
        3,
        3,
        1,
        3,
        3,
        3,
        2,
        2,
        0,
        3,
        0,
        2,
        2,
        2,
        3,
        3,
        3,
        0,
        3,
        0,
        1,
        1,
        2,
        1,
        0,
        1,
        0,
        3,
        2,
        0,
        2,
        3,
        0,
        3,
        3,
        3,
        1,
        0,
        1,
        3,
        3,
        2,
        3,
        3,
        0,
        2,
        1,
        1,
        0,
        3,
        1,
        0,
        1,
        2,
        2,
        2,
        1,
        0,
        0,
        0,
        3,
        2,
        1,
        3,
        1,
        3,
        1,
        3,
        2,
        3,
        1,
        2,
        0,
        2,
        1,
        0,
        2,
        1,
        1,
        3,
        1,
        3,
        1,
        1,
        3,
        1,
        0,
        0,
        3,
        1,
        0,
        3,
        0,
        2,
        0,
        1,
        0,
        1,
        3,
        1,
        0,
        2,
        2,
        3,
        3,
        0,
        2,
        3,
        0,
        3,
        1,
        0,
        0,
        2,
        0,
        0,
        2,
        1,
        1,
        1,
        1,
        3,
        2,
        1,
        0,
        3,
        2,
        1,
        3,
        3,
        2,
        1,
        1,
        0,
        1,
        3,
        2,
        0,
        3,
        1,
        3,
        1,
        1,
        1,
        3,
        1,
        0,
        3,
        3,
        3,
        0,
        3,
        3,
        1,
        0,
        3,
        3,
        1,
        3,
        3,
        2,
        0,
        3,
        1,
        1,
        3,
        3,
        2,
        2,
        1,
        3,
        3,
        3,
        2,
        1,
        2,
        0,
        2,
        3,
        0,
        3,
        1,
        1,
        0,
        1,
        2,
        0,
        0,
        1,
        1,
        1,
        1,
        1,
        2,
        2,
        0,
        3,
        2,
        0,
        1,
        3,
        0
    ],
    "size0": [
        11,
        17,
        16
    ],
    "rule0": [
        1
    ],