{
    "fbQuantBase": [
        3,
        5,
        3
    ],
    "size0": [
        10,
        16,
        10
    ],
    "size1": [
        10,
        16,
        10
    ],
    "size2": [
        10,
        16,
        10
    ],
    "size3": [
        10,
        16,
        10
    ],
    "fbQuantCrash": [
        2,
        2,
        1,
        2,
        1,
        1,
        2,
        1,
        1,
        2,
        2,
        1,
        1,
        2,
        1,
        1,
        2,
        1,
        2,
        1,
        1,
        2,
        1,
        1,
        2,
        2,
        1,
        2,
        2,
        2,
        1,
        2,
        1,
        1,
        2,
        1,
        2,
        1,
        1,
        2,
        2,
        1,
        2,
        1,
        2,
        2,
        2,
        1,
        2,
        1,
        1,
        1,
        2,
        2,
        1,
        2,
        1,
        2,
        1,
        1,
        2,
        2,
        1,
        2,
        2,
        2,
        1,
        2,
        1,
        1,
        2,
        2,
        2,
        2,
        1,
        2,
        1,
        2,
        2,
        2,
        1,
        1,
        1,
        2,
        1,
        2,
        1,
        2,
        2,
        2,
        2,
        1,
        1,
        2,
        2,
        2,
        2,
        1,
        1,
        2
    ],
    "goalProgCrashThreshold": [
        0.45752087008181663,
        0.7743913750797111,
        0.35802734980725576,
        0.8243363242156607,
        0.45846765823273733,
        0.6442329166182602,
        0.8983860316705767,
        0.6031682535563139,
        0.7604275235370144,
        0.2955561961494934,
        0.6690757469225688,
        0.47770525307660777,
        0.5684848210618596,
        0.35516433386461294,
        0.9580026255562273,
        0.6855672394211918,
        0.8136982779331434,
        0.2832527764946893,
        0.6673652579691529,
        0.52413798133589,
        0.7661807466557262,
        0.6674076743086563,
        0.4227853964732975,
        0.47818074942062916,
        0.4799763836123971,
        0.5909512456099729,
        0.7623820299326114,
        0.4354568076885359,
        0.7262480502170989,
        0.8085070935324785,
        0.5052651900989177,
        0.6241506725653652,
        0.294570932699902,
        0.8739699106124539,
        0.41202600591550037,
        0.6827991675481108,
        0.8298357513494441,
        0.7200572490065511,
        0.7619267910325456,
        0.9405917793272021,
        0.4305655201844202,
        0.2347122173478936,
        0.8559991335921762,
        0.25342821869272836,
        0.6088397984212113,
        0.5593177850485163,
        0.22451549885245747,
        0.48700018392049593,
        0.3399926264563605,
        0.9986056393803746,
        0.9345253111454246,
        0.2599551988762377,
        0.6380973648456851,
        0.9551278737786784,
        0.7251413745822455,
        0.7397296508046507,
        0.9064231876143305,
        0.4077831094759383,
        0.4076972569965562,
        0.20806798233233295,
        0.9692540900020237,
        0.879142576960924,
        0.6742462175008943,
        0.26534087929028294,
        0.9714950226134638,
        0.7505985002735762,
        0.9167199374461557,
        0.5819831118829915,
        0.3391251633326562,
        0.869595482783168,
        0.8901501247123029,
        0.5692182770240939,
        0.7186532776658854,
        0.6233596690872649,
        0.2389089597810209,
        0.8651989141307055,
        0.20243530488081138,
        0.5138246434143061,
        0.8902302948463785,
        0.5617607897239696,
        0.5432904843231033,
        0.3495773425435972,
        0.3995726157493684,
        0.9639179005964669,
        0.28013633186859943,
        0.3752887343934728,
        0.6824133230895006,
        0.3734398266076558,
        0.47414294070688084,
        0.5659047360741144,
        0.3646290459603583,
        0.6605870201059237,
        0.7227574619382613,
        0.9942176655577262,
        0.9689914343973192,
        0.3853283157189835,
        0.29312812944953903,
        0.5722170462935021,
        0.7229275933669286,
        0.9497040574206017
    ],
    "stim0": [
        1,
        2,
        0,
        0,
        1,
        1,
        1,
        3,
        0,
        1,
        2,
        1,
        0,
        2,
        1,
        1,
        3,
        1,
        1,
        0,
        1,
        2,
        2,
        0,
        0,
        0,
        2,
        3,
        1,
        3,
        3,
        0,
        3,
        2,
        3,
        1,
        1,
        3,
        1,
        2,
        2,
        1,
        2,
        2,
        1,
        3,
        3,
        3,
        1,
        3,
        0,
        2,
        3,
        3,
        0,
        1,
        2,
        1,
        0,
        1,
        1,
        0,
        1,
        0,
        1,
        2,
        3,
        0,
        1,
        3,
        0,
        1,
        1,
        3,
        3,
        0,
        2,
        1,
        2,
        2,
        1,
        2,
        2,
        3,
        2,
        3,
        0,
        2,
        3,
        3,
        2,
        0,
        1,
        3,
        2,
        1,
        2,
        1,
        0,
        0
    ],
    "rule0": [
        2
    ],
    "corKey0": [
        1,
        0,
        1,
        1,
        1,
        1,
        1,
        0,
        1,
        1,
        0,
        1,
        1,
        0,
        1,
        1,
        0,
        1,
        1,
        1,
        1,
        0,
        0,
        1,
        1,
        1,
        0,
        0,
        1,
        0,
        0,
        1,
        0,
        0,
        0,
        1,
        1,
        0,
        1,
        0,
        0,
        1,
        0,
        0,
        1,
        0,
        0,
        0,
        1,
        0,
        1,
        0,
        0,
        0,
        1,
        1,
        0,
        1,
        1,
        1,
        1,
        1,
        1,
        1,
        1,
        0,
        0,
        1,
        1,
        0,
        1,
        1,
        1,
        0,
        0,
        1,
        0,
        1,
        0,
        0,
        1,
        0,
        0,
        0,
        0,
        0,
        1,
        0,
        0,
        0,
        0,
        1,
        1,
        0,
        0,
        1,
        0,
        1,
        1,
        1
    ],
    "rule1": [
        0
    ],
    "corKey1": [
        1,
        0,
        0,
        0,
        1,
        1,
        1,
        1,
        0,
        1,
        0,
        1,
        0,
        0,
        1,
        1,
        1,
        1,
        1,
        0,
        1,
        0,
        0,
        0,
        0,
        0,
        0,
        1,
        1,
        1,
        1,
        0,
        1,
        0,
        1,
        1,
        1,
        1,
        1,
        0,
        0,
        1,
        0,
        0,
        1,
        1,
        1,
        1,
        1,
        1,
        0,
        0,
        1,
        1,
        0,
        1,
        0,
        1,
        0,
        1,
        1,
        0,
        1,
        0,
        1,
        0,
        1,
        0,
        1,
        1,
        0,
        1,
        1,
        1,
        1,
        0,
        0,
        1,
        0,
        0,
        1,
        0,
        0,
        1,
        0,
        1,
        0,
        0,
        1,
        1,
        0,
        0,
        1,
        1,
        0,
        1,
        0,
        1,
        0,
        0
    ],
    "rule2": [
        2
    ],