{
    "fbQuantBase": [
        3,
        5,
        3
    ],
    "fbQuantCrash": [
        1,
        1,
        2,
        2,
        2,
        1,
        2,
        2,
        2,
        1,
        2,
        2,
        1,
        1,
        1,
        1,
        2,
        2,
        1,
        1,
        1,
        2,
        1,
        2,
        2,
        1,
        1,
        1,
        1,
        2,
        2,
        1,
        2,
        2,
        2,
        2,
        2,
        2,
        2,
        1,
        1,
        1,
        2,
        1,
        2,
        2,
        1,
        2,
        1,
        2,
        1,
        1,
        2,
        2,
        1,
        1,
        1,
        1,
        1,
        1,
        2,
        1,
        2,
        2,
        2,
        2,
        1,
        2,
        1,
        1,
        1,
        1,
        1,
        2,
        2,
        1,
        1,
        1,
        1,
        2
    ],
    "goalProgCrashThreshold": [
        0.623921009387761,
        0.20521422189290953,
        0.24640989274450034,
        0.6011213016704335,
        0.9728780229541865,
        0.6457625915325408,
        0.28036512684184994,
        0.2791208793638724,
        0.5508723373969426,
        0.690838907385273,
        0.22961926403787017,
        0.3574700978468001,
        0.278788796247518,
        0.4956941288882959,
        0.37804269925722145,
        0.2379857181895611,
        0.23740144945141817,
        0.7820491805320768,
        0.6317137619235085,
        0.3807721049356732,
        0.857302404301894,
        0.534175822138682,
        0.9570848267604644,
        0.26017036871388505,
        0.7246451781095775,
        0.3312903446010765,
        0.2843760014170747,
        0.39024567261007315,
        0.5176070667828694,
        0.5540782169657403,
        0.7573826386323048,
        0.9720118320894786,
        0.5625013015682347,
        0.6990482830608629,
        0.22648805686054996,
        0.5677891859417554,
        0.351742840391254,
        0.7030402089505938,
        0.5398998821758243,
        0.22345656971568426,
        0.3293452313444817,
        0.5796768165242845,
        0.7495523379472733,
        0.6402217441070845,
        0.6265375439246875,
        0.9597678032243346,
        0.2711900152624471,
        0.9772295511682896,
        0.7227932027932642,
        0.7017286828958276,
        0.9147580219859246,
        0.8715469759242085,
        0.3060783462984176,
        0.6328676344195491,
        0.33996077472832553,
        0.7472049070461713,
        0.827157666722729,
        0.39959292501620125,
        0.6120691968370193,
        0.3764178587750423,
        0.2988015056932188,
        0.9969867318622394,
        0.6833094072095904,
        0.23331511994273493,
        0.4171097705349879,
        0.947793958703266,
        0.497986772782025,
        0.8410542386767537,
        0.7460226265273424,
        0.49790520387578746,
        0.5468459451378078,
        0.29208074811511325,
        0.8258284292586777,
        0.46907812907967017,
        0.6610733079398627,
        0.8878806834557942,
        0.7703003255773389,
        0.5789130259037926,
        0.3004371103004519,
        0.6532829244378783
    ],
    "stim0": [
        0,
        2,
        2,
        2,
        3,
        2,
        1,
        1,
        3,
        3,
        2,
        3,
        3,
        2,
        0,
        0,
        2,
        0,
        0,
        1,
        3,
        0,
        0,
        1,
        2,
        2,
        1,
        3,
        2,
        1,
        3,
        3,
        1,
        0,
        0,
        3,
        0,
        0,
        1,
        2,
        0,
        2,
        0,
        1,
        1,
        3,
        0,
        1,
        0,
        3,
        2,
        3,
        3,
        3,
        3,
        0,
        2,
        0,
        2,
        0,
        3,
        0,
        0,
        2,
        0,
        3,
        0,
        1,
        2,
        2,
        0,
        1,
        3,
        3,
        2,
        2,
        3,
        1,
        3,
        1,
        1,
        2,
        0,
        3,
        3,
        1,
        2,
        2,
        1,
        3,
        2,
        3,
        1,
        0,
        3,
        0,
        2,
        3,
        0,
        2,
        1,
        1,
        0,
        3,
        3,
        2,
        1,
        3,
        1,
        0,
        1,
        0,
        0,
        0,
        1,
        0,
        3,
        1,
        1,
        0,
        3,
        1,
        2,
        1,
        3,
        2,
        3,
        3,
        0,
        2,
        2,
        1,
        3,
        2,
        2,
        2,
        2,
        1,
        0,
        0,
        3,
        1,
        2,
        3,
        0,
        0,
        0,
        1,
        0,
        2,
        0,
        3,
        0,
        3,
        0,
        1,
        3,
        2,
        1,
        0,
        1,
        0,
        0,
        1,
        2,
        0,
        3,
        0,
        0,
        3,
        3,
        3,
        3,
        0,
        1,
        0,
        0,
        2,
        2,
        1,
        1,
        3,
        3,
        2,
        1,
        3,
        3,
        2,
        1,
        3,
        2,
        2,
        3,
        2,
        2,
        2,
        3,
        2,
        3,
        1,
        1,
        2,
        3,
        3,
        1,
        2,
        2,
        1,
        0,
        1,
        3,
        2,
        2,
        1,
        1,
        0,
        2,
        3,
        0,
        2,
        3,
        1,
        3,
        2,
        1,
        0,
        0,
        0,
        2,
        1,
        3,
        1,
        3,
        1,
        3,
        1,
        1,
        3,
        0,
        1
    ],
    "size0": [
        10,
        16,
        14
    ],
    "rule0": [
        1
    ],