{
    "fbQuantBase": [
        3,
        5,
        3
    ],
    "size0": [
        10,
        16,
        10
    ],
    "size1": [
        10,
        16,
        10
    ],
    "size2": [
        10,
        16,
        10
    ],
    "size3": [
        10,
        16,
        10
    ],
    "fbQuantCrash": [
        1,
        1,
        2,
        2,
        1,
        1,
        1,
        2,
        2,
        2,
        1,
        1,
        1,
        2,
        2,
        1,
        1,
        2,
        1,
        1,
        2,
        1,
        1,
        1,
        1,
        1,
        1,
        2,
        2,
        2,
        1,
        1,
        2,
        2,
        2,
        2,
        2,
        1,
        1,
        1,
        1,
        1,
        1,
        2,
        1,
        2,
        1,
        2,
        1,
        1,
        1,
        2,
        1,
        1,
        1,
        1,
        2,
        1,
        2,
        1,
        1,
        1,
        2,
        2,
        1,
        1,
        1,
        2,
        2,
        2,
        2,
        1,
        1,
        2,
        2,
        2,
        2,
        2,
        2,
        2,
        1,
        2,
        1,
        1,
        1,
        2,
        1,
        1,
        2,
        2,
        1,
        2,
        1,
        2,
        2,
        2,
        2,
        2,
        2,
        1
    ],
    "goalProgCrashThreshold": [
        0.23252191345522652,
        0.9228722074567892,
        0.22567862819511017,
        0.23007792943644018,
        0.8634307553437808,
        0.561466072090756,
        0.9888088532601513,
        0.7224087004440034,
        0.6663982603561625,
        0.8504788181985432,
        0.9655103810569932,
        0.31284824382694965,
        0.7426239078653216,
        0.26039136381067396,
        0.3441382030090069,
        0.23194642806073268,
        0.29550612988631797,
        0.7661905427984017,
        0.6480590650541262,
        0.6632981396916344,
        0.5339601324715685,
        0.6308112266522448,
        0.7388018986873663,
        0.8109038520527334,
        0.5266045539520479,
        0.4870134494735765,
        0.46976463711132954,
        0.31368738591032025,
        0.475821267729251,
        0.8825418761692536,
        0.5093672365886361,
        0.8618925236041473,
        0.9276965765744349,
        0.9425001965440629,
        0.2787353119535843,
        0.441200964369495,
        0.39687902785106044,
        0.9342557440518506,
        0.6052805127329453,
        0.9068334656921071,
        0.25368125186170165,
        0.7013093715515031,
        0.38873429604714893,
        0.27646810882022027,
        0.47065846313282383,
        0.9870597991451653,
        0.6166776524024504,
        0.6546411538077244,
        0.5090098804034717,
        0.23597889222522586,
        0.35978493541456075,
        0.944455483662108,
        0.6931389347378549,
        0.369503835975783,
        0.7506149583879449,
        0.3349083376558052,
        0.6582035281330959,
        0.8641871885366501,
        0.6653102676796621,
        0.5649472844642975,
        0.605656803397014,
        0.31110467551999793,
        0.845693226890301,
        0.4478759212833489,
        0.746331857129386,
        0.969239958981702,
        0.5725476457102741,
        0.4000797426186532,
        0.5595773878172985,
        0.5659972853187691,
        0.3214689946963426,
        0.601281157325321,
        0.38991433827655614,
        0.3088470792344462,
        0.9458254963927464,
        0.6536036093160007,
        0.8686897226114643,
        0.38725343186237127,
        0.5288396550309811,
        0.719349893129551,
        0.8243024735194147,
        0.7210483926265565,
        0.22019601508709075,
        0.6378806747344059,
        0.8590724542302792,
        0.8156086915055045,
        0.6658930987609828,
        0.7066561494095185,
        0.904248601342257,
        0.9609979872749228,
        0.9080135211551104,
        0.32292757675417705,
        0.8264302902102441,
        0.6729036803417362,
        0.7007451246618717,
        0.9237765530695752,
        0.642177483232844,
        0.5042129564353758,
        0.7954826317693222,
        0.3011537614364497
    ],
    "stim0": [
        1,
        2,
        3,
        2,
        1,
        2,
        0,
        2,
        1,
        0,
        0,
        3,
        0,
        1,
        1,
        0,
        0,
        0,
        1,
        2,
        1,
        1,
        1,
        0,
        2,
        3,
        3,
        2,
        2,
        0,
        2,
        1,
        2,
        1,
        3,
        1,
        2,
        2,
        1,
        1,
        2,
        3,
        1,
        1,
        0,
        1,
        3,
        2,
        0,
        1,
        1,
        1,
        1,
        1,
        1,
        3,
        2,
        0,
        0,
        3,
        0,
        0,
        3,
        0,
        2,
        2,
        3,
        3,
        0,
        1,
        1,
        1,
        0,
        3,
        0,
        0,
        2,
        3,
        1,
        3,
        3,
        0,
        1,
        0,
        0,
        3,
        3,
        1,
        3,
        3,
        0,
        2,
        0,
        2,
        0,
        2,
        3,
        2,
        2,
        1
    ],
    "rule0": [
        1
    ],
    "corKey0": [
        0,
        1,
        0,
        1,
        0,
        1,
        1,
        1,
        0,
        1,
        1,
        0,
        1,
        0,
        0,
        1,
        1,
        1,
        0,
        1,
        0,
        0,
        0,
        1,
        1,
        0,
        0,
        1,
        1,
        1,
        1,
        0,
        1,
        0,
        0,
        0,
        1,
        1,
        0,
        0,
        1,
        0,
        0,
        0,
        1,
        0,
        0,
        1,
        1,
        0,
        0,
        0,
        0,
        0,
        0,
        0,
        1,
        1,
        1,
        0,
        1,
        1,
        0,
        1,
        1,
        1,
        0,
        0,
        1,
        0,
        0,
        0,
        1,
        0,
        1,
        1,
        1,
        0,
        0,
        0,
        0,
        1,
        0,
        1,
        1,
        0,
        0,
        0,
        0,
        0,
        1,
        1,
        1,
        1,
        1,
        1,
        0,
        1,
        1,
        0
    ],
    "rule1": [
        1
    ],
    "corKey1": [
        0,
        1,
        0,
        1,
        0,
        1,
        1,
        1,
        0,
        1,
        1,
        0,
        1,
        0,
        0,
        1,
        1,
        1,
        0,
        1,
        0,
        0,
        0,
        1,
        1,
        0,
        0,
        1,
        1,
        1,
        1,
        0,
        1,
        0,
        0,
        0,
        1,
        1,
        0,
        0,
        1,
        0,
        0,
        0,
        1,
        0,
        0,
        1,
        1,
        0,
        0,
        0,
        0,
        0,
        0,
        0,
        1,
        1,
        1,
        0,
        1,
        1,
        0,
        1,
        1,
        1,
        0,
        0,
        1,
        0,
        0,
        0,
        1,
        0,
        1,
        1,
        1,
        0,
        0,
        0,
        0,
        1,
        0,
        1,
        1,
        0,
        0,
        0,
        0,
        0,
        1,
        1,
        1,
        1,
        1,
        1,
        0,
        1,
        1,
        0
    ],
    "rule2": [
        2
    ],