{
    "fbQuantBase": [
        3,
        5,
        3
    ],
    "fbQuantCrash": [
        1,
        2,
        2,
        1,
        1,
        2,
        1,
        1,
        2,
        1,
        2,
        1,
        2,
        2,
        2,
        2,
        1,
        2,
        2,
        1,
        2,
        1,
        2,
        1,
        1,
        1,
        1,
        1,
        1,
        1,
        1,
        1,
        1
    ],
    "goalProgCrashThreshold": [
        0.26674254358388616,
        0.9805684038147255,
        0.49805319147267024,
        0.8634817549362086,
        0.5051168841926318,
        0.23554380228282082,
        0.24287346845605687,
        0.6527995223890362,
        0.6773307032609788,
        0.5649063523169373,
        0.44161423159629715,
        0.36016814853517903,
        0.24311062401960878,
        0.5900965747130282,
        0.24736937610877874,
        0.25371551853312213,
        0.5654586350366646,
        0.35650586014327557,
        0.3578537957460137,
        0.48225012314341886,
        0.2632511740931691,
        0.5173507989122328,
        0.259353237716744,
        0.39091334547225254,
        0.8058329406195666,
        0.9711591454408208,
        0.5848647577446,
        0.7651567192642543,
        0.9356394439065923,
        0.4463099811415682,
        0.6334474713705258,
        0.7751549419672188,
        0.8805464113641408
    ],
    "stim0": [
        0,
        0,
        3,
        0,
        2,
        0,
        3,
        2,
        1,
        1,
        3,
        0,
        0,
        1,
        1,
        0,
        1,
        3,
        1,
        2,
        0,
        1,
        2,
        2,
        0,
        2,
        3,
        3,
        3,
        3,
        3,
        3,
        2,
        3,
        3,
        1,
        0,
        0,
        3,
        2,
        0,
        0,
        3,
        1,
        2,
        2,
        0,
        3,
        3,
        3,
        1,
        3,
        2,
        1,
        2,
        3,
        3,
        2,
        0,
        2,
        0,
        0,
        3,
        1,
        2,
        2,
        1,
        0,
        3,
        1,
        1,
        3,
        3,
        1,
        1,
        0,
        1,
        1,
        0,
        1,
        0,
        0,
        2,
        2,
        3,
        1,
        0,
        0,
        2,
        3,
        2,
        2,
        0,
        1,
        1,
        0,
        2,
        0,
        2
    ],
    "size0": [
        18,
        15,
        10
    ],
    "rule0": [
        3
    ],
    "corKey0": [
        0,
        0,
        1,
        0,
        1,
        0,
        1,
        1,
        0,
        0,
        1,
        0,
        0,
        0,
        0,
        0,
        0,
        1,
        0,
        1,
        0,
        0,
        1,
        1,
        0,
        1,
        1,
        1,
        1,
        1,
        1,
        1,
        1,
        1,
        1,
        0,
        0,
        0,
        1,
        1,
        0,
        0,
        1,
        0,
        1,
        1,
        0,
        1,
        1,
        1,
        0,
        1,
        1,
        0,
        1,
        1,
        1,
        1,
        0,
        1,
        0,
        0,
        1,
        0,
        1,
        1,
        0,
        0,
        1,
        0,
        0,
        1,
        1,
        0,
        0,
        0,
        0,
        0,
        0,
        0,
        0,
        0,
        1,
        1,
        1,
        0,
        0,
        0,
        1,
        1,
        1,
        1,
        0,
        0,
        0,
        0,
        1,
        0,
        1
    ],
    "size1": [
        17,
        17,
        13
    ],
    "rule1": [
        1
    ],
    "corKey1": [
        1,
        1,
        0,
        1,
        1,
        1,
        0,
        1,
        0,
        0,
        0,
        1,
        1,
        0,
        0,
        1,
        0,
        0,
        0,
        1,
        1,
        0,
        1,
        1,
        1,
        1,
        0,
        0,
        0,
        0,
        0,
        0,
        1,
        0,
        0,
        0,
        1,
        1,
        0,
        1,
        1,
        1,
        0,
        0,
        1,
        1,
        1,
        0,
        0,
        0,
        0,
        0,
        1,
        0,
        1,
        0,
        0,
        1,
        1,
        1,
        1,
        1,
        0,
        0,
        1,
        1,
        0,
        1,
        0,
        0,
        0,
        0,
        0,
        0,
        0,
        1,
        0,
        0,
        1,
        0,
        1,
        1,
        1,
        1,
        0,
        0,
        1,
        1,
        1,
        0,
        1,
        1,
        1,
        0,
        0,
        1,
        1,
        1,
        1
    ],
    "size2": [
        12,
        15,
        19
    ],
    "rule2": [
        1
    ],
    "corKey2": [
        1,
        1,
        0,
        1,
        1,
        1,
        0,
        1,
        0,
        0,
        0,
        1,
        1,
        0,
        0,
        1,
        0,
        0,
        0,
        1,
        1,
        0,
        1,
        1,
        1,
        1,
        0,
        0,
        0,
        0,
        0,
        0,
        1,
        0,
        0,
        0,
        1,
        1,
        0,
        1,
        1,
        1,
        0,
        0,
        1,
        1,
        1,
        0,
        0,
        0,
        0,
        0,
        1,
        0,
        1,
        0,
        0,
        1,
        1,
        1,
        1,
        1,
        0,
        0,
        1,
        1,
        0,
        1,
        0,
        0,
        0,
        0,
        0,
        0,
        0,
        1,
        0,
        0,
        1,
        0,
        1,
        1,
        1,
        1,
        0,
        0,
        1,
        1,
        1,
        0,
        1,
        1,
        1,
        0,
        0,
        1,
        1,
        1,
        1
    ],
    "size3": [
        20,
        17,
        19
    ],
    "rule3": [
        3
    ],
    "corKey3": [
        0,
        0,
        1,
        0,
        1,
        0,
        1,
        1,
        0,
        0,
        1,
        0,
        0,
        0,
        0,
        0,
        0,
        1,
        0,
        1,
        0,
        0,
        1,
        1,
        0,
        1,
        1,
        1,
        1,
        1,
        1,
        1,
        1,
        1,
        1,
        0,
        0,
        0,
        1,
        1,
        0,
        0,
        1,
        0,
        1,
        1,
        0,
        1,
        1,
        1,
        0,
        1,
        1,
        0,
        1,
        1,
        1,
        1,
        0,
        1,
        0,
        0,
        1,
        0,
        1,
        1,
        0,
        0,
        1,
        0,
        0,
        1,
        1,
        0,
        0,
        0,
        0,
        0,
        0,
        0,
        0,
        0,
        1,
        1,
        1,
        0,
        0,
        0,
        1,
        1,
        1,
        1,
        0,
        0,
        0,
        0,
        1,
        0,
        1
    ],