{
    "fbQuantBase": [
        3,
        5,
        3
    ],
    "size0": [
        10,
        16,
        10
    ],
    "size1": [
        10,
        16,
        10
    ],
    "size2": [
        10,
        16,
        10
    ],
    "size3": [
        10,
        16,
        10
    ],
    "fbQuantCrash": [
        1,
        2,
        1,
        2,
        2,
        1,
        2,
        1,
        2,
        1,
        2,
        2,
        2,
        1,
        2,
        2,
        1,
        1,
        2,
        1,
        2,
        1,
        2,
        1,
        1,
        2,
        1,
        2,
        2,
        1,
        1,
        1,
        1,
        1,
        1,
        1,
        1,
        2,
        1,
        1,
        2,
        1,
        1,
        1,
        1,
        2,
        2,
        1,
        2,
        2,
        1,
        1,
        2,
        1,
        2,
        1,
        2,
        1,
        2,
        1,
        2,
        1,
        1,
        1,
        1,
        1,
        1,
        2,
        1,
        2,
        1,
        1,
        1,
        1,
        1,
        1,
        1,
        1,
        2,
        1,
        1,
        1,
        2,
        2,
        1,
        1,
        1,
        2,
        1,
        1,
        2,
        1,
        1,
        2,
        2,
        1,
        2,
        2,
        1,
        1
    ],
    "goalProgCrashThreshold": [
        0.9777009120471123,
        0.5525168419986408,
        0.49525373423553565,
        0.9992680629870629,
        0.6438791555581199,
        0.9186621664707573,
        0.9750327584238623,
        0.6182592877672903,
        0.31964207735863925,
        0.3603828709165,
        0.32934247328348293,
        0.6522167076580906,
        0.8177872094340839,
        0.28798923896652956,
        0.8865892538938904,
        0.3289975167063266,
        0.20793807747015194,
        0.3920216398436763,
        0.9614124579323764,
        0.9014143815122924,
        0.4754908999135543,
        0.20678333292973347,
        0.43612608420445875,
        0.2659761588434405,
        0.797162891983743,
        0.27295078587310784,
        0.9699703550550209,
        0.604415182726855,
        0.7054410090333201,
        0.47900690139391255,
        0.36628458559277366,
        0.3688795029666177,
        0.9560161330422388,
        0.9895787937043581,
        0.9955978758247752,
        0.7964208113367903,
        0.25045024752396383,
        0.8008064473505421,
        0.6013213096492029,
        0.4500240630847667,
        0.8092917967364437,
        0.9858109952647287,
        0.5722683393298749,
        0.6933466476732799,
        0.3084521061854261,
        0.2150709411730845,
        0.4540120332391533,
        0.7628670861128368,
        0.8673313740166979,
        0.7964856134976162,
        0.7524267914806351,
        0.978944720384815,
        0.7190827810539142,
        0.6925639008274578,
        0.5501691624389753,
        0.4272929255582771,
        0.6862870853867551,
        0.22428546881818417,
        0.3971228430302512,
        0.7581837896465702,
        0.26742413626597605,
        0.7179108546426978,
        0.6006162582857102,
        0.4115687237222281,
        0.7528708013091865,
        0.8904544918704367,
        0.40983570543145115,
        0.3147591595729511,
        0.8118554015696364,
        0.4451806272670692,
        0.9989873898846275,
        0.8576296029331709,
        0.48049922248751964,
        0.9332802670800986,
        0.30921390057776377,
        0.5306360569150727,
        0.9113942337189611,
        0.8827286156834484,
        0.7193168237015843,
        0.6853306453398147,
        0.7552127729700069,
        0.6272240182081081,
        0.38479260010582766,
        0.6340152747778798,
        0.6804466175902173,
        0.6969099581550898,
        0.9788852988333347,
        0.9102869048162343,
        0.7575905782522117,
        0.7247615075418576,
        0.7230942670018503,
        0.6977460070574479,
        0.46417292630206924,
        0.3234714561624814,
        0.874913753565504,
        0.7817087477813105,
        0.2951352303378647,
        0.23707407169684525,
        0.24739535635253143,
        0.7501444011243388
    ],
    "stim0": [
        1,
        2,
        2,
        1,
        0,
        3,
        1,
        0,
        0,
        0,
        2,
        1,
        0,
        0,
        2,
        0,
        0,
        2,
        3,
        1,
        0,
        2,
        3,
        3,
        1,
        3,
        2,
        2,
        2,
        1,
        1,
        2,
        0,
        3,
        0,
        0,
        1,
        0,
        2,
        3,
        2,
        3,
        3,
        2,
        2,
        3,
        3,
        3,
        2,
        0,
        1,
        2,
        0,
        1,
        1,
        2,
        3,
        2,
        1,
        2,
        1,
        3,
        0,
        2,
        3,
        3,
        3,
        2,
        2,
        0,
        1,
        1,
        0,
        3,
        0,
        0,
        3,
        0,
        2,
        0,
        2,
        3,
        1,
        1,
        0,
        1,
        3,
        1,
        3,
        1,
        1,
        2,
        1,
        3,
        2,
        3,
        2,
        3,
        3,
        0
    ],
    "rule0": [
        3
    ],
    "corKey0": [
        0,
        1,
        1,
        0,
        0,
        1,
        0,
        0,
        0,
        0,
        1,
        0,
        0,
        0,
        1,
        0,
        0,
        1,
        1,
        0,
        0,
        1,
        1,
        1,
        0,
        1,
        1,
        1,
        1,
        0,
        0,
        1,
        0,
        1,
        0,
        0,
        0,
        0,
        1,
        1,
        1,
        1,
        1,
        1,
        1,
        1,
        1,
        1,
        1,
        0,
        0,
        1,
        0,
        0,
        0,
        1,
        1,
        1,
        0,
        1,
        0,
        1,
        0,
        1,
        1,
        1,
        1,
        1,
        1,
        0,
        0,
        0,
        0,
        1,
        0,
        0,
        1,
        0,
        1,
        0,
        1,
        1,
        0,
        0,
        0,
        0,
        1,
        0,
        1,
        0,
        0,
        1,
        0,
        1,
        1,
        1,
        1,
        1,
        1,
        0
    ],
    "rule1": [
        0
    ],
    "corKey1": [
        1,
        0,
        0,
        1,
        0,
        1,
        1,
        0,
        0,
        0,
        0,
        1,
        0,
        0,
        0,
        0,
        0,
        0,
        1,
        1,
        0,
        0,
        1,
        1,
        1,
        1,
        0,
        0,
        0,
        1,
        1,
        0,
        0,
        1,
        0,
        0,
        1,
        0,
        0,
        1,
        0,
        1,
        1,
        0,
        0,
        1,
        1,
        1,
        0,
        0,
        1,
        0,
        0,
        1,
        1,
        0,
        1,
        0,
        1,
        0,
        1,
        1,
        0,
        0,
        1,
        1,
        1,
        0,
        0,
        0,
        1,
        1,
        0,
        1,
        0,
        0,
        1,
        0,
        0,
        0,
        0,
        1,
        1,
        1,
        0,
        1,
        1,
        1,
        1,
        1,
        1,
        0,
        1,
        1,
        0,
        1,
        0,
        1,
        1,
        0
    ],
    "rule2": [
        0
    ],